order_id,platform,sku_code,product_name,category,order_value,shipping_fee,seller_voucher,platform_fee,order_status,transaction_date,review_score,review_text
ORD-20260001,TikTok Shop,SKU-KCT-001,Serum Wajah Brightening Vitamin C,Kecantikan,600152,29537,5000,24006,COMPLETED,2026-05-06 00:00:00,4,"Kualitas ok sesuai harga, barang berfungsi dengan baik."
ORD-20260002,Lazada,SKU-FSH-002,Kemeja Flanel Kotak Lengan Panjang,Fashion,73939,10015,5000,2957,COMPLETED,2026-08-11 00:00:00,4,"Kualitas ok sesuai harga, barang berfungsi dengan baik."
ORD-20260003,Lazada,SKU-FSH-001,Kaos Polos Cotton Combed 30s,Fashion,617397,21924,5000,24695,COMPLETED,2026-08-17 00:00:00,5,"Sangat puas belanja di toko ini, seller ramah dan responsif."
ORD-20260004,TikTok Shop,SKU-FSH-001,Kaos Polos Cotton Combed 30s,Fashion,177057,21518,25000,7082,COMPLETED,2026-02-27 00:00:00,4,"Sangat puas belanja di toko ini, seller ramah dan responsif."
ORD-20260005,Shopee,SKU-FSH-002,Kemeja Flanel Kotak Lengan Panjang,Fashion,181660,18083,25000,7266,CANCELLED,2026-08-12 00:00:00,,
ORD-20260006,TikTok Shop,SKU-ELC-001,Headset Bluetooth Wireless TWS,Elektronik,489524,28797,25000,19580,COMPLETED,2026-06-01 00:00:00,5,"Barang original 100%, mantap recommended seller!"
ORD-20260007,Tokopedia,SKU-ELC-001,Headset Bluetooth Wireless TWS,Elektronik,635838,15962,0,25433,COMPLETED,2026-05-15 00:00:00,5,"Kualitas ok sesuai harga, barang berfungsi dengan baik."
ORD-20260008,Tokopedia,SKU-KCT-001,Serum Wajah Brightening Vitamin C,Kecantikan,424483,11875,25000,16979,COMPLETED,2026-07-01 00:00:00,5,"Produk bagus banget, pengiriman cepat dan packing rapi!"
ORD-20260009,TikTok Shop,SKU-FSH-001,Kaos Polos Cotton Combed 30s,Fashion,583004,14123,25000,23320,COMPLETED,2026-07-15 00:00:00,5,"Produk bagus banget, pengiriman cepat dan packing rapi!"
ORD-20260010,TikTok Shop,SKU-ELC-002,Powerbank Fast Charging 10000mAh,Elektronik,85754,18066,15000,3430,COMPLETED,2026-07-06 00:00:00,5,"Produk bagus banget, pengiriman cepat dan packing rapi!"
ORD-20260011,Tokopedia,SKU-KCT-002,Sunscreen Gel SPF 50 PA++++,Kecantikan,706254,10974,25000,28250,COMPLETED,2026-03-25 00:00:00,5,"Produk bagus banget, pengiriman cepat dan packing rapi!"
ORD-20260012,Tokopedia,SKU-FSH-002,Kemeja Flanel Kotak Lengan Panjang,Fashion,731406,24333,10000,29256,COMPLETED,2026-05-14 00:00:00,5,"Barang original 100%, mantap recommended seller!"
ORD-20260013,Tokopedia,SKU-ELC-002,Powerbank Fast Charging 10000mAh,Elektronik,76558,18803,15000,3062,CANCELLED,2026-04-24 00:00:00,,
ORD-20260014,Tokopedia,SKU-ELC-001,Headset Bluetooth Wireless TWS,Elektronik,457864,33039,0,18314,COMPLETED,2026-05-07 00:00:00,3,"Biasa saja, pengiriman agak lama."
ORD-20260015,Tokopedia,SKU-ELC-001,Headset Bluetooth Wireless TWS,Elektronik,738086,28991,15000,29523,RETURNED,2026-06-25 00:00:00,2,"Pengiriman lama sekali, kemasan penyok dan barang agak lecet."
ORD-20260016,Shopee,SKU-ELC-002,Powerbank Fast Charging 10000mAh,Elektronik,152709,16480,15000,6108,RETURNED,2026-06-17 00:00:00,1,"Bahan tipis tidak sesuai deskripsi produk, ajukan retur."
ORD-20260017,Shopee,SKU-ELC-002,Powerbank Fast Charging 10000mAh,Elektronik,322722,21159,15000,12908,COMPLETED,2026-03-11 00:00:00,5,"Barang original 100%, mantap recommended seller!"
ORD-20260018,Tokopedia,SKU-FSH-001,Kaos Polos Cotton Combed 30s,Fashion,214170,27516,5000,8566,COMPLETED,2026-01-03 00:00:00,5,"Barang original 100%, mantap recommended seller!"
ORD-20260019,Lazada,SKU-ELC-001,Headset Bluetooth Wireless TWS,Elektronik,718911,31159,10000,28756,COMPLETED,2026-08-30 00:00:00,5,"Produk bagus banget, pengiriman cepat dan packing rapi!"
ORD-20260020,Tokopedia,SKU-ELC-002,Powerbank Fast Charging 10000mAh,Elektronik,329179,28071,10000,13167,COMPLETED,2026-03-12 00:00:00,5,"Produk bagus banget, pengiriman cepat dan packing rapi!"
ORD-20260021,Lazada,SKU-KCT-002,Sunscreen Gel SPF 50 PA++++,Kecantikan,427142,15772,0,17085,COMPLETED,2026-04-05 00:00:00,5,"Barang original 100%, mantap recommended seller!"
ORD-20260022,TikTok Shop,SKU-FSH-002,Kemeja Flanel Kotak Lengan Panjang,Fashion,73554,10246,15000,2942,COMPLETED,2026-04-15 00:00:00,3,"Biasa saja, pengiriman agak lama."
ORD-20260023,Lazada,SKU-KSH-001,Minyak Angin Aromatheraphy 10ml,Kesehatan,557674,25864,5000,22306,COMPLETED,2026-02-10 00:00:00,4,"Barang original 100%, mantap recommended seller!"
ORD-20260024,Lazada,SKU-KSH-001,Minyak Angin Aromatheraphy 10ml,Kesehatan,352038,22935,5000,14081,COMPLETED,2026-06-07 00:00:00,4,"Barang original 100%, mantap recommended seller!"
ORD-20260025,Tokopedia,SKU-ELC-002,Powerbank Fast Charging 10000mAh,Elektronik,554532,15895,0,22181,CANCELLED,2026-03-15 00:00:00,,
ORD-20260026,TikTok Shop,SKU-FSH-002,Kemeja Flanel Kotak Lengan Panjang,Fashion,722258,13516,0,28890,COMPLETED,2026-06-09 00:00:00,5,"Kualitas ok sesuai harga, barang berfungsi dengan baik."
ORD-20260027,Lazada,SKU-ELC-001,Headset Bluetooth Wireless TWS,Elektronik,450018,14344,10000,18000,COMPLETED,2026-06-18 00:00:00,5,"Sangat puas belanja di toko ini, seller ramah dan responsif."
ORD-20260028,Tokopedia,SKU-ELC-001,Headset Bluetooth Wireless TWS,Elektronik,654995,20377,5000,26199,CANCELLED,2026-03-24 00:00:00,,
ORD-20260029,Shopee,SKU-FSH-001,Kaos Polos Cotton Combed 30s,Fashion,692171,32322,25000,27686,COMPLETED,2026-03-12 00:00:00,5,"Kualitas ok sesuai harga, barang berfungsi dengan baik."
ORD-20260030,Lazada,SKU-FSH-002,Kemeja Flanel Kotak Lengan Panjang,Fashion,527621,18561,15000,21104,RETURNED,2026-07-16 00:00:00,1,"Bahan tipis tidak sesuai deskripsi produk, ajukan retur."
ORD-20260031,Shopee,SKU-ELC-001,Headset Bluetooth Wireless TWS,Elektronik,626930,12422,5000,25077,COMPLETED,2026-02-27 00:00:00,5,"Sangat puas belanja di toko ini, seller ramah dan responsif."
ORD-20260032,Tokopedia,SKU-KCT-001,Serum Wajah Brightening Vitamin C,Kecantikan,49363,19767,5000,1974,COMPLETED,2026-01-07 00:00:00,5,"Sangat puas belanja di toko ini, seller ramah dan responsif."
ORD-20260033,Tokopedia,SKU-KCT-002,Sunscreen Gel SPF 50 PA++++,Kecantikan,43864,25146,0,1754,RETURNED,2026-02-24 00:00:00,1,"Bahan tipis tidak sesuai deskripsi produk, ajukan retur."
ORD-20260034,Shopee,SKU-KCT-001,Serum Wajah Brightening Vitamin C,Kecantikan,77792,24935,15000,3111,COMPLETED,2026-04-07 00:00:00,4,"Produk bagus banget, pengiriman cepat dan packing rapi!"
ORD-20260035,Lazada,SKU-FSH-001,Kaos Polos Cotton Combed 30s,Fashion,730315,21793,0,29212,COMPLETED,2026-07-16 00:00:00,3,"Biasa saja, pengiriman agak lama."
ORD-20260036,TikTok Shop,SKU-ELC-001,Headset Bluetooth Wireless TWS,Elektronik,365704,32214,15000,14628,COMPLETED,2026-05-20 00:00:00,5,"Sangat puas belanja di toko ini, seller ramah dan responsif."
ORD-20260037,Lazada,SKU-KCT-002,Sunscreen Gel SPF 50 PA++++,Kecantikan,719654,28060,10000,28786,COMPLETED,2026-09-02 00:00:00,5,"Sangat puas belanja di toko ini, seller ramah dan responsif."
ORD-20260038,Lazada,SKU-KCT-001,Serum Wajah Brightening Vitamin C,Kecantikan,190706,17844,5000,7628,COMPLETED,2026-08-01 00:00:00,5,"Produk bagus banget, pengiriman cepat dan packing rapi!"
ORD-20260039,Lazada,SKU-KSH-001,Minyak Angin Aromatheraphy 10ml,Kesehatan,385826,17063,10000,15433,CANCELLED,2026-02-09 00:00:00,,
ORD-20260040,TikTok Shop,SKU-FSH-001,Kaos Polos Cotton Combed 30s,Fashion,248516,25874,15000,9940,COMPLETED,2026-02-23 00:00:00,3,"Biasa saja, pengiriman agak lama."
ORD-20260041,TikTok Shop,SKU-PRM-001,Wajan Anti Lengket Granite 24cm,Perlengkapan Rumah,262690,18339,15000,10507,COMPLETED,2026-05-22 00:00:00,3,"Biasa saja, pengiriman agak lama."
ORD-20260042,Shopee,SKU-PRM-001,Wajan Anti Lengket Granite 24cm,Perlengkapan Rumah,683568,31918,5000,27342,CANCELLED,2026-05-19 00:00:00,,
ORD-20260043,Lazada,SKU-FSH-001,Kaos Polos Cotton Combed 30s,Fashion,682411,12387,25000,27296,COMPLETED,2026-06-16 00:00:00,5,"Produk bagus banget, pengiriman cepat dan packing rapi!"
ORD-20260044,Lazada,SKU-ELC-002,Powerbank Fast Charging 10000mAh,Elektronik,314936,28425,10000,12597,COMPLETED,2026-01-10 00:00:00,4,"Barang original 100%, mantap recommended seller!"
ORD-20260045,Tokopedia,SKU-PRM-001,Wajan Anti Lengket Granite 24cm,Perlengkapan Rumah,47531,17808,25000,1901,COMPLETED,2026-05-23 00:00:00,5,"Kualitas ok sesuai harga, barang berfungsi dengan baik."
ORD-20260046,TikTok Shop,SKU-ELC-001,Headset Bluetooth Wireless TWS,Elektronik,693774,14967,10000,27750,COMPLETED,2026-07-27 00:00:00,5,"Produk bagus banget, pengiriman cepat dan packing rapi!"
ORD-20260047,Lazada,SKU-FSH-002,Kemeja Flanel Kotak Lengan Panjang,Fashion,314659,14800,15000,12586,COMPLETED,2026-02-11 00:00:00,4,"Sangat puas belanja di toko ini, seller ramah dan responsif."
ORD-20260048,TikTok Shop,SKU-ELC-001,Headset Bluetooth Wireless TWS,Elektronik,334381,33902,15000,13375,COMPLETED,2026-05-15 00:00:00,5,"Barang original 100%, mantap recommended seller!"
ORD-20260049,Tokopedia,SKU-KSH-001,Minyak Angin Aromatheraphy 10ml,Kesehatan,747989,31614,5000,29919,COMPLETED,2026-01-14 00:00:00,5,"Produk bagus banget, pengiriman cepat dan packing rapi!"
ORD-20260050,Shopee,SKU-KCT-001,Serum Wajah Brightening Vitamin C,Kecantikan,303101,13744,25000,12124,CANCELLED,2026-04-17 00:00:00,,
ORD-20260051,Lazada,SKU-PRM-001,Wajan Anti Lengket Granite 24cm,Perlengkapan Rumah,595992,16124,15000,23839,COMPLETED,2026-04-21 00:00:00,3,"Biasa saja, pengiriman agak lama."
ORD-20260052,Lazada,SKU-FSH-002,Kemeja Flanel Kotak Lengan Panjang,Fashion,469981,24834,15000,18799,RETURNED,2026-04-24 00:00:00,2,"Barang mati total saat diterima, respon garansi lambat!"
ORD-20260053,Tokopedia,SKU-ELC-001,Headset Bluetooth Wireless TWS,Elektronik,196286,11034,25000,7851,CANCELLED,2026-06-16 00:00:00,,
ORD-20260054,Tokopedia,SKU-FSH-002,Kemeja Flanel Kotak Lengan Panjang,Fashion,711347,29962,0,28453,CANCELLED,2026-01-30 00:00:00,,
ORD-20260055,TikTok Shop,SKU-KCT-001,Serum Wajah Brightening Vitamin C,Kecantikan,328823,10171,15000,13152,COMPLETED,2026-04-08 00:00:00,3,"Biasa saja, pengiriman agak lama."
ORD-20260056,Shopee,SKU-KCT-001,Serum Wajah Brightening Vitamin C,Kecantikan,675970,26918,10000,27038,COMPLETED,2026-06-25 00:00:00,3,"Biasa saja, pengiriman agak lama."
ORD-20260057,Shopee,SKU-FSH-001,Kaos Polos Cotton Combed 30s,Fashion,545614,10062,5000,21824,RETURNED,2026-07-28 00:00:00,2,"Ukuran baju terlalu kecil dan jahitan tidak rapi, kecewa."
ORD-20260058,Tokopedia,SKU-KSH-001,Minyak Angin Aromatheraphy 10ml,Kesehatan,328659,22642,0,13146,CANCELLED,2026-04-15 00:00:00,,
ORD-20260059,Tokopedia,SKU-ELC-001,Headset Bluetooth Wireless TWS,Elektronik,585689,30463,5000,23427,COMPLETED,2026-06-29 00:00:00,5,"Sangat puas belanja di toko ini, seller ramah dan responsif."
ORD-20260060,Tokopedia,SKU-KSH-001,Minyak Angin Aromatheraphy 10ml,Kesehatan,184124,31264,5000,7364,COMPLETED,2026-04-04 00:00:00,4,"Sangat puas belanja di toko ini, seller ramah dan responsif."
ORD-20260061,Shopee,SKU-KSH-001,Minyak Angin Aromatheraphy 10ml,Kesehatan,63263,23434,10000,2530,COMPLETED,2026-06-08 00:00:00,4,"Sangat puas belanja di toko ini, seller ramah dan responsif."
ORD-20260062,Tokopedia,SKU-FSH-001,Kaos Polos Cotton Combed 30s,Fashion,410865,18063,15000,16434,COMPLETED,2026-01-11 00:00:00,5,"Barang original 100%, mantap recommended seller!"
ORD-20260063,Shopee,SKU-ELC-001,Headset Bluetooth Wireless TWS,Elektronik,66310,13253,5000,2652,COMPLETED,2026-01-26 00:00:00,5,"Sangat puas belanja di toko ini, seller ramah dan responsif."
ORD-20260064,Shopee,SKU-KSH-001,Minyak Angin Aromatheraphy 10ml,Kesehatan,456609,17870,5000,18264,RETURNED,2026-03-07 00:00:00,1,"Barang mati total saat diterima, respon garansi lambat!"
ORD-20260065,Shopee,SKU-ELC-001,Headset Bluetooth Wireless TWS,Elektronik,508884,34115,10000,20355,RETURNED,2026-07-17 00:00:00,1,"Pengiriman lama sekali, kemasan penyok dan barang agak lecet."
ORD-20260066,TikTok Shop,SKU-FSH-001,Kaos Polos Cotton Combed 30s,Fashion,332643,20733,10000,13305,COMPLETED,2026-08-29 00:00:00,4,"Sangat puas belanja di toko ini, seller ramah dan responsif."
ORD-20260067,Lazada,SKU-FSH-001,Kaos Polos Cotton Combed 30s,Fashion,102499,18782,10000,4099,COMPLETED,2026-06-22 00:00:00,3,"Biasa saja, pengiriman agak lama."
ORD-20260068,Tokopedia,SKU-KSH-001,Minyak Angin Aromatheraphy 10ml,Kesehatan,575619,27984,5000,23024,COMPLETED,2026-03-19 00:00:00,5,"Barang original 100%, mantap recommended seller!"
ORD-20260069,Tokopedia,SKU-ELC-001,Headset Bluetooth Wireless TWS,Elektronik,128907,26366,25000,5156,COMPLETED,2026-03-01 00:00:00,5,"Barang original 100%, mantap recommended seller!"
ORD-20260070,Lazada,SKU-KCT-001,Serum Wajah Brightening Vitamin C,Kecantikan,458067,10742,5000,18322,COMPLETED,2026-01-16 00:00:00,5,"Sangat puas belanja di toko ini, seller ramah dan responsif."
ORD-20260071,Lazada,SKU-KCT-002,Sunscreen Gel SPF 50 PA++++,Kecantikan,266339,29827,0,10653,RETURNED,2026-07-12 00:00:00,1,"Pengiriman lama sekali, kemasan penyok dan barang agak lecet."
ORD-20260072,TikTok Shop,SKU-ELC-001,Headset Bluetooth Wireless TWS,Elektronik,342590,15793,5000,13703,COMPLETED,2026-03-26 00:00:00,3,"Biasa saja, pengiriman agak lama."
ORD-20260073,TikTok Shop,SKU-ELC-001,Headset Bluetooth Wireless TWS,Elektronik,697036,10481,15000,27881,COMPLETED,2026-01-29 00:00:00,3,"Biasa saja, pengiriman agak lama."
ORD-20260074,Tokopedia,SKU-ELC-002,Powerbank Fast Charging 10000mAh,Elektronik,319690,10721,15000,12787,COMPLETED,2026-08-05 00:00:00,5,"Kualitas ok sesuai harga, barang berfungsi dengan baik."
ORD-20260075,Shopee,SKU-KCT-002,Sunscreen Gel SPF 50 PA++++,Kecantikan,739381,18430,15000,29575,COMPLETED,2026-04-22 00:00:00,4,"Barang original 100%, mantap recommended seller!"
ORD-20260076,Shopee,SKU-KCT-001,Serum Wajah Brightening Vitamin C,Kecantikan,129633,28600,10000,5185,COMPLETED,2026-01-09 00:00:00,3,"Biasa saja, pengiriman agak lama."
ORD-20260077,TikTok Shop,SKU-ELC-002,Powerbank Fast Charging 10000mAh,Elektronik,505348,15751,10000,20213,RETURNED,2026-06-04 00:00:00,2,"Barang mati total saat diterima, respon garansi lambat!"
ORD-20260078,Tokopedia,SKU-KCT-001,Serum Wajah Brightening Vitamin C,Kecantikan,422947,16145,15000,16917,RETURNED,2026-04-28 00:00:00,2,"Pengiriman lama sekali, kemasan penyok dan barang agak lecet."
ORD-20260079,Lazada,SKU-FSH-002,Kemeja Flanel Kotak Lengan Panjang,Fashion,558748,32429,25000,22349,COMPLETED,2026-06-05 00:00:00,3,"Biasa saja, pengiriman agak lama."
ORD-20260080,Tokopedia,SKU-FSH-001,Kaos Polos Cotton Combed 30s,Fashion,108773,19243,15000,4350,COMPLETED,2026-04-26 00:00:00,3,"Biasa saja, pengiriman agak lama."
ORD-20260081,TikTok Shop,SKU-PRM-001,Wajan Anti Lengket Granite 24cm,Perlengkapan Rumah,257941,13795,0,10317,COMPLETED,2026-08-13 00:00:00,3,"Biasa saja, pengiriman agak lama."
ORD-20260082,Tokopedia,SKU-ELC-001,Headset Bluetooth Wireless TWS,Elektronik,580330,33431,0,23213,COMPLETED,2026-09-06 00:00:00,4,"Sangat puas belanja di toko ini, seller ramah dan responsif."
ORD-20260083,Lazada,SKU-KCT-002,Sunscreen Gel SPF 50 PA++++,Kecantikan,291340,16460,10000,11653,CANCELLED,2026-03-19 00:00:00,,
ORD-20260084,TikTok Shop,SKU-KCT-001,Serum Wajah Brightening Vitamin C,Kecantikan,157001,19461,25000,6280,COMPLETED,2026-05-09 00:00:00,5,"Kualitas ok sesuai harga, barang berfungsi dengan baik."
ORD-20260085,Tokopedia,SKU-KCT-002,Sunscreen Gel SPF 50 PA++++,Kecantikan,327981,22425,15000,13119,RETURNED,2026-08-23 00:00:00,1,"Ukuran baju terlalu kecil dan jahitan tidak rapi, kecewa."
ORD-20260086,TikTok Shop,SKU-KCT-002,Sunscreen Gel SPF 50 PA++++,Kecantikan,441540,18368,10000,17661,CANCELLED,2026-08-12 00:00:00,,
ORD-20260087,TikTok Shop,SKU-FSH-002,Kemeja Flanel Kotak Lengan Panjang,Fashion,487681,21816,10000,19507,COMPLETED,2026-06-19 00:00:00,4,"Barang original 100%, mantap recommended seller!"
ORD-20260088,TikTok Shop,SKU-ELC-002,Powerbank Fast Charging 10000mAh,Elektronik,426058,10635,5000,17042,COMPLETED,2026-07-26 00:00:00,5,"Sangat puas belanja di toko ini, seller ramah dan responsif."
ORD-20260089,Lazada,SKU-ELC-002,Powerbank Fast Charging 10000mAh,Elektronik,85628,28731,10000,3425,CANCELLED,2026-05-16 00:00:00,,
ORD-20260090,Shopee,SKU-PRM-001,Wajan Anti Lengket Granite 24cm,Perlengkapan Rumah,355883,34754,10000,14235,COMPLETED,2026-04-30 00:00:00,5,"Barang original 100%, mantap recommended seller!"
ORD-20260091,Tokopedia,SKU-FSH-002,Kemeja Flanel Kotak Lengan Panjang,Fashion,104648,26291,0,4185,COMPLETED,2026-03-20 00:00:00,3,"Biasa saja, pengiriman agak lama."
ORD-20260092,TikTok Shop,SKU-KCT-002,Sunscreen Gel SPF 50 PA++++,Kecantikan,424775,19809,5000,16991,RETURNED,2026-07-19 00:00:00,1,"Ukuran baju terlalu kecil dan jahitan tidak rapi, kecewa."
ORD-20260093,TikTok Shop,SKU-KCT-001,Serum Wajah Brightening Vitamin C,Kecantikan,650218,16334,15000,26008,CANCELLED,2026-04-25 00:00:00,,
ORD-20260094,Shopee,SKU-PRM-001,Wajan Anti Lengket Granite 24cm,Perlengkapan Rumah,104536,26837,5000,4181,RETURNED,2026-03-24 00:00:00,2,"Bahan tipis tidak sesuai deskripsi produk, ajukan retur."
ORD-20260095,Shopee,SKU-FSH-001,Kaos Polos Cotton Combed 30s,Fashion,234738,24369,10000,9389,CANCELLED,2026-01-25 00:00:00,,
ORD-20260096,TikTok Shop,SKU-FSH-001,Kaos Polos Cotton Combed 30s,Fashion,613742,34721,25000,24549,COMPLETED,2026-08-07 00:00:00,3,"Biasa saja, pengiriman agak lama."
ORD-20260097,Tokopedia,SKU-KCT-002,Sunscreen Gel SPF 50 PA++++,Kecantikan,107901,11919,15000,4316,COMPLETED,2026-08-30 00:00:00,5,"Sangat puas belanja di toko ini, seller ramah dan responsif."
ORD-20260098,Shopee,SKU-KSH-001,Minyak Angin Aromatheraphy 10ml,Kesehatan,49734,17347,25000,1989,COMPLETED,2026-08-01 00:00:00,3,"Biasa saja, pengiriman agak lama."
ORD-20260099,Lazada,SKU-PRM-001,Wajan Anti Lengket Granite 24cm,Perlengkapan Rumah,90382,16373,0,3615,CANCELLED,2026-06-27 00:00:00,,
ORD-20260100,TikTok Shop,SKU-ELC-001,Headset Bluetooth Wireless TWS,Elektronik,279669,26667,25000,11186,COMPLETED,2026-04-20 00:00:00,5,"Kualitas ok sesuai harga, barang berfungsi dengan baik."
ORD-20260101,TikTok Shop,SKU-ELC-001,Headset Bluetooth Wireless TWS,Elektronik,585117,24768,5000,23404,CANCELLED,2026-05-25 00:00:00,,
ORD-20260102,Shopee,SKU-KSH-001,Minyak Angin Aromatheraphy 10ml,Kesehatan,450913,17763,15000,18036,COMPLETED,2026-02-02 00:00:00,5,"Produk bagus banget, pengiriman cepat dan packing rapi!"
ORD-20260103,Tokopedia,SKU-KCT-002,Sunscreen Gel SPF 50 PA++++,Kecantikan,102405,34868,25000,4096,COMPLETED,2026-08-20 00:00:00,3,"Biasa saja, pengiriman agak lama."
ORD-20260104,Shopee,SKU-KCT-002,Sunscreen Gel SPF 50 PA++++,Kecantikan,556446,10847,25000,22257,COMPLETED,2026-06-18 00:00:00,3,"Biasa saja, pengiriman agak lama."
ORD-20260105,Tokopedia,SKU-KCT-001,Serum Wajah Brightening Vitamin C,Kecantikan,123835,12073,25000,4953,COMPLETED,2026-04-07 00:00:00,5,"Produk bagus banget, pengiriman cepat dan packing rapi!"
ORD-20260106,TikTok Shop,SKU-PRM-001,Wajan Anti Lengket Granite 24cm,Perlengkapan Rumah,436810,34846,25000,17472,COMPLETED,2026-06-20 00:00:00,3,"Biasa saja, pengiriman agak lama."
ORD-20260107,Tokopedia,SKU-ELC-002,Powerbank Fast Charging 10000mAh,Elektronik,105241,10492,5000,4209,COMPLETED,2026-02-18 00:00:00,4,"Produk bagus banget, pengiriman cepat dan packing rapi!"
ORD-20260108,TikTok Shop,SKU-ELC-002,Powerbank Fast Charging 10000mAh,Elektronik,69670,34139,0,2786,RETURNED,2026-07-28 00:00:00,1,"Pengiriman lama sekali, kemasan penyok dan barang agak lecet."
ORD-20260109,Tokopedia,SKU-KSH-001,Minyak Angin Aromatheraphy 10ml,Kesehatan,664680,10317,0,26587,COMPLETED,2026-04-22 00:00:00,3,"Biasa saja, pengiriman agak lama."
ORD-20260110,Tokopedia,SKU-KCT-001,Serum Wajah Brightening Vitamin C,Kecantikan,381214,10684,15000,15248,COMPLETED,2026-08-12 00:00:00,5,"Sangat puas belanja di toko ini, seller ramah dan responsif."
ORD-20260111,Lazada,SKU-FSH-001,Kaos Polos Cotton Combed 30s,Fashion,415179,16856,0,16607,RETURNED,2026-03-26 00:00:00,2,"Pengiriman lama sekali, kemasan penyok dan barang agak lecet."
ORD-20260112,Tokopedia,SKU-KSH-001,Minyak Angin Aromatheraphy 10ml,Kesehatan,339722,19606,15000,13588,COMPLETED,2026-04-03 00:00:00,5,"Kualitas ok sesuai harga, barang berfungsi dengan baik."
ORD-20260113,TikTok Shop,SKU-PRM-001,Wajan Anti Lengket Granite 24cm,Perlengkapan Rumah,434987,15611,0,17399,COMPLETED,2026-02-01 00:00:00,3,"Biasa saja, pengiriman agak lama."
ORD-20260114,Tokopedia,SKU-KCT-001,Serum Wajah Brightening Vitamin C,Kecantikan,611339,26544,5000,24453,RETURNED,2026-05-15 00:00:00,1,"Ukuran baju terlalu kecil dan jahitan tidak rapi, kecewa."
ORD-20260115,TikTok Shop,SKU-KCT-002,Sunscreen Gel SPF 50 PA++++,Kecantikan,318799,32616,0,12751,COMPLETED,2026-07-28 00:00:00,4,"Produk bagus banget, pengiriman cepat dan packing rapi!"
ORD-20260116,TikTok Shop,SKU-KCT-002,Sunscreen Gel SPF 50 PA++++,Kecantikan,747995,25737,15000,29919,COMPLETED,2026-03-28 00:00:00,4,"Kualitas ok sesuai harga, barang berfungsi dengan baik."
ORD-20260117,Lazada,SKU-KCT-002,Sunscreen Gel SPF 50 PA++++,Kecantikan,218197,16768,10000,8727,COMPLETED,2026-01-10 00:00:00,5,"Produk bagus banget, pengiriman cepat dan packing rapi!"
ORD-20260118,Lazada,SKU-ELC-002,Powerbank Fast Charging 10000mAh,Elektronik,398655,20481,5000,15946,COMPLETED,2026-06-30 00:00:00,5,"Sangat puas belanja di toko ini, seller ramah dan responsif."
ORD-20260119,Tokopedia,SKU-FSH-001,Kaos Polos Cotton Combed 30s,Fashion,58201,24507,25000,2328,COMPLETED,2026-01-31 00:00:00,5,"Barang original 100%, mantap recommended seller!"
ORD-20260120,Lazada,SKU-KCT-001,Serum Wajah Brightening Vitamin C,Kecantikan,317819,30458,5000,12712,COMPLETED,2026-08-16 00:00:00,5,"Kualitas ok sesuai harga, barang berfungsi dengan baik."
ORD-20260121,TikTok Shop,SKU-FSH-001,Kaos Polos Cotton Combed 30s,Fashion,474730,17722,15000,18989,COMPLETED,2026-05-31 00:00:00,5,"Produk bagus banget, pengiriman cepat dan packing rapi!"
ORD-20260122,Shopee,SKU-ELC-002,Powerbank Fast Charging 10000mAh,Elektronik,144533,33779,25000,5781,COMPLETED,2026-06-02 00:00:00,5,"Kualitas ok sesuai harga, barang berfungsi dengan baik."
ORD-20260123,Tokopedia,SKU-FSH-002,Kemeja Flanel Kotak Lengan Panjang,Fashion,167023,34874,25000,6680,COMPLETED,2026-07-15 00:00:00,4,"Sangat puas belanja di toko ini, seller ramah dan responsif."
ORD-20260124,Tokopedia,SKU-PRM-001,Wajan Anti Lengket Granite 24cm,Perlengkapan Rumah,310873,18143,5000,12434,COMPLETED,2026-01-25 00:00:00,5,"Produk bagus banget, pengiriman cepat dan packing rapi!"
ORD-20260125,Shopee,SKU-KCT-002,Sunscreen Gel SPF 50 PA++++,Kecantikan,645986,24485,5000,25839,COMPLETED,2026-01-13 00:00:00,5,"Sangat puas belanja di toko ini, seller ramah dan responsif."
ORD-20260126,Tokopedia,SKU-KCT-001,Serum Wajah Brightening Vitamin C,Kecantikan,106346,28940,10000,4253,CANCELLED,2026-07-19 00:00:00,,
ORD-20260127,Tokopedia,SKU-KCT-002,Sunscreen Gel SPF 50 PA++++,Kecantikan,475913,20471,5000,19036,COMPLETED,2026-04-11 00:00:00,5,"Kualitas ok sesuai harga, barang berfungsi dengan baik."
ORD-20260128,Tokopedia,SKU-KCT-001,Serum Wajah Brightening Vitamin C,Kecantikan,118940,24856,5000,4757,COMPLETED,2026-01-08 00:00:00,3,"Biasa saja, pengiriman agak lama."
ORD-20260129,Shopee,SKU-KCT-001,Serum Wajah Brightening Vitamin C,Kecantikan,469341,34867,5000,18773,CANCELLED,2026-05-06 00:00:00,,
ORD-20260130,Lazada,SKU-KCT-001,Serum Wajah Brightening Vitamin C,Kecantikan,357163,29678,10000,14286,CANCELLED,2026-01-11 00:00:00,,
ORD-20260131,TikTok Shop,SKU-FSH-002,Kemeja Flanel Kotak Lengan Panjang,Fashion,158014,11101,15000,6320,RETURNED,2026-07-15 00:00:00,1,"Ukuran baju terlalu kecil dan jahitan tidak rapi, kecewa."
ORD-20260132,Tokopedia,SKU-FSH-002,Kemeja Flanel Kotak Lengan Panjang,Fashion,677725,10384,10000,27109,RETURNED,2026-03-06 00:00:00,1,"Pengiriman lama sekali, kemasan penyok dan barang agak lecet."
ORD-20260133,TikTok Shop,SKU-ELC-002,Powerbank Fast Charging 10000mAh,Elektronik,585792,16507,5000,23431,CANCELLED,2026-03-06 00:00:00,,
ORD-20260134,Shopee,SKU-PRM-001,Wajan Anti Lengket Granite 24cm,Perlengkapan Rumah,95542,17907,25000,3821,COMPLETED,2026-05-15 00:00:00,5,"Barang original 100%, mantap recommended seller!"
ORD-20260135,Lazada,SKU-KCT-001,Serum Wajah Brightening Vitamin C,Kecantikan,564414,26652,25000,22576,CANCELLED,2026-04-05 00:00:00,,
ORD-20260136,Tokopedia,SKU-FSH-002,Kemeja Flanel Kotak Lengan Panjang,Fashion,515190,13809,5000,20607,COMPLETED,2026-04-06 00:00:00,5,"Sangat puas belanja di toko ini, seller ramah dan responsif."
ORD-20260137,Tokopedia,SKU-KCT-002,Sunscreen Gel SPF 50 PA++++,Kecantikan,281141,18066,5000,11245,COMPLETED,2026-08-03 00:00:00,4,"Produk bagus banget, pengiriman cepat dan packing rapi!"
ORD-20260138,TikTok Shop,SKU-KCT-002,Sunscreen Gel SPF 50 PA++++,Kecantikan,228072,17965,25000,9122,COMPLETED,2026-05-25 00:00:00,3,"Biasa saja, pengiriman agak lama."
ORD-20260139,Shopee,SKU-ELC-002,Powerbank Fast Charging 10000mAh,Elektronik,167105,24704,0,6684,COMPLETED,2026-05-09 00:00:00,5,"Kualitas ok sesuai harga, barang berfungsi dengan baik."
ORD-20260140,Lazada,SKU-KSH-001,Minyak Angin Aromatheraphy 10ml,Kesehatan,74385,14721,5000,2975,COMPLETED,2026-06-09 00:00:00,4,"Barang original 100%, mantap recommended seller!"
ORD-20260141,Lazada,SKU-KCT-002,Sunscreen Gel SPF 50 PA++++,Kecantikan,337591,24994,10000,13503,CANCELLED,2026-01-31 00:00:00,,
ORD-20260142,Lazada,SKU-FSH-001,Kaos Polos Cotton Combed 30s,Fashion,642565,22983,5000,25702,COMPLETED,2026-07-30 00:00:00,3,"Biasa saja, pengiriman agak lama."
ORD-20260143,TikTok Shop,SKU-KSH-001,Minyak Angin Aromatheraphy 10ml,Kesehatan,407468,21899,25000,16298,COMPLETED,2026-06-15 00:00:00,4,"Sangat puas belanja di toko ini, seller ramah dan responsif."
ORD-20260144,TikTok Shop,SKU-KCT-001,Serum Wajah Brightening Vitamin C,Kecantikan,342309,12611,0,13692,COMPLETED,2026-05-10 00:00:00,5,"Sangat puas belanja di toko ini, seller ramah dan responsif."
ORD-20260145,Tokopedia,SKU-ELC-001,Headset Bluetooth Wireless TWS,Elektronik,630563,26538,5000,25222,COMPLETED,2026-03-09 00:00:00,5,"Kualitas ok sesuai harga, barang berfungsi dengan baik."
ORD-20260146,Lazada,SKU-KSH-001,Minyak Angin Aromatheraphy 10ml,Kesehatan,582221,28662,0,23288,RETURNED,2026-03-08 00:00:00,1,"Barang mati total saat diterima, respon garansi lambat!"
ORD-20260147,Tokopedia,SKU-PRM-001,Wajan Anti Lengket Granite 24cm,Perlengkapan Rumah,132432,32738,15000,5297,RETURNED,2026-07-12 00:00:00,1,"Bahan tipis tidak sesuai deskripsi produk, ajukan retur."
ORD-20260148,Lazada,SKU-KCT-001,Serum Wajah Brightening Vitamin C,Kecantikan,463336,28545,15000,18533,COMPLETED,2026-02-21 00:00:00,5,"Barang original 100%, mantap recommended seller!"
ORD-20260149,TikTok Shop,SKU-KSH-001,Minyak Angin Aromatheraphy 10ml,Kesehatan,279665,25235,0,11186,COMPLETED,2026-05-02 00:00:00,5,"Barang original 100%, mantap recommended seller!"
ORD-20260150,Tokopedia,SKU-KSH-001,Minyak Angin Aromatheraphy 10ml,Kesehatan,174793,29309,5000,6991,CANCELLED,2026-03-31 00:00:00,,
ORD-20260151,Lazada,SKU-KCT-001,Serum Wajah Brightening Vitamin C,Kecantikan,60876,14997,0,2435,CANCELLED,2026-04-03 00:00:00,,
ORD-20260152,TikTok Shop,SKU-KCT-002,Sunscreen Gel SPF 50 PA++++,Kecantikan,120357,12612,15000,4814,CANCELLED,2026-02-16 00:00:00,,
ORD-20260153,Shopee,SKU-PRM-001,Wajan Anti Lengket Granite 24cm,Perlengkapan Rumah,746727,13518,25000,29869,COMPLETED,2026-04-24 00:00:00,3,"Biasa saja, pengiriman agak lama."
ORD-20260154,Lazada,SKU-ELC-002,Powerbank Fast Charging 10000mAh,Elektronik,394716,28400,5000,15788,COMPLETED,2026-03-21 00:00:00,5,"Barang original 100%, mantap recommended seller!"
ORD-20260155,Lazada,SKU-ELC-002,Powerbank Fast Charging 10000mAh,Elektronik,459742,34425,15000,18389,CANCELLED,2026-02-26 00:00:00,,
ORD-20260156,Tokopedia,SKU-FSH-002,Kemeja Flanel Kotak Lengan Panjang,Fashion,456499,28185,25000,18259,COMPLETED,2026-05-15 00:00:00,4,"Kualitas ok sesuai harga, barang berfungsi dengan baik."
ORD-20260157,Shopee,SKU-FSH-001,Kaos Polos Cotton Combed 30s,Fashion,577180,34587,10000,23087,RETURNED,2026-02-14 00:00:00,2,"Barang mati total saat diterima, respon garansi lambat!"
ORD-20260158,TikTok Shop,SKU-KSH-001,Minyak Angin Aromatheraphy 10ml,Kesehatan,190358,31622,15000,7614,COMPLETED,2026-01-26 00:00:00,5,"Produk bagus banget, pengiriman cepat dan packing rapi!"
ORD-20260159,Shopee,SKU-PRM-001,Wajan Anti Lengket Granite 24cm,Perlengkapan Rumah,294655,30022,25000,11786,CANCELLED,2026-06-03 00:00:00,,
ORD-20260160,Tokopedia,SKU-KCT-001,Serum Wajah Brightening Vitamin C,Kecantikan,187380,31987,25000,7495,COMPLETED,2026-08-05 00:00:00,5,"Sangat puas belanja di toko ini, seller ramah dan responsif."
ORD-20260161,Shopee,SKU-ELC-001,Headset Bluetooth Wireless TWS,Elektronik,717956,11000,0,28718,COMPLETED,2026-06-16 00:00:00,4,"Barang original 100%, mantap recommended seller!"
ORD-20260162,TikTok Shop,SKU-ELC-002,Powerbank Fast Charging 10000mAh,Elektronik,422959,29153,0,16918,COMPLETED,2026-02-26 00:00:00,5,"Produk bagus banget, pengiriman cepat dan packing rapi!"
ORD-20260163,Shopee,SKU-FSH-001,Kaos Polos Cotton Combed 30s,Fashion,216965,15198,25000,8678,COMPLETED,2026-03-31 00:00:00,3,"Biasa saja, pengiriman agak lama."
ORD-20260164,Lazada,SKU-KCT-002,Sunscreen Gel SPF 50 PA++++,Kecantikan,620469,20819,15000,24818,COMPLETED,2026-04-16 00:00:00,5,"Produk bagus banget, pengiriman cepat dan packing rapi!"
ORD-20260165,Lazada,SKU-ELC-002,Powerbank Fast Charging 10000mAh,Elektronik,633703,30418,15000,25348,RETURNED,2026-03-07 00:00:00,2,"Pengiriman lama sekali, kemasan penyok dan barang agak lecet."
ORD-20260166,TikTok Shop,SKU-KCT-002,Sunscreen Gel SPF 50 PA++++,Kecantikan,157135,19304,10000,6285,CANCELLED,2026-01-09 00:00:00,,
ORD-20260167,Tokopedia,SKU-KCT-002,Sunscreen Gel SPF 50 PA++++,Kecantikan,116842,18726,0,4673,RETURNED,2026-08-03 00:00:00,2,"Pengiriman lama sekali, kemasan penyok dan barang agak lecet."
ORD-20260168,Lazada,SKU-KSH-001,Minyak Angin Aromatheraphy 10ml,Kesehatan,577459,19263,0,23098,CANCELLED,2026-01-21 00:00:00,,
ORD-20260169,Shopee,SKU-ELC-002,Powerbank Fast Charging 10000mAh,Elektronik,218631,16999,5000,8745,COMPLETED,2026-06-09 00:00:00,5,"Kualitas ok sesuai harga, barang berfungsi dengan baik."
ORD-20260170,Tokopedia,SKU-ELC-001,Headset Bluetooth Wireless TWS,Elektronik,601264,11230,0,24050,COMPLETED,2026-01-23 00:00:00,5,"Kualitas ok sesuai harga, barang berfungsi dengan baik."
ORD-20260171,Lazada,SKU-KCT-002,Sunscreen Gel SPF 50 PA++++,Kecantikan,725954,22882,25000,29038,COMPLETED,2026-08-10 00:00:00,4,"Kualitas ok sesuai harga, barang berfungsi dengan baik."
ORD-20260172,TikTok Shop,SKU-FSH-002,Kemeja Flanel Kotak Lengan Panjang,Fashion,355108,13829,10000,14204,COMPLETED,2026-06-14 00:00:00,5,"Kualitas ok sesuai harga, barang berfungsi dengan baik."
ORD-20260173,Tokopedia,SKU-KSH-001,Minyak Angin Aromatheraphy 10ml,Kesehatan,55651,13094,0,2226,COMPLETED,2026-01-06 00:00:00,5,"Sangat puas belanja di toko ini, seller ramah dan responsif."
ORD-20260174,Shopee,SKU-FSH-002,Kemeja Flanel Kotak Lengan Panjang,Fashion,595326,15944,5000,23813,RETURNED,2026-07-01 00:00:00,2,"Ukuran baju terlalu kecil dan jahitan tidak rapi, kecewa."
ORD-20260175,Shopee,SKU-PRM-001,Wajan Anti Lengket Granite 24cm,Perlengkapan Rumah,417328,16554,5000,16693,COMPLETED,2026-02-25 00:00:00,5,"Barang original 100%, mantap recommended seller!"
ORD-20260176,Lazada,SKU-FSH-002,Kemeja Flanel Kotak Lengan Panjang,Fashion,335515,23201,10000,13420,COMPLETED,2026-02-11 00:00:00,5,"Barang original 100%, mantap recommended seller!"
ORD-20260177,TikTok Shop,SKU-FSH-002,Kemeja Flanel Kotak Lengan Panjang,Fashion,559815,28204,25000,22392,COMPLETED,2026-01-15 00:00:00,5,"Barang original 100%, mantap recommended seller!"
ORD-20260178,TikTok Shop,SKU-ELC-002,Powerbank Fast Charging 10000mAh,Elektronik,64215,30821,0,2568,COMPLETED,2026-07-31 00:00:00,5,"Kualitas ok sesuai harga, barang berfungsi dengan baik."
ORD-20260179,Tokopedia,SKU-KCT-002,Sunscreen Gel SPF 50 PA++++,Kecantikan,398188,28896,25000,15927,COMPLETED,2026-03-06 00:00:00,5,"Sangat puas belanja di toko ini, seller ramah dan responsif."
ORD-20260180,Shopee,SKU-ELC-001,Headset Bluetooth Wireless TWS,Elektronik,635410,25287,5000,25416,COMPLETED,2026-03-22 00:00:00,5,"Produk bagus banget, pengiriman cepat dan packing rapi!"
ORD-20260181,Shopee,SKU-KSH-001,Minyak Angin Aromatheraphy 10ml,Kesehatan,423603,22428,5000,16944,COMPLETED,2026-02-04 00:00:00,4,"Kualitas ok sesuai harga, barang berfungsi dengan baik."
ORD-20260182,Lazada,SKU-KCT-001,Serum Wajah Brightening Vitamin C,Kecantikan,266514,21622,15000,10660,CANCELLED,2026-09-07 00:00:00,,
ORD-20260183,Tokopedia,SKU-ELC-002,Powerbank Fast Charging 10000mAh,Elektronik,449681,30060,15000,17987,COMPLETED,2026-02-10 00:00:00,5,"Produk bagus banget, pengiriman cepat dan packing rapi!"
ORD-20260184,Tokopedia,SKU-KSH-001,Minyak Angin Aromatheraphy 10ml,Kesehatan,103666,28329,10000,4146,COMPLETED,2026-04-01 00:00:00,5,"Sangat puas belanja di toko ini, seller ramah dan responsif."
ORD-20260185,Tokopedia,SKU-KCT-002,Sunscreen Gel SPF 50 PA++++,Kecantikan,122702,33516,0,4908,COMPLETED,2026-08-30 00:00:00,5,"Kualitas ok sesuai harga, barang berfungsi dengan baik."
ORD-20260186,Shopee,SKU-KSH-001,Minyak Angin Aromatheraphy 10ml,Kesehatan,650491,10194,25000,26019,RETURNED,2026-05-21 00:00:00,1,"Barang mati total saat diterima, respon garansi lambat!"
ORD-20260187,Shopee,SKU-FSH-001,Kaos Polos Cotton Combed 30s,Fashion,225456,24158,0,9018,COMPLETED,2026-08-01 00:00:00,3,"Biasa saja, pengiriman agak lama."
ORD-20260188,Tokopedia,SKU-KCT-002,Sunscreen Gel SPF 50 PA++++,Kecantikan,356096,21083,10000,14243,COMPLETED,2026-07-19 00:00:00,3,"Biasa saja, pengiriman agak lama."
ORD-20260189,Tokopedia,SKU-KCT-002,Sunscreen Gel SPF 50 PA++++,Kecantikan,621239,12931,5000,24849,COMPLETED,2026-08-13 00:00:00,3,"Biasa saja, pengiriman agak lama."
ORD-20260190,TikTok Shop,SKU-KSH-001,Minyak Angin Aromatheraphy 10ml,Kesehatan,448810,19781,15000,17952,COMPLETED,2026-08-16 00:00:00,4,"Kualitas ok sesuai harga, barang berfungsi dengan baik."
ORD-20260191,Lazada,SKU-KCT-001,Serum Wajah Brightening Vitamin C,Kecantikan,495691,27832,25000,19827,COMPLETED,2026-07-09 00:00:00,5,"Barang original 100%, mantap recommended seller!"
ORD-20260192,TikTok Shop,SKU-KSH-001,Minyak Angin Aromatheraphy 10ml,Kesehatan,137282,12182,0,5491,COMPLETED,2026-01-21 00:00:00,5,"Produk bagus banget, pengiriman cepat dan packing rapi!"
ORD-20260193,Tokopedia,SKU-FSH-001,Kaos Polos Cotton Combed 30s,Fashion,735281,20421,15000,29411,COMPLETED,2026-04-04 00:00:00,4,"Sangat puas belanja di toko ini, seller ramah dan responsif."
ORD-20260194,Shopee,SKU-FSH-002,Kemeja Flanel Kotak Lengan Panjang,Fashion,730228,14037,5000,29209,COMPLETED,2026-08-12 00:00:00,5,"Produk bagus banget, pengiriman cepat dan packing rapi!"
ORD-20260195,Shopee,SKU-ELC-001,Headset Bluetooth Wireless TWS,Elektronik,377680,20351,25000,15107,RETURNED,2026-05-15 00:00:00,1,"Barang mati total saat diterima, respon garansi lambat!"
ORD-20260196,Lazada,SKU-PRM-001,Wajan Anti Lengket Granite 24cm,Perlengkapan Rumah,406844,12184,5000,16273,CANCELLED,2026-05-29 00:00:00,,
ORD-20260197,Tokopedia,SKU-FSH-002,Kemeja Flanel Kotak Lengan Panjang,Fashion,332941,16356,25000,13317,CANCELLED,2026-06-24 00:00:00,,
ORD-20260198,Lazada,SKU-FSH-002,Kemeja Flanel Kotak Lengan Panjang,Fashion,85237,20734,0,3409,CANCELLED,2026-02-13 00:00:00,,
ORD-20260199,Shopee,SKU-ELC-001,Headset Bluetooth Wireless TWS,Elektronik,144645,25052,10000,5785,COMPLETED,2026-04-04 00:00:00,5,"Barang original 100%, mantap recommended seller!"
ORD-20260200,Lazada,SKU-KSH-001,Minyak Angin Aromatheraphy 10ml,Kesehatan,187621,19973,25000,7504,COMPLETED,2026-07-10 00:00:00,5,"Barang original 100%, mantap recommended seller!"
ORD-20260201,Shopee,SKU-PRM-001,Wajan Anti Lengket Granite 24cm,Perlengkapan Rumah,163760,22542,5000,6550,COMPLETED,2026-08-30 00:00:00,5,"Produk bagus banget, pengiriman cepat dan packing rapi!"
ORD-20260202,Lazada,SKU-PRM-001,Wajan Anti Lengket Granite 24cm,Perlengkapan Rumah,99019,34171,15000,3960,COMPLETED,2026-04-05 00:00:00,5,"Sangat puas belanja di toko ini, seller ramah dan responsif."
ORD-20260203,Lazada,SKU-ELC-002,Powerbank Fast Charging 10000mAh,Elektronik,614921,31728,10000,24596,RETURNED,2026-03-07 00:00:00,2,"Ukuran baju terlalu kecil dan jahitan tidak rapi, kecewa."
ORD-20260204,Lazada,SKU-ELC-001,Headset Bluetooth Wireless TWS,Elektronik,606488,13848,10000,24259,CANCELLED,2026-05-12 00:00:00,,
ORD-20260205,TikTok Shop,SKU-ELC-001,Headset Bluetooth Wireless TWS,Elektronik,393994,28163,25000,15759,COMPLETED,2026-08-15 00:00:00,3,"Biasa saja, pengiriman agak lama."
ORD-20260206,Lazada,SKU-KSH-001,Minyak Angin Aromatheraphy 10ml,Kesehatan,108777,19720,5000,4351,COMPLETED,2026-01-14 00:00:00,3,"Biasa saja, pengiriman agak lama."
ORD-20260207,TikTok Shop,SKU-FSH-001,Kaos Polos Cotton Combed 30s,Fashion,59615,30602,10000,2384,COMPLETED,2026-06-02 00:00:00,3,"Biasa saja, pengiriman agak lama."
ORD-20260208,Shopee,SKU-PRM-001,Wajan Anti Lengket Granite 24cm,Perlengkapan Rumah,423162,15181,10000,16926,CANCELLED,2026-04-26 00:00:00,,
ORD-20260209,Lazada,SKU-KCT-001,Serum Wajah Brightening Vitamin C,Kecantikan,356538,17757,10000,14261,COMPLETED,2026-05-20 00:00:00,3,"Biasa saja, pengiriman agak lama."
ORD-20260210,Lazada,SKU-FSH-002,Kemeja Flanel Kotak Lengan Panjang,Fashion,520455,14042,15000,20818,COMPLETED,2026-02-05 00:00:00,4,"Sangat puas belanja di toko ini, seller ramah dan responsif."
ORD-20260211,Tokopedia,SKU-FSH-002,Kemeja Flanel Kotak Lengan Panjang,Fashion,103322,27726,0,4132,COMPLETED,2026-06-11 00:00:00,4,"Barang original 100%, mantap recommended seller!"
ORD-20260212,Tokopedia,SKU-FSH-002,Kemeja Flanel Kotak Lengan Panjang,Fashion,266619,13033,15000,10664,COMPLETED,2026-05-19 00:00:00,3,"Biasa saja, pengiriman agak lama."
ORD-20260213,Tokopedia,SKU-KCT-002,Sunscreen Gel SPF 50 PA++++,Kecantikan,211393,11197,5000,8455,COMPLETED,2026-07-19 00:00:00,3,"Biasa saja, pengiriman agak lama."
ORD-20260214,Lazada,SKU-ELC-001,Headset Bluetooth Wireless TWS,Elektronik,657272,30993,5000,26290,CANCELLED,2026-08-27 00:00:00,,
ORD-20260215,TikTok Shop,SKU-ELC-002,Powerbank Fast Charging 10000mAh,Elektronik,658469,34963,25000,26338,CANCELLED,2026-07-17 00:00:00,,
ORD-20260216,Shopee,SKU-KSH-001,Minyak Angin Aromatheraphy 10ml,Kesehatan,653428,27421,25000,26137,CANCELLED,2026-03-13 00:00:00,,
ORD-20260217,Lazada,SKU-PRM-001,Wajan Anti Lengket Granite 24cm,Perlengkapan Rumah,656091,13670,25000,26243,COMPLETED,2026-01-30 00:00:00,3,"Biasa saja, pengiriman agak lama."
ORD-20260218,Lazada,SKU-PRM-001,Wajan Anti Lengket Granite 24cm,Perlengkapan Rumah,560524,11117,15000,22420,RETURNED,2026-01-29 00:00:00,1,"Pengiriman lama sekali, kemasan penyok dan barang agak lecet."
ORD-20260219,Shopee,SKU-ELC-001,Headset Bluetooth Wireless TWS,Elektronik,358014,28739,0,14320,COMPLETED,2026-06-10 00:00:00,5,"Produk bagus banget, pengiriman cepat dan packing rapi!"
ORD-20260220,TikTok Shop,SKU-KCT-002,Sunscreen Gel SPF 50 PA++++,Kecantikan,386338,11322,5000,15453,RETURNED,2026-02-15 00:00:00,1,"Barang mati total saat diterima, respon garansi lambat!"
ORD-20260221,TikTok Shop,SKU-ELC-001,Headset Bluetooth Wireless TWS,Elektronik,174165,27099,5000,6966,COMPLETED,2026-08-09 00:00:00,5,"Barang original 100%, mantap recommended seller!"
ORD-20260222,Shopee,SKU-ELC-002,Powerbank Fast Charging 10000mAh,Elektronik,78465,14094,10000,3138,COMPLETED,2026-01-09 00:00:00,5,"Kualitas ok sesuai harga, barang berfungsi dengan baik."
ORD-20260223,Tokopedia,SKU-KSH-001,Minyak Angin Aromatheraphy 10ml,Kesehatan,662383,25809,0,26495,COMPLETED,2026-03-13 00:00:00,5,"Produk bagus banget, pengiriman cepat dan packing rapi!"
ORD-20260224,Tokopedia,SKU-KCT-002,Sunscreen Gel SPF 50 PA++++,Kecantikan,322972,17778,25000,12918,COMPLETED,2026-08-11 00:00:00,4,"Kualitas ok sesuai harga, barang berfungsi dengan baik."
ORD-20260225,Tokopedia,SKU-KCT-002,Sunscreen Gel SPF 50 PA++++,Kecantikan,494756,13500,5000,19790,COMPLETED,2026-01-22 00:00:00,5,"Barang original 100%, mantap recommended seller!"
ORD-20260226,Lazada,SKU-KCT-002,Sunscreen Gel SPF 50 PA++++,Kecantikan,261069,23409,15000,10442,RETURNED,2026-05-09 00:00:00,2,"Barang mati total saat diterima, respon garansi lambat!"
ORD-20260227,Tokopedia,SKU-ELC-002,Powerbank Fast Charging 10000mAh,Elektronik,458856,23585,0,18354,CANCELLED,2026-02-20 00:00:00,,
ORD-20260228,Lazada,SKU-FSH-002,Kemeja Flanel Kotak Lengan Panjang,Fashion,657433,10889,15000,26297,RETURNED,2026-02-05 00:00:00,2,"Barang mati total saat diterima, respon garansi lambat!"
ORD-20260229,Lazada,SKU-KCT-001,Serum Wajah Brightening Vitamin C,Kecantikan,55883,20309,0,2235,COMPLETED,2026-01-11 00:00:00,5,"Produk bagus banget, pengiriman cepat dan packing rapi!"
ORD-20260230,Tokopedia,SKU-FSH-001,Kaos Polos Cotton Combed 30s,Fashion,471640,28903,25000,18865,CANCELLED,2026-06-19 00:00:00,,
ORD-20260231,Tokopedia,SKU-FSH-002,Kemeja Flanel Kotak Lengan Panjang,Fashion,742522,13644,0,29700,CANCELLED,2026-08-03 00:00:00,,
ORD-20260232,Shopee,SKU-FSH-002,Kemeja Flanel Kotak Lengan Panjang,Fashion,223911,25255,10000,8956,COMPLETED,2026-06-06 00:00:00,5,"Sangat puas belanja di toko ini, seller ramah dan responsif."
ORD-20260233,Lazada,SKU-PRM-001,Wajan Anti Lengket Granite 24cm,Perlengkapan Rumah,127565,21424,10000,5102,CANCELLED,2026-04-12 00:00:00,,
ORD-20260234,TikTok Shop,SKU-FSH-001,Kaos Polos Cotton Combed 30s,Fashion,324456,27624,25000,12978,COMPLETED,2026-05-20 00:00:00,4,"Produk bagus banget, pengiriman cepat dan packing rapi!"
ORD-20260235,Lazada,SKU-ELC-001,Headset Bluetooth Wireless TWS,Elektronik,669433,28298,25000,26777,RETURNED,2026-08-12 00:00:00,2,"Pengiriman lama sekali, kemasan penyok dan barang agak lecet."
ORD-20260236,TikTok Shop,SKU-KCT-001,Serum Wajah Brightening Vitamin C,Kecantikan,313163,33278,5000,12526,COMPLETED,2026-01-14 00:00:00,4,"Produk bagus banget, pengiriman cepat dan packing rapi!"
ORD-20260237,Shopee,SKU-ELC-002,Powerbank Fast Charging 10000mAh,Elektronik,549643,31050,0,21985,CANCELLED,2026-08-10 00:00:00,,
ORD-20260238,Lazada,SKU-KCT-002,Sunscreen Gel SPF 50 PA++++,Kecantikan,278940,21490,10000,11157,COMPLETED,2026-03-17 00:00:00,3,"Biasa saja, pengiriman agak lama."
ORD-20260239,Tokopedia,SKU-FSH-002,Kemeja Flanel Kotak Lengan Panjang,Fashion,204041,29529,15000,8161,COMPLETED,2026-04-09 00:00:00,5,"Produk bagus banget, pengiriman cepat dan packing rapi!"
ORD-20260240,Tokopedia,SKU-FSH-001,Kaos Polos Cotton Combed 30s,Fashion,269577,11914,0,10783,RETURNED,2026-02-19 00:00:00,1,"Bahan tipis tidak sesuai deskripsi produk, ajukan retur."
ORD-20260241,Shopee,SKU-FSH-001,Kaos Polos Cotton Combed 30s,Fashion,364050,13998,10000,14562,COMPLETED,2026-03-14 00:00:00,3,"Biasa saja, pengiriman agak lama."
ORD-20260242,Lazada,SKU-ELC-002,Powerbank Fast Charging 10000mAh,Elektronik,396765,18022,10000,15870,COMPLETED,2026-05-28 00:00:00,5,"Barang original 100%, mantap recommended seller!"
ORD-20260243,Lazada,SKU-FSH-001,Kaos Polos Cotton Combed 30s,Fashion,353214,34886,5000,14128,COMPLETED,2026-01-12 00:00:00,5,"Barang original 100%, mantap recommended seller!"
ORD-20260244,Lazada,SKU-KSH-001,Minyak Angin Aromatheraphy 10ml,Kesehatan,363045,14757,10000,14521,COMPLETED,2026-04-13 00:00:00,5,"Barang original 100%, mantap recommended seller!"
ORD-20260245,TikTok Shop,SKU-FSH-001,Kaos Polos Cotton Combed 30s,Fashion,222052,28716,25000,8882,COMPLETED,2026-03-29 00:00:00,5,"Produk bagus banget, pengiriman cepat dan packing rapi!"
ORD-20260246,Tokopedia,SKU-ELC-001,Headset Bluetooth Wireless TWS,Elektronik,457172,20769,10000,18286,COMPLETED,2026-06-21 00:00:00,3,"Biasa saja, pengiriman agak lama."
ORD-20260247,Shopee,SKU-KCT-002,Sunscreen Gel SPF 50 PA++++,Kecantikan,532909,20234,15000,21316,COMPLETED,2026-04-10 00:00:00,5,"Kualitas ok sesuai harga, barang berfungsi dengan baik."
ORD-20260248,Tokopedia,SKU-KSH-001,Minyak Angin Aromatheraphy 10ml,Kesehatan,555354,13867,10000,22214,CANCELLED,2026-01-11 00:00:00,,
ORD-20260249,Shopee,SKU-FSH-001,Kaos Polos Cotton Combed 30s,Fashion,723609,26813,25000,28944,COMPLETED,2026-02-08 00:00:00,5,"Sangat puas belanja di toko ini, seller ramah dan responsif."
ORD-20260250,Lazada,SKU-ELC-001,Headset Bluetooth Wireless TWS,Elektronik,85383,23763,0,3415,COMPLETED,2026-03-10 00:00:00,3,"Biasa saja, pengiriman agak lama."
ORD-20260251,Lazada,SKU-FSH-001,Kaos Polos Cotton Combed 30s,Fashion,269997,15010,25000,10799,COMPLETED,2026-02-13 00:00:00,3,"Biasa saja, pengiriman agak lama."
ORD-20260252,Shopee,SKU-KCT-002,Sunscreen Gel SPF 50 PA++++,Kecantikan,155820,19478,5000,6232,RETURNED,2026-05-29 00:00:00,1,"Barang mati total saat diterima, respon garansi lambat!"
ORD-20260253,Tokopedia,SKU-FSH-001,Kaos Polos Cotton Combed 30s,Fashion,467361,28153,10000,18694,COMPLETED,2026-08-21 00:00:00,5,"Barang original 100%, mantap recommended seller!"
ORD-20260254,Shopee,SKU-KSH-001,Minyak Angin Aromatheraphy 10ml,Kesehatan,180602,25519,0,7224,COMPLETED,2026-02-10 00:00:00,5,"Sangat puas belanja di toko ini, seller ramah dan responsif."
ORD-20260255,Lazada,SKU-PRM-001,Wajan Anti Lengket Granite 24cm,Perlengkapan Rumah,356735,16807,10000,14269,CANCELLED,2026-05-24 00:00:00,,
ORD-20260256,TikTok Shop,SKU-KCT-002,Sunscreen Gel SPF 50 PA++++,Kecantikan,257460,34624,5000,10298,COMPLETED,2026-04-02 00:00:00,5,"Kualitas ok sesuai harga, barang berfungsi dengan baik."
ORD-20260257,Lazada,SKU-KSH-001,Minyak Angin Aromatheraphy 10ml,Kesehatan,575622,18203,10000,23024,COMPLETED,2026-03-20 00:00:00,3,"Biasa saja, pengiriman agak lama."
ORD-20260258,Tokopedia,SKU-KCT-002,Sunscreen Gel SPF 50 PA++++,Kecantikan,513223,10920,10000,20528,RETURNED,2026-03-15 00:00:00,1,"Pengiriman lama sekali, kemasan penyok dan barang agak lecet."
ORD-20260259,Shopee,SKU-FSH-001,Kaos Polos Cotton Combed 30s,Fashion,314185,25882,0,12567,COMPLETED,2026-03-12 00:00:00,5,"Sangat puas belanja di toko ini, seller ramah dan responsif."
ORD-20260260,Tokopedia,SKU-KCT-002,Sunscreen Gel SPF 50 PA++++,Kecantikan,208732,25288,10000,8349,CANCELLED,2026-05-22 00:00:00,,
ORD-20260261,Lazada,SKU-KCT-002,Sunscreen Gel SPF 50 PA++++,Kecantikan,63797,11537,15000,2551,COMPLETED,2026-07-28 00:00:00,3,"Biasa saja, pengiriman agak lama."
ORD-20260262,Shopee,SKU-FSH-002,Kemeja Flanel Kotak Lengan Panjang,Fashion,447551,12171,5000,17902,COMPLETED,2026-09-02 00:00:00,5,"Kualitas ok sesuai harga, barang berfungsi dengan baik."
ORD-20260263,Lazada,SKU-KSH-001,Minyak Angin Aromatheraphy 10ml,Kesehatan,242304,33090,25000,9692,CANCELLED,2026-01-08 00:00:00,,
ORD-20260264,TikTok Shop,SKU-KSH-001,Minyak Angin Aromatheraphy 10ml,Kesehatan,620499,22322,25000,24819,CANCELLED,2026-03-18 00:00:00,,
ORD-20260265,Lazada,SKU-KCT-001,Serum Wajah Brightening Vitamin C,Kecantikan,644471,14965,5000,25778,COMPLETED,2026-06-07 00:00:00,4,"Sangat puas belanja di toko ini, seller ramah dan responsif."
ORD-20260266,TikTok Shop,SKU-PRM-001,Wajan Anti Lengket Granite 24cm,Perlengkapan Rumah,655309,11848,15000,26212,COMPLETED,2026-07-17 00:00:00,4,"Sangat puas belanja di toko ini, seller ramah dan responsif."
ORD-20260267,Shopee,SKU-FSH-002,Kemeja Flanel Kotak Lengan Panjang,Fashion,162875,28088,5000,6515,COMPLETED,2026-02-06 00:00:00,4,"Kualitas ok sesuai harga, barang berfungsi dengan baik."
ORD-20260268,TikTok Shop,SKU-KCT-001,Serum Wajah Brightening Vitamin C,Kecantikan,464708,24754,0,18588,COMPLETED,2026-03-02 00:00:00,5,"Barang original 100%, mantap recommended seller!"
ORD-20260269,Tokopedia,SKU-ELC-002,Powerbank Fast Charging 10000mAh,Elektronik,102413,25011,10000,4096,COMPLETED,2026-09-07 00:00:00,5,"Produk bagus banget, pengiriman cepat dan packing rapi!"
ORD-20260270,TikTok Shop,SKU-PRM-001,Wajan Anti Lengket Granite 24cm,Perlengkapan Rumah,201094,25529,25000,8043,RETURNED,2026-08-14 00:00:00,2,"Barang mati total saat diterima, respon garansi lambat!"
ORD-20260271,Lazada,SKU-FSH-002,Kemeja Flanel Kotak Lengan Panjang,Fashion,112319,12791,15000,4492,COMPLETED,2026-03-19 00:00:00,5,"Kualitas ok sesuai harga, barang berfungsi dengan baik."
ORD-20260272,Tokopedia,SKU-KCT-002,Sunscreen Gel SPF 50 PA++++,Kecantikan,479509,34998,5000,19180,RETURNED,2026-07-08 00:00:00,1,"Pengiriman lama sekali, kemasan penyok dan barang agak lecet."
ORD-20260273,Tokopedia,SKU-FSH-001,Kaos Polos Cotton Combed 30s,Fashion,506048,12265,5000,20241,RETURNED,2026-04-30 00:00:00,2,"Barang mati total saat diterima, respon garansi lambat!"
ORD-20260274,Lazada,SKU-PRM-001,Wajan Anti Lengket Granite 24cm,Perlengkapan Rumah,116716,34285,10000,4668,COMPLETED,2026-04-28 00:00:00,5,"Sangat puas belanja di toko ini, seller ramah dan responsif."
ORD-20260275,Shopee,SKU-ELC-002,Powerbank Fast Charging 10000mAh,Elektronik,353229,17910,10000,14129,COMPLETED,2026-08-28 00:00:00,5,"Sangat puas belanja di toko ini, seller ramah dan responsif."
ORD-20260276,Shopee,SKU-ELC-002,Powerbank Fast Charging 10000mAh,Elektronik,184452,20255,25000,7378,COMPLETED,2026-07-31 00:00:00,5,"Kualitas ok sesuai harga, barang berfungsi dengan baik."
ORD-20260277,Lazada,SKU-ELC-002,Powerbank Fast Charging 10000mAh,Elektronik,110163,33483,0,4406,COMPLETED,2026-06-12 00:00:00,5,"Barang original 100%, mantap recommended seller!"
ORD-20260278,TikTok Shop,SKU-FSH-001,Kaos Polos Cotton Combed 30s,Fashion,292611,33947,0,11704,CANCELLED,2026-08-18 00:00:00,,
ORD-20260279,Shopee,SKU-KCT-002,Sunscreen Gel SPF 50 PA++++,Kecantikan,436491,23956,25000,17459,COMPLETED,2026-05-26 00:00:00,5,"Sangat puas belanja di toko ini, seller ramah dan responsif."
ORD-20260280,Tokopedia,SKU-KSH-001,Minyak Angin Aromatheraphy 10ml,Kesehatan,563589,11842,15000,22543,RETURNED,2026-04-13 00:00:00,1,"Ukuran baju terlalu kecil dan jahitan tidak rapi, kecewa."
ORD-20260281,Shopee,SKU-FSH-001,Kaos Polos Cotton Combed 30s,Fashion,670609,21885,15000,26824,COMPLETED,2026-06-16 00:00:00,5,"Produk bagus banget, pengiriman cepat dan packing rapi!"
ORD-20260282,TikTok Shop,SKU-ELC-002,Powerbank Fast Charging 10000mAh,Elektronik,430010,17606,0,17200,COMPLETED,2026-04-18 00:00:00,3,"Biasa saja, pengiriman agak lama."
ORD-20260283,Shopee,SKU-FSH-001,Kaos Polos Cotton Combed 30s,Fashion,294999,15886,0,11799,COMPLETED,2026-07-19 00:00:00,5,"Barang original 100%, mantap recommended seller!"
ORD-20260284,Shopee,SKU-PRM-001,Wajan Anti Lengket Granite 24cm,Perlengkapan Rumah,718485,14166,0,28739,COMPLETED,2026-05-12 00:00:00,5,"Sangat puas belanja di toko ini, seller ramah dan responsif."
ORD-20260285,Shopee,SKU-PRM-001,Wajan Anti Lengket Granite 24cm,Perlengkapan Rumah,568591,13659,5000,22743,CANCELLED,2026-05-24 00:00:00,,
ORD-20260286,Lazada,SKU-KCT-002,Sunscreen Gel SPF 50 PA++++,Kecantikan,562231,25013,5000,22489,RETURNED,2026-05-10 00:00:00,2,"Ukuran baju terlalu kecil dan jahitan tidak rapi, kecewa."
ORD-20260287,Lazada,SKU-KCT-001,Serum Wajah Brightening Vitamin C,Kecantikan,156488,29449,5000,6259,COMPLETED,2026-01-12 00:00:00,5,"Barang original 100%, mantap recommended seller!"
ORD-20260288,Shopee,SKU-KSH-001,Minyak Angin Aromatheraphy 10ml,Kesehatan,663701,11124,0,26548,COMPLETED,2026-08-29 00:00:00,5,"Sangat puas belanja di toko ini, seller ramah dan responsif."
ORD-20260289,Tokopedia,SKU-FSH-001,Kaos Polos Cotton Combed 30s,Fashion,303568,30355,0,12142,COMPLETED,2026-08-12 00:00:00,3,"Biasa saja, pengiriman agak lama."
ORD-20260290,Tokopedia,SKU-FSH-001,Kaos Polos Cotton Combed 30s,Fashion,488938,32397,5000,19557,CANCELLED,2026-05-06 00:00:00,,
ORD-20260291,Tokopedia,SKU-FSH-002,Kemeja Flanel Kotak Lengan Panjang,Fashion,178981,19062,5000,7159,COMPLETED,2026-04-14 00:00:00,5,"Sangat puas belanja di toko ini, seller ramah dan responsif."
ORD-20260292,Lazada,SKU-FSH-002,Kemeja Flanel Kotak Lengan Panjang,Fashion,199323,10151,0,7972,COMPLETED,2026-07-25 00:00:00,5,"Sangat puas belanja di toko ini, seller ramah dan responsif."
ORD-20260293,Tokopedia,SKU-PRM-001,Wajan Anti Lengket Granite 24cm,Perlengkapan Rumah,384928,20179,10000,15397,CANCELLED,2026-08-18 00:00:00,,
ORD-20260294,Lazada,SKU-KCT-001,Serum Wajah Brightening Vitamin C,Kecantikan,369547,31073,15000,14781,COMPLETED,2026-06-27 00:00:00,4,"Kualitas ok sesuai harga, barang berfungsi dengan baik."
ORD-20260295,TikTok Shop,SKU-ELC-001,Headset Bluetooth Wireless TWS,Elektronik,176424,23640,10000,7056,COMPLETED,2026-07-19 00:00:00,4,"Sangat puas belanja di toko ini, seller ramah dan responsif."
ORD-20260296,Tokopedia,SKU-FSH-001,Kaos Polos Cotton Combed 30s,Fashion,667606,14782,25000,26704,COMPLETED,2026-03-26 00:00:00,5,"Produk bagus banget, pengiriman cepat dan packing rapi!"
ORD-20260297,Lazada,SKU-FSH-002,Kemeja Flanel Kotak Lengan Panjang,Fashion,67875,15228,5000,2715,CANCELLED,2026-06-11 00:00:00,,
ORD-20260298,Tokopedia,SKU-KCT-001,Serum Wajah Brightening Vitamin C,Kecantikan,106184,20934,25000,4247,COMPLETED,2026-08-28 00:00:00,5,"Sangat puas belanja di toko ini, seller ramah dan responsif."
ORD-20260299,TikTok Shop,SKU-FSH-001,Kaos Polos Cotton Combed 30s,Fashion,258008,13117,5000,10320,CANCELLED,2026-05-17 00:00:00,,
ORD-20260300,TikTok Shop,SKU-FSH-001,Kaos Polos Cotton Combed 30s,Fashion,266383,33442,5000,10655,RETURNED,2026-08-28 00:00:00,1,"Bahan tipis tidak sesuai deskripsi produk, ajukan retur."
ORD-20260301,Lazada,SKU-ELC-002,Powerbank Fast Charging 10000mAh,Elektronik,180998,19474,10000,7239,COMPLETED,2026-07-08 00:00:00,3,"Biasa saja, pengiriman agak lama."
ORD-20260302,TikTok Shop,SKU-ELC-001,Headset Bluetooth Wireless TWS,Elektronik,635872,30024,10000,25434,COMPLETED,2026-02-04 00:00:00,3,"Biasa saja, pengiriman agak lama."
ORD-20260303,Tokopedia,SKU-KCT-001,Serum Wajah Brightening Vitamin C,Kecantikan,266862,34141,5000,10674,COMPLETED,2026-03-17 00:00:00,5,"Produk bagus banget, pengiriman cepat dan packing rapi!"
ORD-20260304,Tokopedia,SKU-KCT-001,Serum Wajah Brightening Vitamin C,Kecantikan,124419,26333,0,4976,COMPLETED,2026-05-04 00:00:00,5,"Kualitas ok sesuai harga, barang berfungsi dengan baik."
ORD-20260305,Shopee,SKU-FSH-001,Kaos Polos Cotton Combed 30s,Fashion,262941,25620,10000,10517,COMPLETED,2026-04-23 00:00:00,3,"Biasa saja, pengiriman agak lama."
ORD-20260306,Tokopedia,SKU-KCT-002,Sunscreen Gel SPF 50 PA++++,Kecantikan,687363,10667,10000,27494,COMPLETED,2026-04-04 00:00:00,3,"Biasa saja, pengiriman agak lama."
ORD-20260307,Shopee,SKU-ELC-001,Headset Bluetooth Wireless TWS,Elektronik,544489,26453,25000,21779,COMPLETED,2026-08-17 00:00:00,4,"Sangat puas belanja di toko ini, seller ramah dan responsif."
ORD-20260308,Shopee,SKU-FSH-001,Kaos Polos Cotton Combed 30s,Fashion,264422,14981,10000,10576,COMPLETED,2026-03-13 00:00:00,5,"Sangat puas belanja di toko ini, seller ramah dan responsif."
ORD-20260309,Shopee,SKU-ELC-001,Headset Bluetooth Wireless TWS,Elektronik,659325,19563,5000,26373,COMPLETED,2026-05-26 00:00:00,5,"Barang original 100%, mantap recommended seller!"
ORD-20260310,Shopee,SKU-PRM-001,Wajan Anti Lengket Granite 24cm,Perlengkapan Rumah,475001,27713,10000,19000,CANCELLED,2026-04-05 00:00:00,,
ORD-20260311,TikTok Shop,SKU-ELC-002,Powerbank Fast Charging 10000mAh,Elektronik,428780,28284,5000,17151,COMPLETED,2026-07-01 00:00:00,5,"Kualitas ok sesuai harga, barang berfungsi dengan baik."
ORD-20260312,Shopee,SKU-KCT-002,Sunscreen Gel SPF 50 PA++++,Kecantikan,520297,27176,5000,20811,COMPLETED,2026-02-01 00:00:00,5,"Kualitas ok sesuai harga, barang berfungsi dengan baik."
ORD-20260313,Lazada,SKU-FSH-002,Kemeja Flanel Kotak Lengan Panjang,Fashion,731520,16681,15000,29260,COMPLETED,2026-08-26 00:00:00,5,"Kualitas ok sesuai harga, barang berfungsi dengan baik."
ORD-20260314,Tokopedia,SKU-KSH-001,Minyak Angin Aromatheraphy 10ml,Kesehatan,197000,28719,10000,7880,COMPLETED,2026-04-21 00:00:00,5,"Produk bagus banget, pengiriman cepat dan packing rapi!"
ORD-20260315,Lazada,SKU-PRM-001,Wajan Anti Lengket Granite 24cm,Perlengkapan Rumah,487192,13554,10000,19487,COMPLETED,2026-09-02 00:00:00,3,"Biasa saja, pengiriman agak lama."
ORD-20260316,Shopee,SKU-KSH-001,Minyak Angin Aromatheraphy 10ml,Kesehatan,615708,32386,0,24628,COMPLETED,2026-04-06 00:00:00,3,"Biasa saja, pengiriman agak lama."
ORD-20260317,TikTok Shop,SKU-PRM-001,Wajan Anti Lengket Granite 24cm,Perlengkapan Rumah,131519,27191,0,5260,COMPLETED,2026-06-14 00:00:00,5,"Sangat puas belanja di toko ini, seller ramah dan responsif."
ORD-20260318,Shopee,SKU-KCT-002,Sunscreen Gel SPF 50 PA++++,Kecantikan,499834,19461,10000,19993,RETURNED,2026-02-10 00:00:00,2,"Barang mati total saat diterima, respon garansi lambat!"
ORD-20260319,Shopee,SKU-KCT-002,Sunscreen Gel SPF 50 PA++++,Kecantikan,422354,32360,15000,16894,COMPLETED,2026-07-14 00:00:00,3,"Biasa saja, pengiriman agak lama."
ORD-20260320,Shopee,SKU-ELC-002,Powerbank Fast Charging 10000mAh,Elektronik,132377,33531,5000,5295,COMPLETED,2026-04-23 00:00:00,4,"Barang original 100%, mantap recommended seller!"
ORD-20260321,Tokopedia,SKU-FSH-002,Kemeja Flanel Kotak Lengan Panjang,Fashion,515908,28934,5000,20636,COMPLETED,2026-09-08 00:00:00,5,"Barang original 100%, mantap recommended seller!"
ORD-20260322,TikTok Shop,SKU-FSH-001,Kaos Polos Cotton Combed 30s,Fashion,39333,31039,15000,1573,COMPLETED,2026-01-11 00:00:00,5,"Kualitas ok sesuai harga, barang berfungsi dengan baik."
ORD-20260323,Shopee,SKU-ELC-001,Headset Bluetooth Wireless TWS,Elektronik,215344,19010,15000,8613,COMPLETED,2026-02-02 00:00:00,4,"Kualitas ok sesuai harga, barang berfungsi dengan baik."
ORD-20260324,Tokopedia,SKU-ELC-001,Headset Bluetooth Wireless TWS,Elektronik,54167,28052,25000,2166,COMPLETED,2026-03-13 00:00:00,3,"Biasa saja, pengiriman agak lama."
ORD-20260325,Shopee,SKU-ELC-002,Powerbank Fast Charging 10000mAh,Elektronik,185296,28675,0,7411,COMPLETED,2026-08-16 00:00:00,5,"Kualitas ok sesuai harga, barang berfungsi dengan baik."
ORD-20260326,Lazada,SKU-PRM-001,Wajan Anti Lengket Granite 24cm,Perlengkapan Rumah,144037,21765,0,5761,RETURNED,2026-02-16 00:00:00,2,"Pengiriman lama sekali, kemasan penyok dan barang agak lecet."
ORD-20260327,Tokopedia,SKU-ELC-001,Headset Bluetooth Wireless TWS,Elektronik,438283,12314,5000,17531,CANCELLED,2026-01-26 00:00:00,,
ORD-20260328,Tokopedia,SKU-KCT-002,Sunscreen Gel SPF 50 PA++++,Kecantikan,199198,11032,10000,7967,COMPLETED,2026-03-19 00:00:00,3,"Biasa saja, pengiriman agak lama."
ORD-20260329,Lazada,SKU-ELC-001,Headset Bluetooth Wireless TWS,Elektronik,605122,34466,0,24204,CANCELLED,2026-07-19 00:00:00,,
ORD-20260330,Tokopedia,SKU-KSH-001,Minyak Angin Aromatheraphy 10ml,Kesehatan,675623,23268,25000,27024,CANCELLED,2026-03-11 00:00:00,,
ORD-20260331,TikTok Shop,SKU-KCT-002,Sunscreen Gel SPF 50 PA++++,Kecantikan,679340,15330,25000,27173,COMPLETED,2026-03-06 00:00:00,4,"Kualitas ok sesuai harga, barang berfungsi dengan baik."
ORD-20260332,Shopee,SKU-ELC-001,Headset Bluetooth Wireless TWS,Elektronik,535044,30755,5000,21401,RETURNED,2026-04-06 00:00:00,2,"Pengiriman lama sekali, kemasan penyok dan barang agak lecet."
ORD-20260333,Shopee,SKU-PRM-001,Wajan Anti Lengket Granite 24cm,Perlengkapan Rumah,371917,30757,15000,14876,RETURNED,2026-03-31 00:00:00,1,"Barang mati total saat diterima, respon garansi lambat!"
ORD-20260334,Tokopedia,SKU-KCT-002,Sunscreen Gel SPF 50 PA++++,Kecantikan,478961,26693,0,19158,COMPLETED,2026-05-03 00:00:00,5,"Produk bagus banget, pengiriman cepat dan packing rapi!"
ORD-20260335,Lazada,SKU-KCT-002,Sunscreen Gel SPF 50 PA++++,Kecantikan,668116,28189,10000,26724,COMPLETED,2026-08-15 00:00:00,5,"Kualitas ok sesuai harga, barang berfungsi dengan baik."
ORD-20260336,Shopee,SKU-ELC-001,Headset Bluetooth Wireless TWS,Elektronik,132484,17187,10000,5299,CANCELLED,2026-05-15 00:00:00,,
ORD-20260337,TikTok Shop,SKU-PRM-001,Wajan Anti Lengket Granite 24cm,Perlengkapan Rumah,655869,32542,10000,26234,COMPLETED,2026-03-16 00:00:00,3,"Biasa saja, pengiriman agak lama."
ORD-20260338,Lazada,SKU-ELC-001,Headset Bluetooth Wireless TWS,Elektronik,630525,15738,5000,25221,COMPLETED,2026-07-18 00:00:00,4,"Sangat puas belanja di toko ini, seller ramah dan responsif."
ORD-20260339,TikTok Shop,SKU-ELC-002,Powerbank Fast Charging 10000mAh,Elektronik,679062,32134,5000,27162,COMPLETED,2026-01-22 00:00:00,5,"Produk bagus banget, pengiriman cepat dan packing rapi!"
ORD-20260340,Tokopedia,SKU-PRM-001,Wajan Anti Lengket Granite 24cm,Perlengkapan Rumah,210239,27919,5000,8409,COMPLETED,2026-07-27 00:00:00,5,"Barang original 100%, mantap recommended seller!"
ORD-20260341,Shopee,SKU-KCT-001,Serum Wajah Brightening Vitamin C,Kecantikan,689392,30137,0,27575,CANCELLED,2026-06-14 00:00:00,,
ORD-20260342,Shopee,SKU-KSH-001,Minyak Angin Aromatheraphy 10ml,Kesehatan,472581,24923,10000,18903,COMPLETED,2026-08-10 00:00:00,5,"Sangat puas belanja di toko ini, seller ramah dan responsif."
ORD-20260343,Shopee,SKU-KCT-002,Sunscreen Gel SPF 50 PA++++,Kecantikan,690987,14108,5000,27639,COMPLETED,2026-05-11 00:00:00,4,"Kualitas ok sesuai harga, barang berfungsi dengan baik."
ORD-20260344,Tokopedia,SKU-FSH-002,Kemeja Flanel Kotak Lengan Panjang,Fashion,598113,20590,25000,23924,CANCELLED,2026-09-02 00:00:00,,
ORD-20260345,Shopee,SKU-KCT-002,Sunscreen Gel SPF 50 PA++++,Kecantikan,317149,24356,25000,12685,COMPLETED,2026-06-13 00:00:00,5,"Barang original 100%, mantap recommended seller!"
ORD-20260346,TikTok Shop,SKU-FSH-002,Kemeja Flanel Kotak Lengan Panjang,Fashion,311046,23573,5000,12441,COMPLETED,2026-04-12 00:00:00,5,"Kualitas ok sesuai harga, barang berfungsi dengan baik."
ORD-20260347,Tokopedia,SKU-FSH-002,Kemeja Flanel Kotak Lengan Panjang,Fashion,339133,11150,5000,13565,COMPLETED,2026-06-14 00:00:00,4,"Barang original 100%, mantap recommended seller!"
ORD-20260348,Tokopedia,SKU-KSH-001,Minyak Angin Aromatheraphy 10ml,Kesehatan,440590,11022,0,17623,COMPLETED,2026-05-17 00:00:00,5,"Sangat puas belanja di toko ini, seller ramah dan responsif."
ORD-20260349,Lazada,SKU-FSH-001,Kaos Polos Cotton Combed 30s,Fashion,82849,21181,0,3313,COMPLETED,2026-08-04 00:00:00,3,"Biasa saja, pengiriman agak lama."
ORD-20260350,TikTok Shop,SKU-FSH-001,Kaos Polos Cotton Combed 30s,Fashion,314402,30091,10000,12576,CANCELLED,2026-01-05 00:00:00,,
ORD-20260351,Lazada,SKU-FSH-002,Kemeja Flanel Kotak Lengan Panjang,Fashion,504621,23485,25000,20184,COMPLETED,2026-01-01 00:00:00,3,"Biasa saja, pengiriman agak lama."
ORD-20260352,Tokopedia,SKU-KSH-001,Minyak Angin Aromatheraphy 10ml,Kesehatan,392663,27164,10000,15706,COMPLETED,2026-03-14 00:00:00,4,"Barang original 100%, mantap recommended seller!"
ORD-20260353,Shopee,SKU-KCT-002,Sunscreen Gel SPF 50 PA++++,Kecantikan,502936,19835,25000,20117,COMPLETED,2026-08-13 00:00:00,5,"Kualitas ok sesuai harga, barang berfungsi dengan baik."
ORD-20260354,Shopee,SKU-PRM-001,Wajan Anti Lengket Granite 24cm,Perlengkapan Rumah,485484,11471,10000,19419,COMPLETED,2026-03-29 00:00:00,4,"Produk bagus banget, pengiriman cepat dan packing rapi!"
ORD-20260355,Tokopedia,SKU-FSH-002,Kemeja Flanel Kotak Lengan Panjang,Fashion,743711,32054,25000,29748,CANCELLED,2026-07-24 00:00:00,,
ORD-20260356,Tokopedia,SKU-FSH-001,Kaos Polos Cotton Combed 30s,Fashion,54620,12952,5000,2184,CANCELLED,2026-09-03 00:00:00,,
ORD-20260357,Lazada,SKU-ELC-002,Powerbank Fast Charging 10000mAh,Elektronik,335170,18645,25000,13406,RETURNED,2026-07-21 00:00:00,2,"Pengiriman lama sekali, kemasan penyok dan barang agak lecet."
ORD-20260358,Lazada,SKU-FSH-001,Kaos Polos Cotton Combed 30s,Fashion,148030,24742,25000,5921,COMPLETED,2026-02-19 00:00:00,5,"Sangat puas belanja di toko ini, seller ramah dan responsif."
ORD-20260359,TikTok Shop,SKU-KSH-001,Minyak Angin Aromatheraphy 10ml,Kesehatan,448549,16726,5000,17941,COMPLETED,2026-01-22 00:00:00,5,"Barang original 100%, mantap recommended seller!"
ORD-20260360,Tokopedia,SKU-KSH-001,Minyak Angin Aromatheraphy 10ml,Kesehatan,607408,27932,10000,24296,CANCELLED,2026-04-29 00:00:00,,
ORD-20260361,TikTok Shop,SKU-ELC-001,Headset Bluetooth Wireless TWS,Elektronik,363645,18886,10000,14545,COMPLETED,2026-06-27 00:00:00,3,"Biasa saja, pengiriman agak lama."
ORD-20260362,TikTok Shop,SKU-FSH-002,Kemeja Flanel Kotak Lengan Panjang,Fashion,228018,10981,15000,9120,COMPLETED,2026-07-05 00:00:00,4,"Kualitas ok sesuai harga, barang berfungsi dengan baik."
ORD-20260363,Lazada,SKU-FSH-002,Kemeja Flanel Kotak Lengan Panjang,Fashion,98335,17902,10000,3933,COMPLETED,2026-03-07 00:00:00,5,"Sangat puas belanja di toko ini, seller ramah dan responsif."
ORD-20260364,Lazada,SKU-FSH-001,Kaos Polos Cotton Combed 30s,Fashion,53643,29711,5000,2145,COMPLETED,2026-01-31 00:00:00,4,"Kualitas ok sesuai harga, barang berfungsi dengan baik."
ORD-20260365,TikTok Shop,SKU-FSH-002,Kemeja Flanel Kotak Lengan Panjang,Fashion,129762,30559,15000,5190,RETURNED,2026-07-26 00:00:00,1,"Ukuran baju terlalu kecil dan jahitan tidak rapi, kecewa."
ORD-20260366,Tokopedia,SKU-KCT-002,Sunscreen Gel SPF 50 PA++++,Kecantikan,119890,25667,0,4795,COMPLETED,2026-07-15 00:00:00,5,"Barang original 100%, mantap recommended seller!"
ORD-20260367,Tokopedia,SKU-FSH-001,Kaos Polos Cotton Combed 30s,Fashion,370883,15713,15000,14835,COMPLETED,2026-05-24 00:00:00,5,"Barang original 100%, mantap recommended seller!"
ORD-20260368,TikTok Shop,SKU-ELC-001,Headset Bluetooth Wireless TWS,Elektronik,165991,18263,5000,6639,COMPLETED,2026-05-30 00:00:00,4,"Kualitas ok sesuai harga, barang berfungsi dengan baik."
ORD-20260369,Lazada,SKU-ELC-001,Headset Bluetooth Wireless TWS,Elektronik,44301,32190,15000,1772,COMPLETED,2026-02-28 00:00:00,5,"Kualitas ok sesuai harga, barang berfungsi dengan baik."
ORD-20260370,Tokopedia,SKU-ELC-001,Headset Bluetooth Wireless TWS,Elektronik,381914,20636,10000,15276,RETURNED,2026-02-26 00:00:00,2,"Ukuran baju terlalu kecil dan jahitan tidak rapi, kecewa."
ORD-20260371,Lazada,SKU-FSH-002,Kemeja Flanel Kotak Lengan Panjang,Fashion,121564,11279,5000,4862,RETURNED,2026-07-21 00:00:00,2,"Barang mati total saat diterima, respon garansi lambat!"
ORD-20260372,Lazada,SKU-ELC-001,Headset Bluetooth Wireless TWS,Elektronik,561561,20411,15000,22462,RETURNED,2026-05-07 00:00:00,1,"Pengiriman lama sekali, kemasan penyok dan barang agak lecet."
ORD-20260373,Shopee,SKU-FSH-001,Kaos Polos Cotton Combed 30s,Fashion,535139,21348,0,21405,CANCELLED,2026-06-17 00:00:00,,
ORD-20260374,Shopee,SKU-KCT-002,Sunscreen Gel SPF 50 PA++++,Kecantikan,727895,18857,10000,29115,RETURNED,2026-01-06 00:00:00,2,"Bahan tipis tidak sesuai deskripsi produk, ajukan retur."
ORD-20260375,Tokopedia,SKU-ELC-001,Headset Bluetooth Wireless TWS,Elektronik,469893,13201,5000,18795,COMPLETED,2026-06-02 00:00:00,3,"Biasa saja, pengiriman agak lama."
ORD-20260376,Lazada,SKU-KSH-001,Minyak Angin Aromatheraphy 10ml,Kesehatan,273942,11463,5000,10957,COMPLETED,2026-08-13 00:00:00,4,"Produk bagus banget, pengiriman cepat dan packing rapi!"
ORD-20260377,TikTok Shop,SKU-KCT-002,Sunscreen Gel SPF 50 PA++++,Kecantikan,520152,14875,10000,20806,COMPLETED,2026-04-06 00:00:00,5,"Sangat puas belanja di toko ini, seller ramah dan responsif."
ORD-20260378,Tokopedia,SKU-KSH-001,Minyak Angin Aromatheraphy 10ml,Kesehatan,416327,31391,10000,16653,COMPLETED,2026-02-08 00:00:00,5,"Barang original 100%, mantap recommended seller!"
ORD-20260379,Lazada,SKU-FSH-002,Kemeja Flanel Kotak Lengan Panjang,Fashion,346769,30574,25000,13870,RETURNED,2026-07-17 00:00:00,2,"Barang mati total saat diterima, respon garansi lambat!"
ORD-20260380,Shopee,SKU-FSH-002,Kemeja Flanel Kotak Lengan Panjang,Fashion,214868,32078,15000,8594,RETURNED,2026-08-24 00:00:00,2,"Barang mati total saat diterima, respon garansi lambat!"
ORD-20260381,Lazada,SKU-FSH-002,Kemeja Flanel Kotak Lengan Panjang,Fashion,736477,16023,5000,29459,RETURNED,2026-08-10 00:00:00,2,"Bahan tipis tidak sesuai deskripsi produk, ajukan retur."
ORD-20260382,Shopee,SKU-KCT-002,Sunscreen Gel SPF 50 PA++++,Kecantikan,127766,15151,15000,5110,COMPLETED,2026-09-02 00:00:00,5,"Barang original 100%, mantap recommended seller!"
ORD-20260383,TikTok Shop,SKU-FSH-001,Kaos Polos Cotton Combed 30s,Fashion,187293,32002,10000,7491,COMPLETED,2026-04-27 00:00:00,5,"Barang original 100%, mantap recommended seller!"
ORD-20260384,Shopee,SKU-FSH-002,Kemeja Flanel Kotak Lengan Panjang,Fashion,478398,12983,25000,19135,COMPLETED,2026-08-09 00:00:00,5,"Sangat puas belanja di toko ini, seller ramah dan responsif."
ORD-20260385,Lazada,SKU-ELC-001,Headset Bluetooth Wireless TWS,Elektronik,113811,30240,15000,4552,COMPLETED,2026-04-30 00:00:00,3,"Biasa saja, pengiriman agak lama."
ORD-20260386,Tokopedia,SKU-PRM-001,Wajan Anti Lengket Granite 24cm,Perlengkapan Rumah,269581,10679,15000,10783,COMPLETED,2026-02-22 00:00:00,4,"Barang original 100%, mantap recommended seller!"
ORD-20260387,Lazada,SKU-ELC-002,Powerbank Fast Charging 10000mAh,Elektronik,463756,22019,25000,18550,COMPLETED,2026-08-26 00:00:00,5,"Kualitas ok sesuai harga, barang berfungsi dengan baik."
ORD-20260388,TikTok Shop,SKU-FSH-001,Kaos Polos Cotton Combed 30s,Fashion,654763,22788,10000,26190,CANCELLED,2026-04-06 00:00:00,,
ORD-20260389,Shopee,SKU-ELC-002,Powerbank Fast Charging 10000mAh,Elektronik,615246,19875,10000,24609,RETURNED,2026-03-23 00:00:00,1,"Pengiriman lama sekali, kemasan penyok dan barang agak lecet."
ORD-20260390,Shopee,SKU-ELC-001,Headset Bluetooth Wireless TWS,Elektronik,171834,28621,10000,6873,COMPLETED,2026-01-12 00:00:00,5,"Produk bagus banget, pengiriman cepat dan packing rapi!"
ORD-20260391,TikTok Shop,SKU-KCT-002,Sunscreen Gel SPF 50 PA++++,Kecantikan,73978,15146,15000,2959,RETURNED,2026-02-17 00:00:00,1,"Bahan tipis tidak sesuai deskripsi produk, ajukan retur."
ORD-20260392,Lazada,SKU-ELC-001,Headset Bluetooth Wireless TWS,Elektronik,541879,14565,0,21675,RETURNED,2026-04-27 00:00:00,1,"Bahan tipis tidak sesuai deskripsi produk, ajukan retur."
ORD-20260393,Lazada,SKU-FSH-001,Kaos Polos Cotton Combed 30s,Fashion,629706,33054,15000,25188,COMPLETED,2026-05-03 00:00:00,5,"Barang original 100%, mantap recommended seller!"
ORD-20260394,Lazada,SKU-FSH-001,Kaos Polos Cotton Combed 30s,Fashion,84735,29539,15000,3389,COMPLETED,2026-07-12 00:00:00,5,"Sangat puas belanja di toko ini, seller ramah dan responsif."
ORD-20260395,Lazada,SKU-KCT-002,Sunscreen Gel SPF 50 PA++++,Kecantikan,242128,23182,25000,9685,COMPLETED,2026-02-19 00:00:00,4,"Barang original 100%, mantap recommended seller!"
ORD-20260396,Shopee,SKU-ELC-001,Headset Bluetooth Wireless TWS,Elektronik,297439,12577,10000,11897,COMPLETED,2026-07-19 00:00:00,4,"Produk bagus banget, pengiriman cepat dan packing rapi!"
ORD-20260397,Tokopedia,SKU-PRM-001,Wajan Anti Lengket Granite 24cm,Perlengkapan Rumah,378294,21351,5000,15131,COMPLETED,2026-07-21 00:00:00,5,"Kualitas ok sesuai harga, barang berfungsi dengan baik."
ORD-20260398,Shopee,SKU-ELC-001,Headset Bluetooth Wireless TWS,Elektronik,161718,29716,25000,6468,COMPLETED,2026-02-18 00:00:00,3,"Biasa saja, pengiriman agak lama."
ORD-20260399,Lazada,SKU-ELC-001,Headset Bluetooth Wireless TWS,Elektronik,502489,12291,15000,20099,COMPLETED,2026-02-23 00:00:00,5,"Sangat puas belanja di toko ini, seller ramah dan responsif."
ORD-20260400,Lazada,SKU-FSH-002,Kemeja Flanel Kotak Lengan Panjang,Fashion,653733,21504,0,26149,COMPLETED,2026-06-29 00:00:00,5,"Produk bagus banget, pengiriman cepat dan packing rapi!"
ORD-20260401,Lazada,SKU-ELC-002,Powerbank Fast Charging 10000mAh,Elektronik,47106,33305,15000,1884,COMPLETED,2026-05-22 00:00:00,5,"Barang original 100%, mantap recommended seller!"
ORD-20260402,Tokopedia,SKU-FSH-002,Kemeja Flanel Kotak Lengan Panjang,Fashion,610710,20945,5000,24428,COMPLETED,2026-06-19 00:00:00,5,"Produk bagus banget, pengiriman cepat dan packing rapi!"
ORD-20260403,Tokopedia,SKU-PRM-001,Wajan Anti Lengket Granite 24cm,Perlengkapan Rumah,731291,12072,15000,29251,COMPLETED,2026-05-13 00:00:00,5,"Kualitas ok sesuai harga, barang berfungsi dengan baik."
ORD-20260404,TikTok Shop,SKU-KSH-001,Minyak Angin Aromatheraphy 10ml,Kesehatan,707336,28069,5000,28293,COMPLETED,2026-08-03 00:00:00,5,"Barang original 100%, mantap recommended seller!"
ORD-20260405,Shopee,SKU-ELC-002,Powerbank Fast Charging 10000mAh,Elektronik,476350,34043,0,19054,COMPLETED,2026-07-08 00:00:00,5,"Barang original 100%, mantap recommended seller!"
ORD-20260406,Lazada,SKU-FSH-002,Kemeja Flanel Kotak Lengan Panjang,Fashion,219124,25614,0,8764,RETURNED,2026-02-15 00:00:00,1,"Ukuran baju terlalu kecil dan jahitan tidak rapi, kecewa."
ORD-20260407,Lazada,SKU-KCT-001,Serum Wajah Brightening Vitamin C,Kecantikan,406619,32848,15000,16264,COMPLETED,2026-07-26 00:00:00,4,"Barang original 100%, mantap recommended seller!"
ORD-20260408,Lazada,SKU-KCT-001,Serum Wajah Brightening Vitamin C,Kecantikan,467772,11796,15000,18710,COMPLETED,2026-03-04 00:00:00,5,"Sangat puas belanja di toko ini, seller ramah dan responsif."
ORD-20260409,TikTok Shop,SKU-KCT-001,Serum Wajah Brightening Vitamin C,Kecantikan,629712,27003,25000,25188,RETURNED,2026-04-22 00:00:00,1,"Pengiriman lama sekali, kemasan penyok dan barang agak lecet."
ORD-20260410,TikTok Shop,SKU-FSH-001,Kaos Polos Cotton Combed 30s,Fashion,437790,12057,5000,17511,COMPLETED,2026-06-14 00:00:00,3,"Biasa saja, pengiriman agak lama."
ORD-20260411,TikTok Shop,SKU-FSH-002,Kemeja Flanel Kotak Lengan Panjang,Fashion,344374,13360,10000,13774,COMPLETED,2026-04-22 00:00:00,5,"Sangat puas belanja di toko ini, seller ramah dan responsif."
ORD-20260412,Tokopedia,SKU-PRM-001,Wajan Anti Lengket Granite 24cm,Perlengkapan Rumah,38131,18490,0,1525,COMPLETED,2026-08-02 00:00:00,5,"Produk bagus banget, pengiriman cepat dan packing rapi!"
ORD-20260413,Shopee,SKU-FSH-001,Kaos Polos Cotton Combed 30s,Fashion,295062,21875,5000,11802,COMPLETED,2026-03-07 00:00:00,5,"Sangat puas belanja di toko ini, seller ramah dan responsif."
ORD-20260414,Lazada,SKU-PRM-001,Wajan Anti Lengket Granite 24cm,Perlengkapan Rumah,210472,28342,25000,8418,COMPLETED,2026-03-17 00:00:00,3,"Biasa saja, pengiriman agak lama."
ORD-20260415,Shopee,SKU-ELC-002,Powerbank Fast Charging 10000mAh,Elektronik,652147,29240,25000,26085,COMPLETED,2026-06-21 00:00:00,4,"Barang original 100%, mantap recommended seller!"
ORD-20260416,Shopee,SKU-ELC-002,Powerbank Fast Charging 10000mAh,Elektronik,327039,26966,5000,13081,COMPLETED,2026-06-18 00:00:00,5,"Produk bagus banget, pengiriman cepat dan packing rapi!"
ORD-20260417,Shopee,SKU-KCT-002,Sunscreen Gel SPF 50 PA++++,Kecantikan,526676,26688,25000,21067,RETURNED,2026-06-29 00:00:00,1,"Barang mati total saat diterima, respon garansi lambat!"
ORD-20260418,Lazada,SKU-ELC-002,Powerbank Fast Charging 10000mAh,Elektronik,282926,32066,25000,11317,COMPLETED,2026-06-06 00:00:00,5,"Sangat puas belanja di toko ini, seller ramah dan responsif."
ORD-20260419,TikTok Shop,SKU-ELC-001,Headset Bluetooth Wireless TWS,Elektronik,558685,28546,5000,22347,COMPLETED,2026-03-03 00:00:00,5,"Barang original 100%, mantap recommended seller!"
ORD-20260420,Shopee,SKU-FSH-002,Kemeja Flanel Kotak Lengan Panjang,Fashion,662865,18612,10000,26514,COMPLETED,2026-01-12 00:00:00,5,"Produk bagus banget, pengiriman cepat dan packing rapi!"
ORD-20260421,Shopee,SKU-ELC-001,Headset Bluetooth Wireless TWS,Elektronik,239554,12491,0,9582,COMPLETED,2026-05-17 00:00:00,5,"Barang original 100%, mantap recommended seller!"
ORD-20260422,TikTok Shop,SKU-ELC-002,Powerbank Fast Charging 10000mAh,Elektronik,487955,32556,0,19518,CANCELLED,2026-04-22 00:00:00,,
ORD-20260423,TikTok Shop,SKU-ELC-002,Powerbank Fast Charging 10000mAh,Elektronik,713673,25699,5000,28546,CANCELLED,2026-03-13 00:00:00,,
ORD-20260424,Shopee,SKU-KCT-001,Serum Wajah Brightening Vitamin C,Kecantikan,385146,23304,10000,15405,COMPLETED,2026-03-04 00:00:00,5,"Produk bagus banget, pengiriman cepat dan packing rapi!"
ORD-20260425,Lazada,SKU-ELC-002,Powerbank Fast Charging 10000mAh,Elektronik,205872,22797,15000,8234,RETURNED,2026-01-29 00:00:00,1,"Pengiriman lama sekali, kemasan penyok dan barang agak lecet."
ORD-20260426,Shopee,SKU-KCT-002,Sunscreen Gel SPF 50 PA++++,Kecantikan,612436,10489,5000,24497,COMPLETED,2026-04-12 00:00:00,4,"Kualitas ok sesuai harga, barang berfungsi dengan baik."
ORD-20260427,Tokopedia,SKU-KCT-001,Serum Wajah Brightening Vitamin C,Kecantikan,469884,27305,0,18795,COMPLETED,2026-03-31 00:00:00,4,"Kualitas ok sesuai harga, barang berfungsi dengan baik."
ORD-20260428,TikTok Shop,SKU-FSH-001,Kaos Polos Cotton Combed 30s,Fashion,631871,28311,25000,25274,COMPLETED,2026-06-13 00:00:00,5,"Produk bagus banget, pengiriman cepat dan packing rapi!"
ORD-20260429,TikTok Shop,SKU-KCT-001,Serum Wajah Brightening Vitamin C,Kecantikan,261890,25205,0,10475,CANCELLED,2026-03-16 00:00:00,,
ORD-20260430,TikTok Shop,SKU-FSH-001,Kaos Polos Cotton Combed 30s,Fashion,654078,34256,5000,26163,COMPLETED,2026-08-03 00:00:00,5,"Barang original 100%, mantap recommended seller!"
ORD-20260431,TikTok Shop,SKU-KCT-002,Sunscreen Gel SPF 50 PA++++,Kecantikan,159749,23462,25000,6389,RETURNED,2026-02-01 00:00:00,1,"Pengiriman lama sekali, kemasan penyok dan barang agak lecet."
ORD-20260432,Lazada,SKU-ELC-002,Powerbank Fast Charging 10000mAh,Elektronik,640317,25580,15000,25612,RETURNED,2026-02-16 00:00:00,2,"Ukuran baju terlalu kecil dan jahitan tidak rapi, kecewa."
ORD-20260433,Tokopedia,SKU-FSH-002,Kemeja Flanel Kotak Lengan Panjang,Fashion,376754,11226,25000,15070,CANCELLED,2026-05-29 00:00:00,,
ORD-20260434,Tokopedia,SKU-FSH-002,Kemeja Flanel Kotak Lengan Panjang,Fashion,373021,27396,5000,14920,COMPLETED,2026-07-06 00:00:00,5,"Kualitas ok sesuai harga, barang berfungsi dengan baik."
ORD-20260435,TikTok Shop,SKU-KSH-001,Minyak Angin Aromatheraphy 10ml,Kesehatan,321553,22404,5000,12862,RETURNED,2026-08-24 00:00:00,1,"Pengiriman lama sekali, kemasan penyok dan barang agak lecet."
ORD-20260436,Lazada,SKU-ELC-002,Powerbank Fast Charging 10000mAh,Elektronik,276169,14417,5000,11046,COMPLETED,2026-05-23 00:00:00,5,"Barang original 100%, mantap recommended seller!"
ORD-20260437,Lazada,SKU-PRM-001,Wajan Anti Lengket Granite 24cm,Perlengkapan Rumah,58666,15126,15000,2346,COMPLETED,2026-05-10 00:00:00,5,"Produk bagus banget, pengiriman cepat dan packing rapi!"
ORD-20260438,TikTok Shop,SKU-KSH-001,Minyak Angin Aromatheraphy 10ml,Kesehatan,192126,22539,0,7685,COMPLETED,2026-02-13 00:00:00,5,"Produk bagus banget, pengiriman cepat dan packing rapi!"
ORD-20260439,TikTok Shop,SKU-KCT-001,Serum Wajah Brightening Vitamin C,Kecantikan,258435,21832,10000,10337,CANCELLED,2026-03-14 00:00:00,,
ORD-20260440,Lazada,SKU-FSH-001,Kaos Polos Cotton Combed 30s,Fashion,686104,21189,15000,27444,COMPLETED,2026-07-24 00:00:00,5,"Barang original 100%, mantap recommended seller!"
ORD-20260441,Shopee,SKU-PRM-001,Wajan Anti Lengket Granite 24cm,Perlengkapan Rumah,352555,14180,25000,14102,COMPLETED,2026-03-27 00:00:00,5,"Kualitas ok sesuai harga, barang berfungsi dengan baik."
ORD-20260442,Lazada,SKU-KCT-002,Sunscreen Gel SPF 50 PA++++,Kecantikan,163608,26279,15000,6544,COMPLETED,2026-05-16 00:00:00,4,"Kualitas ok sesuai harga, barang berfungsi dengan baik."
ORD-20260443,Tokopedia,SKU-KSH-001,Minyak Angin Aromatheraphy 10ml,Kesehatan,429435,17165,15000,17177,COMPLETED,2026-06-12 00:00:00,4,"Barang original 100%, mantap recommended seller!"
ORD-20260444,Tokopedia,SKU-KCT-002,Sunscreen Gel SPF 50 PA++++,Kecantikan,459920,23790,0,18396,CANCELLED,2026-05-23 00:00:00,,
ORD-20260445,Lazada,SKU-PRM-001,Wajan Anti Lengket Granite 24cm,Perlengkapan Rumah,152978,14616,0,6119,RETURNED,2026-02-10 00:00:00,1,"Ukuran baju terlalu kecil dan jahitan tidak rapi, kecewa."
ORD-20260446,Tokopedia,SKU-KCT-001,Serum Wajah Brightening Vitamin C,Kecantikan,454544,31265,25000,18181,COMPLETED,2026-05-18 00:00:00,5,"Sangat puas belanja di toko ini, seller ramah dan responsif."
ORD-20260447,Tokopedia,SKU-KCT-001,Serum Wajah Brightening Vitamin C,Kecantikan,552178,30691,25000,22087,RETURNED,2026-03-26 00:00:00,1,"Barang mati total saat diterima, respon garansi lambat!"
ORD-20260448,Lazada,SKU-KCT-002,Sunscreen Gel SPF 50 PA++++,Kecantikan,121114,11081,15000,4844,COMPLETED,2026-03-17 00:00:00,3,"Biasa saja, pengiriman agak lama."
ORD-20260449,Tokopedia,SKU-KSH-001,Minyak Angin Aromatheraphy 10ml,Kesehatan,727957,27724,0,29118,RETURNED,2026-01-27 00:00:00,1,"Barang mati total saat diterima, respon garansi lambat!"
ORD-20260450,Lazada,SKU-ELC-001,Headset Bluetooth Wireless TWS,Elektronik,606067,13440,5000,24242,COMPLETED,2026-08-19 00:00:00,3,"Biasa saja, pengiriman agak lama."
ORD-20260451,Lazada,SKU-PRM-001,Wajan Anti Lengket Granite 24cm,Perlengkapan Rumah,654689,14378,5000,26187,COMPLETED,2026-04-17 00:00:00,5,"Produk bagus banget, pengiriman cepat dan packing rapi!"
ORD-20260452,TikTok Shop,SKU-FSH-002,Kemeja Flanel Kotak Lengan Panjang,Fashion,161375,27903,10000,6455,COMPLETED,2026-05-29 00:00:00,3,"Biasa saja, pengiriman agak lama."
ORD-20260453,Tokopedia,SKU-KCT-001,Serum Wajah Brightening Vitamin C,Kecantikan,566442,27680,10000,22657,RETURNED,2026-04-03 00:00:00,2,"Barang mati total saat diterima, respon garansi lambat!"
ORD-20260454,Tokopedia,SKU-FSH-001,Kaos Polos Cotton Combed 30s,Fashion,132310,10197,10000,5292,COMPLETED,2026-02-18 00:00:00,5,"Kualitas ok sesuai harga, barang berfungsi dengan baik."
ORD-20260455,Lazada,SKU-FSH-002,Kemeja Flanel Kotak Lengan Panjang,Fashion,171937,14915,5000,6877,COMPLETED,2026-03-09 00:00:00,5,"Sangat puas belanja di toko ini, seller ramah dan responsif."
ORD-20260456,Tokopedia,SKU-KSH-001,Minyak Angin Aromatheraphy 10ml,Kesehatan,199594,13971,5000,7983,CANCELLED,2026-05-11 00:00:00,,
ORD-20260457,TikTok Shop,SKU-ELC-001,Headset Bluetooth Wireless TWS,Elektronik,318138,17206,25000,12725,RETURNED,2026-07-07 00:00:00,1,"Barang mati total saat diterima, respon garansi lambat!"
ORD-20260458,Shopee,SKU-KCT-001,Serum Wajah Brightening Vitamin C,Kecantikan,395516,16352,5000,15820,COMPLETED,2026-03-08 00:00:00,4,"Barang original 100%, mantap recommended seller!"
ORD-20260459,Tokopedia,SKU-FSH-002,Kemeja Flanel Kotak Lengan Panjang,Fashion,490939,25655,10000,19637,COMPLETED,2026-08-19 00:00:00,5,"Barang original 100%, mantap recommended seller!"
ORD-20260460,TikTok Shop,SKU-KCT-001,Serum Wajah Brightening Vitamin C,Kecantikan,152708,19567,0,6108,CANCELLED,2026-02-20 00:00:00,,
ORD-20260461,Tokopedia,SKU-FSH-001,Kaos Polos Cotton Combed 30s,Fashion,718296,27110,25000,28731,COMPLETED,2026-02-11 00:00:00,5,"Produk bagus banget, pengiriman cepat dan packing rapi!"
ORD-20260462,TikTok Shop,SKU-KSH-001,Minyak Angin Aromatheraphy 10ml,Kesehatan,410615,25808,0,16424,RETURNED,2026-03-01 00:00:00,2,"Pengiriman lama sekali, kemasan penyok dan barang agak lecet."
ORD-20260463,TikTok Shop,SKU-ELC-001,Headset Bluetooth Wireless TWS,Elektronik,739732,10151,10000,29589,COMPLETED,2026-01-18 00:00:00,3,"Biasa saja, pengiriman agak lama."
ORD-20260464,Tokopedia,SKU-FSH-002,Kemeja Flanel Kotak Lengan Panjang,Fashion,110130,18037,5000,4405,CANCELLED,2026-07-15 00:00:00,,
ORD-20260465,Shopee,SKU-FSH-002,Kemeja Flanel Kotak Lengan Panjang,Fashion,305192,24667,25000,12207,COMPLETED,2026-03-17 00:00:00,3,"Biasa saja, pengiriman agak lama."
ORD-20260466,TikTok Shop,SKU-KCT-002,Sunscreen Gel SPF 50 PA++++,Kecantikan,100688,27377,15000,4027,RETURNED,2026-07-05 00:00:00,1,"Pengiriman lama sekali, kemasan penyok dan barang agak lecet."
ORD-20260467,TikTok Shop,SKU-KSH-001,Minyak Angin Aromatheraphy 10ml,Kesehatan,729408,28922,0,29176,RETURNED,2026-02-23 00:00:00,2,"Bahan tipis tidak sesuai deskripsi produk, ajukan retur."
ORD-20260468,TikTok Shop,SKU-KCT-001,Serum Wajah Brightening Vitamin C,Kecantikan,638774,21106,15000,25550,COMPLETED,2026-06-10 00:00:00,4,"Sangat puas belanja di toko ini, seller ramah dan responsif."
ORD-20260469,Lazada,SKU-FSH-001,Kaos Polos Cotton Combed 30s,Fashion,169263,10474,0,6770,COMPLETED,2026-02-16 00:00:00,5,"Produk bagus banget, pengiriman cepat dan packing rapi!"
ORD-20260470,Shopee,SKU-FSH-002,Kemeja Flanel Kotak Lengan Panjang,Fashion,703659,30500,5000,28146,CANCELLED,2026-03-18 00:00:00,,
ORD-20260471,Tokopedia,SKU-KSH-001,Minyak Angin Aromatheraphy 10ml,Kesehatan,584887,30489,10000,23395,COMPLETED,2026-06-17 00:00:00,5,"Produk bagus banget, pengiriman cepat dan packing rapi!"
ORD-20260472,Tokopedia,SKU-PRM-001,Wajan Anti Lengket Granite 24cm,Perlengkapan Rumah,161333,26902,5000,6453,CANCELLED,2026-05-13 00:00:00,,
ORD-20260473,Tokopedia,SKU-ELC-001,Headset Bluetooth Wireless TWS,Elektronik,229449,24833,10000,9177,COMPLETED,2026-05-03 00:00:00,5,"Produk bagus banget, pengiriman cepat dan packing rapi!"
ORD-20260474,Tokopedia,SKU-ELC-002,Powerbank Fast Charging 10000mAh,Elektronik,153549,28554,15000,6141,COMPLETED,2026-02-26 00:00:00,4,"Produk bagus banget, pengiriman cepat dan packing rapi!"
ORD-20260475,TikTok Shop,SKU-ELC-002,Powerbank Fast Charging 10000mAh,Elektronik,726498,24556,10000,29059,COMPLETED,2026-01-29 00:00:00,3,"Biasa saja, pengiriman agak lama."
ORD-20260476,TikTok Shop,SKU-ELC-001,Headset Bluetooth Wireless TWS,Elektronik,147005,14265,15000,5880,RETURNED,2026-08-20 00:00:00,2,"Bahan tipis tidak sesuai deskripsi produk, ajukan retur."
ORD-20260477,TikTok Shop,SKU-ELC-002,Powerbank Fast Charging 10000mAh,Elektronik,354643,33511,10000,14185,COMPLETED,2026-06-30 00:00:00,3,"Biasa saja, pengiriman agak lama."
ORD-20260478,Shopee,SKU-ELC-001,Headset Bluetooth Wireless TWS,Elektronik,324005,13209,0,12960,COMPLETED,2026-06-09 00:00:00,5,"Sangat puas belanja di toko ini, seller ramah dan responsif."
ORD-20260479,Shopee,SKU-FSH-002,Kemeja Flanel Kotak Lengan Panjang,Fashion,638990,22689,5000,25559,CANCELLED,2026-01-24 00:00:00,,
ORD-20260480,Tokopedia,SKU-KSH-001,Minyak Angin Aromatheraphy 10ml,Kesehatan,275025,13851,0,11001,RETURNED,2026-03-13 00:00:00,1,"Pengiriman lama sekali, kemasan penyok dan barang agak lecet."
ORD-20260481,Lazada,SKU-KCT-001,Serum Wajah Brightening Vitamin C,Kecantikan,57232,24483,10000,2289,COMPLETED,2026-04-06 00:00:00,5,"Kualitas ok sesuai harga, barang berfungsi dengan baik."
ORD-20260482,Shopee,SKU-FSH-001,Kaos Polos Cotton Combed 30s,Fashion,213258,30778,15000,8530,COMPLETED,2026-05-31 00:00:00,4,"Kualitas ok sesuai harga, barang berfungsi dengan baik."
ORD-20260483,Lazada,SKU-ELC-001,Headset Bluetooth Wireless TWS,Elektronik,738005,25549,5000,29520,CANCELLED,2026-08-24 00:00:00,,
ORD-20260484,TikTok Shop,SKU-PRM-001,Wajan Anti Lengket Granite 24cm,Perlengkapan Rumah,739563,24766,0,29582,COMPLETED,2026-07-18 00:00:00,5,"Produk bagus banget, pengiriman cepat dan packing rapi!"
ORD-20260485,Tokopedia,SKU-PRM-001,Wajan Anti Lengket Granite 24cm,Perlengkapan Rumah,616083,14854,15000,24643,COMPLETED,2026-09-01 00:00:00,5,"Barang original 100%, mantap recommended seller!"
ORD-20260486,Tokopedia,SKU-PRM-001,Wajan Anti Lengket Granite 24cm,Perlengkapan Rumah,434919,20924,5000,17396,COMPLETED,2026-06-22 00:00:00,3,"Biasa saja, pengiriman agak lama."
ORD-20260487,TikTok Shop,SKU-KSH-001,Minyak Angin Aromatheraphy 10ml,Kesehatan,186136,24388,5000,7445,COMPLETED,2026-01-16 00:00:00,5,"Kualitas ok sesuai harga, barang berfungsi dengan baik."
ORD-20260488,Shopee,SKU-FSH-002,Kemeja Flanel Kotak Lengan Panjang,Fashion,644184,15618,25000,25767,CANCELLED,2026-05-23 00:00:00,,
ORD-20260489,Lazada,SKU-KCT-002,Sunscreen Gel SPF 50 PA++++,Kecantikan,579229,16429,10000,23169,COMPLETED,2026-02-10 00:00:00,5,"Produk bagus banget, pengiriman cepat dan packing rapi!"
ORD-20260490,TikTok Shop,SKU-ELC-002,Powerbank Fast Charging 10000mAh,Elektronik,520918,17044,10000,20836,COMPLETED,2026-03-13 00:00:00,5,"Produk bagus banget, pengiriman cepat dan packing rapi!"
ORD-20260491,Tokopedia,SKU-FSH-001,Kaos Polos Cotton Combed 30s,Fashion,413163,29588,10000,16526,COMPLETED,2026-02-11 00:00:00,5,"Produk bagus banget, pengiriman cepat dan packing rapi!"
ORD-20260492,Lazada,SKU-KCT-001,Serum Wajah Brightening Vitamin C,Kecantikan,377298,10552,10000,15091,RETURNED,2026-05-10 00:00:00,2,"Pengiriman lama sekali, kemasan penyok dan barang agak lecet."
ORD-20260493,TikTok Shop,SKU-KSH-001,Minyak Angin Aromatheraphy 10ml,Kesehatan,266527,15483,0,10661,COMPLETED,2026-01-30 00:00:00,5,"Sangat puas belanja di toko ini, seller ramah dan responsif."
ORD-20260494,Shopee,SKU-KSH-001,Minyak Angin Aromatheraphy 10ml,Kesehatan,688716,10356,5000,27548,RETURNED,2026-03-03 00:00:00,2,"Bahan tipis tidak sesuai deskripsi produk, ajukan retur."
ORD-20260495,Shopee,SKU-KCT-001,Serum Wajah Brightening Vitamin C,Kecantikan,533986,13976,25000,21359,RETURNED,2026-08-01 00:00:00,1,"Pengiriman lama sekali, kemasan penyok dan barang agak lecet."
ORD-20260496,TikTok Shop,SKU-ELC-001,Headset Bluetooth Wireless TWS,Elektronik,60778,22512,5000,2431,COMPLETED,2026-01-14 00:00:00,5,"Kualitas ok sesuai harga, barang berfungsi dengan baik."
ORD-20260497,Lazada,SKU-FSH-001,Kaos Polos Cotton Combed 30s,Fashion,483401,20449,10000,19336,COMPLETED,2026-04-19 00:00:00,4,"Barang original 100%, mantap recommended seller!"
ORD-20260498,TikTok Shop,SKU-KSH-001,Minyak Angin Aromatheraphy 10ml,Kesehatan,184308,26612,25000,7372,COMPLETED,2026-04-21 00:00:00,4,"Produk bagus banget, pengiriman cepat dan packing rapi!"
ORD-20260499,Lazada,SKU-PRM-001,Wajan Anti Lengket Granite 24cm,Perlengkapan Rumah,632118,19250,5000,25284,COMPLETED,2026-04-13 00:00:00,5,"Sangat puas belanja di toko ini, seller ramah dan responsif."
ORD-20260500,Tokopedia,SKU-KCT-001,Serum Wajah Brightening Vitamin C,Kecantikan,54580,27521,10000,2183,COMPLETED,2026-01-01 00:00:00,5,"Sangat puas belanja di toko ini, seller ramah dan responsif."
ORD-20260501,TikTok Shop,SKU-ELC-002,Powerbank Fast Charging 10000mAh,Elektronik,87771,29719,15000,3510,COMPLETED,2026-06-26 00:00:00,4,"Produk bagus banget, pengiriman cepat dan packing rapi!"
ORD-20260502,TikTok Shop,SKU-ELC-001,Headset Bluetooth Wireless TWS,Elektronik,49846,13315,25000,1993,CANCELLED,2026-02-07 00:00:00,,
ORD-20260503,TikTok Shop,SKU-PRM-001,Wajan Anti Lengket Granite 24cm,Perlengkapan Rumah,572943,23987,0,22917,COMPLETED,2026-01-20 00:00:00,5,"Barang original 100%, mantap recommended seller!"
ORD-20260504,Shopee,SKU-KCT-001,Serum Wajah Brightening Vitamin C,Kecantikan,565084,13861,0,22603,COMPLETED,2026-02-11 00:00:00,3,"Biasa saja, pengiriman agak lama."
ORD-20260505,TikTok Shop,SKU-FSH-001,Kaos Polos Cotton Combed 30s,Fashion,573253,18049,10000,22930,COMPLETED,2026-08-23 00:00:00,5,"Barang original 100%, mantap recommended seller!"
ORD-20260506,Lazada,SKU-ELC-002,Powerbank Fast Charging 10000mAh,Elektronik,133244,17272,5000,5329,RETURNED,2026-01-06 00:00:00,1,"Bahan tipis tidak sesuai deskripsi produk, ajukan retur."
ORD-20260507,Tokopedia,SKU-ELC-001,Headset Bluetooth Wireless TWS,Elektronik,211744,26319,0,8469,COMPLETED,2026-07-26 00:00:00,4,"Produk bagus banget, pengiriman cepat dan packing rapi!"
ORD-20260508,Lazada,SKU-PRM-001,Wajan Anti Lengket Granite 24cm,Perlengkapan Rumah,195463,21147,5000,7818,COMPLETED,2026-07-06 00:00:00,5,"Produk bagus banget, pengiriman cepat dan packing rapi!"
ORD-20260509,Shopee,SKU-ELC-001,Headset Bluetooth Wireless TWS,Elektronik,743944,14702,0,29757,RETURNED,2026-08-28 00:00:00,2,"Pengiriman lama sekali, kemasan penyok dan barang agak lecet."
ORD-20260510,TikTok Shop,SKU-KSH-001,Minyak Angin Aromatheraphy 10ml,Kesehatan,445729,17217,0,17829,CANCELLED,2026-08-06 00:00:00,,
ORD-20260511,Shopee,SKU-FSH-001,Kaos Polos Cotton Combed 30s,Fashion,710374,17710,25000,28414,CANCELLED,2026-08-30 00:00:00,,
ORD-20260512,Tokopedia,SKU-FSH-001,Kaos Polos Cotton Combed 30s,Fashion,37723,21307,10000,1508,CANCELLED,2026-05-25 00:00:00,,
ORD-20260513,Lazada,SKU-KCT-001,Serum Wajah Brightening Vitamin C,Kecantikan,468918,26122,5000,18756,COMPLETED,2026-02-20 00:00:00,4,"Kualitas ok sesuai harga, barang berfungsi dengan baik."
ORD-20260514,Tokopedia,SKU-FSH-002,Kemeja Flanel Kotak Lengan Panjang,Fashion,109212,26178,15000,4368,COMPLETED,2026-08-23 00:00:00,5,"Kualitas ok sesuai harga, barang berfungsi dengan baik."
ORD-20260515,Lazada,SKU-ELC-002,Powerbank Fast Charging 10000mAh,Elektronik,691754,19295,5000,27670,COMPLETED,2026-04-11 00:00:00,4,"Sangat puas belanja di toko ini, seller ramah dan responsif."
ORD-20260516,Lazada,SKU-KSH-001,Minyak Angin Aromatheraphy 10ml,Kesehatan,610240,30825,25000,24409,COMPLETED,2026-07-22 00:00:00,3,"Biasa saja, pengiriman agak lama."
ORD-20260517,Lazada,SKU-ELC-002,Powerbank Fast Charging 10000mAh,Elektronik,422366,14764,10000,16894,COMPLETED,2026-03-18 00:00:00,5,"Kualitas ok sesuai harga, barang berfungsi dengan baik."
ORD-20260518,Lazada,SKU-PRM-001,Wajan Anti Lengket Granite 24cm,Perlengkapan Rumah,451957,33979,15000,18078,COMPLETED,2026-07-16 00:00:00,5,"Produk bagus banget, pengiriman cepat dan packing rapi!"
ORD-20260519,Shopee,SKU-KSH-001,Minyak Angin Aromatheraphy 10ml,Kesehatan,365421,14371,10000,14616,COMPLETED,2026-08-22 00:00:00,4,"Barang original 100%, mantap recommended seller!"
ORD-20260520,Shopee,SKU-FSH-001,Kaos Polos Cotton Combed 30s,Fashion,232755,28738,10000,9310,COMPLETED,2026-02-06 00:00:00,4,"Kualitas ok sesuai harga, barang berfungsi dengan baik."
ORD-20260521,TikTok Shop,SKU-FSH-002,Kemeja Flanel Kotak Lengan Panjang,Fashion,69472,13373,15000,2778,CANCELLED,2026-08-13 00:00:00,,
ORD-20260522,TikTok Shop,SKU-FSH-002,Kemeja Flanel Kotak Lengan Panjang,Fashion,303629,33881,15000,12145,COMPLETED,2026-07-06 00:00:00,4,"Produk bagus banget, pengiriman cepat dan packing rapi!"
ORD-20260523,Lazada,SKU-ELC-002,Powerbank Fast Charging 10000mAh,Elektronik,259632,32469,0,10385,COMPLETED,2026-05-11 00:00:00,5,"Barang original 100%, mantap recommended seller!"
ORD-20260524,Shopee,SKU-FSH-002,Kemeja Flanel Kotak Lengan Panjang,Fashion,268964,10412,15000,10758,RETURNED,2026-01-17 00:00:00,2,"Ukuran baju terlalu kecil dan jahitan tidak rapi, kecewa."
ORD-20260525,Lazada,SKU-ELC-001,Headset Bluetooth Wireless TWS,Elektronik,103181,17831,10000,4127,COMPLETED,2026-06-21 00:00:00,5,"Kualitas ok sesuai harga, barang berfungsi dengan baik."
ORD-20260526,Shopee,SKU-KCT-002,Sunscreen Gel SPF 50 PA++++,Kecantikan,320827,24738,25000,12833,RETURNED,2026-08-06 00:00:00,1,"Ukuran baju terlalu kecil dan jahitan tidak rapi, kecewa."
ORD-20260527,Tokopedia,SKU-FSH-001,Kaos Polos Cotton Combed 30s,Fashion,591887,14696,0,23675,COMPLETED,2026-03-20 00:00:00,3,"Biasa saja, pengiriman agak lama."
ORD-20260528,Shopee,SKU-PRM-001,Wajan Anti Lengket Granite 24cm,Perlengkapan Rumah,203648,24199,5000,8145,COMPLETED,2026-07-16 00:00:00,5,"Produk bagus banget, pengiriman cepat dan packing rapi!"
ORD-20260529,TikTok Shop,SKU-FSH-001,Kaos Polos Cotton Combed 30s,Fashion,430000,17080,5000,17200,COMPLETED,2026-05-26 00:00:00,5,"Barang original 100%, mantap recommended seller!"
ORD-20260530,TikTok Shop,SKU-ELC-002,Powerbank Fast Charging 10000mAh,Elektronik,345439,24744,0,13817,RETURNED,2026-05-24 00:00:00,1,"Pengiriman lama sekali, kemasan penyok dan barang agak lecet."
ORD-20260531,Lazada,SKU-KCT-001,Serum Wajah Brightening Vitamin C,Kecantikan,151744,14275,15000,6069,COMPLETED,2026-04-22 00:00:00,3,"Biasa saja, pengiriman agak lama."
ORD-20260532,Lazada,SKU-FSH-002,Kemeja Flanel Kotak Lengan Panjang,Fashion,525287,23525,10000,21011,COMPLETED,2026-05-29 00:00:00,3,"Biasa saja, pengiriman agak lama."
ORD-20260533,TikTok Shop,SKU-KSH-001,Minyak Angin Aromatheraphy 10ml,Kesehatan,470686,10847,5000,18827,COMPLETED,2026-07-26 00:00:00,5,"Barang original 100%, mantap recommended seller!"
ORD-20260534,Tokopedia,SKU-ELC-001,Headset Bluetooth Wireless TWS,Elektronik,271476,29857,25000,10859,CANCELLED,2026-04-13 00:00:00,,
ORD-20260535,Shopee,SKU-ELC-001,Headset Bluetooth Wireless TWS,Elektronik,81800,10892,25000,3272,COMPLETED,2026-04-08 00:00:00,3,"Biasa saja, pengiriman agak lama."
ORD-20260536,Tokopedia,SKU-ELC-001,Headset Bluetooth Wireless TWS,Elektronik,382885,11731,5000,15315,COMPLETED,2026-02-11 00:00:00,4,"Kualitas ok sesuai harga, barang berfungsi dengan baik."
ORD-20260537,TikTok Shop,SKU-KSH-001,Minyak Angin Aromatheraphy 10ml,Kesehatan,270175,10806,15000,10807,CANCELLED,2026-01-22 00:00:00,,
ORD-20260538,Lazada,SKU-PRM-001,Wajan Anti Lengket Granite 24cm,Perlengkapan Rumah,525612,28293,25000,21024,COMPLETED,2026-06-05 00:00:00,3,"Biasa saja, pengiriman agak lama."
ORD-20260539,TikTok Shop,SKU-KCT-002,Sunscreen Gel SPF 50 PA++++,Kecantikan,374242,10410,5000,14969,COMPLETED,2026-02-16 00:00:00,3,"Biasa saja, pengiriman agak lama."
ORD-20260540,Tokopedia,SKU-KCT-002,Sunscreen Gel SPF 50 PA++++,Kecantikan,698924,26726,25000,27956,CANCELLED,2026-06-08 00:00:00,,
ORD-20260541,Shopee,SKU-KCT-001,Serum Wajah Brightening Vitamin C,Kecantikan,45552,25323,25000,1822,CANCELLED,2026-06-20 00:00:00,,
ORD-20260542,Tokopedia,SKU-KCT-002,Sunscreen Gel SPF 50 PA++++,Kecantikan,587557,29800,25000,23502,CANCELLED,2026-01-04 00:00:00,,
ORD-20260543,TikTok Shop,SKU-ELC-002,Powerbank Fast Charging 10000mAh,Elektronik,283087,17577,10000,11323,COMPLETED,2026-02-01 00:00:00,5,"Produk bagus banget, pengiriman cepat dan packing rapi!"
ORD-20260544,TikTok Shop,SKU-KCT-002,Sunscreen Gel SPF 50 PA++++,Kecantikan,575708,24624,25000,23028,COMPLETED,2026-04-22 00:00:00,5,"Sangat puas belanja di toko ini, seller ramah dan responsif."
ORD-20260545,Tokopedia,SKU-FSH-001,Kaos Polos Cotton Combed 30s,Fashion,439250,26335,0,17570,CANCELLED,2026-01-02 00:00:00,,
ORD-20260546,Lazada,SKU-PRM-001,Wajan Anti Lengket Granite 24cm,Perlengkapan Rumah,596756,23239,5000,23870,COMPLETED,2026-03-26 00:00:00,5,"Kualitas ok sesuai harga, barang berfungsi dengan baik."
ORD-20260547,Tokopedia,SKU-KCT-002,Sunscreen Gel SPF 50 PA++++,Kecantikan,194230,25575,0,7769,RETURNED,2026-08-30 00:00:00,1,"Ukuran baju terlalu kecil dan jahitan tidak rapi, kecewa."
ORD-20260548,Lazada,SKU-PRM-001,Wajan Anti Lengket Granite 24cm,Perlengkapan Rumah,709493,21646,10000,28379,CANCELLED,2026-06-03 00:00:00,,
ORD-20260549,TikTok Shop,SKU-KSH-001,Minyak Angin Aromatheraphy 10ml,Kesehatan,360994,11026,25000,14439,COMPLETED,2026-04-22 00:00:00,5,"Kualitas ok sesuai harga, barang berfungsi dengan baik."
ORD-20260550,TikTok Shop,SKU-FSH-002,Kemeja Flanel Kotak Lengan Panjang,Fashion,259054,10673,5000,10362,CANCELLED,2026-06-20 00:00:00,,
ORD-20260551,Lazada,SKU-ELC-001,Headset Bluetooth Wireless TWS,Elektronik,510270,11360,10000,20410,COMPLETED,2026-05-20 00:00:00,5,"Produk bagus banget, pengiriman cepat dan packing rapi!"
ORD-20260552,TikTok Shop,SKU-FSH-001,Kaos Polos Cotton Combed 30s,Fashion,620799,19042,25000,24831,RETURNED,2026-06-26 00:00:00,2,"Pengiriman lama sekali, kemasan penyok dan barang agak lecet."
ORD-20260553,Lazada,SKU-PRM-001,Wajan Anti Lengket Granite 24cm,Perlengkapan Rumah,341682,16761,0,13667,COMPLETED,2026-02-21 00:00:00,3,"Biasa saja, pengiriman agak lama."
ORD-20260554,Lazada,SKU-ELC-002,Powerbank Fast Charging 10000mAh,Elektronik,626002,15867,10000,25040,COMPLETED,2026-04-21 00:00:00,5,"Barang original 100%, mantap recommended seller!"
ORD-20260555,TikTok Shop,SKU-FSH-001,Kaos Polos Cotton Combed 30s,Fashion,706860,16846,25000,28274,COMPLETED,2026-05-30 00:00:00,5,"Produk bagus banget, pengiriman cepat dan packing rapi!"
ORD-20260556,Shopee,SKU-PRM-001,Wajan Anti Lengket Granite 24cm,Perlengkapan Rumah,243861,25138,15000,9754,RETURNED,2026-05-27 00:00:00,2,"Pengiriman lama sekali, kemasan penyok dan barang agak lecet."
ORD-20260557,Shopee,SKU-KCT-002,Sunscreen Gel SPF 50 PA++++,Kecantikan,741257,25143,5000,29650,CANCELLED,2026-06-29 00:00:00,,
ORD-20260558,TikTok Shop,SKU-ELC-002,Powerbank Fast Charging 10000mAh,Elektronik,239788,20741,15000,9591,CANCELLED,2026-06-07 00:00:00,,
ORD-20260559,TikTok Shop,SKU-KSH-001,Minyak Angin Aromatheraphy 10ml,Kesehatan,605483,23254,25000,24219,CANCELLED,2026-04-28 00:00:00,,
ORD-20260560,TikTok Shop,SKU-FSH-001,Kaos Polos Cotton Combed 30s,Fashion,361136,14753,0,14445,COMPLETED,2026-06-10 00:00:00,5,"Produk bagus banget, pengiriman cepat dan packing rapi!"
ORD-20260561,TikTok Shop,SKU-KCT-001,Serum Wajah Brightening Vitamin C,Kecantikan,708814,30298,5000,28352,COMPLETED,2026-08-20 00:00:00,5,"Barang original 100%, mantap recommended seller!"
ORD-20260562,Lazada,SKU-ELC-001,Headset Bluetooth Wireless TWS,Elektronik,602939,17207,0,24117,COMPLETED,2026-07-22 00:00:00,5,"Kualitas ok sesuai harga, barang berfungsi dengan baik."
ORD-20260563,Tokopedia,SKU-ELC-002,Powerbank Fast Charging 10000mAh,Elektronik,375212,23611,25000,15008,COMPLETED,2026-06-25 00:00:00,5,"Kualitas ok sesuai harga, barang berfungsi dengan baik."
ORD-20260564,Shopee,SKU-ELC-001,Headset Bluetooth Wireless TWS,Elektronik,673160,24905,0,26926,COMPLETED,2026-04-10 00:00:00,4,"Sangat puas belanja di toko ini, seller ramah dan responsif."
ORD-20260565,Lazada,SKU-FSH-002,Kemeja Flanel Kotak Lengan Panjang,Fashion,705701,16596,5000,28228,COMPLETED,2026-04-20 00:00:00,5,"Produk bagus banget, pengiriman cepat dan packing rapi!"
ORD-20260566,Lazada,SKU-ELC-001,Headset Bluetooth Wireless TWS,Elektronik,382713,29080,10000,15308,COMPLETED,2026-05-07 00:00:00,4,"Barang original 100%, mantap recommended seller!"
ORD-20260567,Lazada,SKU-KCT-001,Serum Wajah Brightening Vitamin C,Kecantikan,692262,14989,0,27690,COMPLETED,2026-03-02 00:00:00,3,"Biasa saja, pengiriman agak lama."
ORD-20260568,Tokopedia,SKU-ELC-002,Powerbank Fast Charging 10000mAh,Elektronik,325638,21599,0,13025,COMPLETED,2026-08-05 00:00:00,5,"Produk bagus banget, pengiriman cepat dan packing rapi!"
ORD-20260569,Tokopedia,SKU-FSH-001,Kaos Polos Cotton Combed 30s,Fashion,537911,24957,5000,21516,CANCELLED,2026-06-24 00:00:00,,
ORD-20260570,Tokopedia,SKU-FSH-001,Kaos Polos Cotton Combed 30s,Fashion,400102,18580,10000,16004,RETURNED,2026-05-14 00:00:00,1,"Bahan tipis tidak sesuai deskripsi produk, ajukan retur."
ORD-20260571,Shopee,SKU-FSH-001,Kaos Polos Cotton Combed 30s,Fashion,697190,32681,0,27887,COMPLETED,2026-04-05 00:00:00,3,"Biasa saja, pengiriman agak lama."
ORD-20260572,Shopee,SKU-ELC-001,Headset Bluetooth Wireless TWS,Elektronik,677285,29779,15000,27091,COMPLETED,2026-07-16 00:00:00,5,"Kualitas ok sesuai harga, barang berfungsi dengan baik."
ORD-20260573,TikTok Shop,SKU-KSH-001,Minyak Angin Aromatheraphy 10ml,Kesehatan,244823,22520,15000,9792,COMPLETED,2026-07-01 00:00:00,5,"Sangat puas belanja di toko ini, seller ramah dan responsif."
ORD-20260574,Shopee,SKU-FSH-001,Kaos Polos Cotton Combed 30s,Fashion,227341,29106,10000,9093,CANCELLED,2026-03-28 00:00:00,,
ORD-20260575,Shopee,SKU-ELC-002,Powerbank Fast Charging 10000mAh,Elektronik,480312,14621,5000,19212,RETURNED,2026-05-15 00:00:00,2,"Ukuran baju terlalu kecil dan jahitan tidak rapi, kecewa."
ORD-20260576,Shopee,SKU-KCT-001,Serum Wajah Brightening Vitamin C,Kecantikan,329318,34177,5000,13172,COMPLETED,2026-01-11 00:00:00,5,"Sangat puas belanja di toko ini, seller ramah dan responsif."
ORD-20260577,Lazada,SKU-ELC-001,Headset Bluetooth Wireless TWS,Elektronik,187586,34152,15000,7503,COMPLETED,2026-04-29 00:00:00,4,"Kualitas ok sesuai harga, barang berfungsi dengan baik."
ORD-20260578,TikTok Shop,SKU-FSH-002,Kemeja Flanel Kotak Lengan Panjang,Fashion,414915,16484,15000,16596,CANCELLED,2026-06-16 00:00:00,,
ORD-20260579,Shopee,SKU-PRM-001,Wajan Anti Lengket Granite 24cm,Perlengkapan Rumah,422930,31770,5000,16917,COMPLETED,2026-05-13 00:00:00,5,"Produk bagus banget, pengiriman cepat dan packing rapi!"
ORD-20260580,Tokopedia,SKU-KCT-001,Serum Wajah Brightening Vitamin C,Kecantikan,51523,25895,5000,2060,COMPLETED,2026-09-01 00:00:00,3,"Biasa saja, pengiriman agak lama."
ORD-20260581,Tokopedia,SKU-FSH-002,Kemeja Flanel Kotak Lengan Panjang,Fashion,436049,26749,0,17441,COMPLETED,2026-09-01 00:00:00,5,"Barang original 100%, mantap recommended seller!"
ORD-20260582,Tokopedia,SKU-FSH-001,Kaos Polos Cotton Combed 30s,Fashion,732931,11836,15000,29317,CANCELLED,2026-05-08 00:00:00,,
ORD-20260583,Lazada,SKU-KCT-001,Serum Wajah Brightening Vitamin C,Kecantikan,287136,13352,25000,11485,COMPLETED,2026-01-08 00:00:00,5,"Produk bagus banget, pengiriman cepat dan packing rapi!"
ORD-20260584,Shopee,SKU-PRM-001,Wajan Anti Lengket Granite 24cm,Perlengkapan Rumah,469329,33257,0,18773,CANCELLED,2026-04-09 00:00:00,,
ORD-20260585,Shopee,SKU-ELC-002,Powerbank Fast Charging 10000mAh,Elektronik,76891,13704,5000,3075,COMPLETED,2026-04-26 00:00:00,4,"Sangat puas belanja di toko ini, seller ramah dan responsif."
ORD-20260586,Lazada,SKU-KSH-001,Minyak Angin Aromatheraphy 10ml,Kesehatan,394259,22475,10000,15770,RETURNED,2026-07-26 00:00:00,2,"Barang mati total saat diterima, respon garansi lambat!"
ORD-20260587,Tokopedia,SKU-KCT-001,Serum Wajah Brightening Vitamin C,Kecantikan,278172,26220,15000,11126,COMPLETED,2026-08-30 00:00:00,5,"Kualitas ok sesuai harga, barang berfungsi dengan baik."
ORD-20260588,Tokopedia,SKU-ELC-002,Powerbank Fast Charging 10000mAh,Elektronik,466538,22115,25000,18661,COMPLETED,2026-08-24 00:00:00,3,"Biasa saja, pengiriman agak lama."
ORD-20260589,Lazada,SKU-KCT-002,Sunscreen Gel SPF 50 PA++++,Kecantikan,669660,27416,5000,26786,COMPLETED,2026-03-21 00:00:00,5,"Sangat puas belanja di toko ini, seller ramah dan responsif."
ORD-20260590,Tokopedia,SKU-KCT-001,Serum Wajah Brightening Vitamin C,Kecantikan,570925,29757,5000,22837,COMPLETED,2026-07-13 00:00:00,4,"Kualitas ok sesuai harga, barang berfungsi dengan baik."
ORD-20260591,Shopee,SKU-KSH-001,Minyak Angin Aromatheraphy 10ml,Kesehatan,417151,22374,25000,16686,COMPLETED,2026-06-01 00:00:00,5,"Barang original 100%, mantap recommended seller!"
ORD-20260592,TikTok Shop,SKU-ELC-002,Powerbank Fast Charging 10000mAh,Elektronik,695388,32761,10000,27815,COMPLETED,2026-07-13 00:00:00,3,"Biasa saja, pengiriman agak lama."
ORD-20260593,Shopee,SKU-FSH-002,Kemeja Flanel Kotak Lengan Panjang,Fashion,633159,17823,10000,25326,COMPLETED,2026-06-01 00:00:00,5,"Barang original 100%, mantap recommended seller!"
ORD-20260594,Shopee,SKU-FSH-001,Kaos Polos Cotton Combed 30s,Fashion,425658,26679,15000,17026,RETURNED,2026-04-10 00:00:00,2,"Ukuran baju terlalu kecil dan jahitan tidak rapi, kecewa."
ORD-20260595,TikTok Shop,SKU-PRM-001,Wajan Anti Lengket Granite 24cm,Perlengkapan Rumah,363965,18230,25000,14558,COMPLETED,2026-04-04 00:00:00,5,"Sangat puas belanja di toko ini, seller ramah dan responsif."
ORD-20260596,Lazada,SKU-FSH-002,Kemeja Flanel Kotak Lengan Panjang,Fashion,67448,34188,0,2697,CANCELLED,2026-03-05 00:00:00,,
ORD-20260597,Tokopedia,SKU-KSH-001,Minyak Angin Aromatheraphy 10ml,Kesehatan,541963,29612,0,21678,COMPLETED,2026-02-09 00:00:00,3,"Biasa saja, pengiriman agak lama."
ORD-20260598,Lazada,SKU-FSH-001,Kaos Polos Cotton Combed 30s,Fashion,437508,18271,10000,17500,COMPLETED,2026-08-30 00:00:00,5,"Barang original 100%, mantap recommended seller!"
ORD-20260599,TikTok Shop,SKU-PRM-001,Wajan Anti Lengket Granite 24cm,Perlengkapan Rumah,89297,18279,25000,3571,COMPLETED,2026-06-01 00:00:00,3,"Biasa saja, pengiriman agak lama."
ORD-20260600,Tokopedia,SKU-PRM-001,Wajan Anti Lengket Granite 24cm,Perlengkapan Rumah,614749,25489,0,24589,COMPLETED,2026-03-07 00:00:00,5,"Produk bagus banget, pengiriman cepat dan packing rapi!"
ORD-20260601,Lazada,SKU-KSH-001,Minyak Angin Aromatheraphy 10ml,Kesehatan,358138,27587,25000,14325,CANCELLED,2026-07-18 00:00:00,,
ORD-20260602,Lazada,SKU-ELC-002,Powerbank Fast Charging 10000mAh,Elektronik,517364,23094,5000,20694,CANCELLED,2026-02-03 00:00:00,,
ORD-20260603,Tokopedia,SKU-PRM-001,Wajan Anti Lengket Granite 24cm,Perlengkapan Rumah,636930,11608,15000,25477,COMPLETED,2026-04-25 00:00:00,3,"Biasa saja, pengiriman agak lama."
ORD-20260604,TikTok Shop,SKU-ELC-002,Powerbank Fast Charging 10000mAh,Elektronik,522575,32920,0,20903,COMPLETED,2026-04-18 00:00:00,5,"Barang original 100%, mantap recommended seller!"
ORD-20260605,Shopee,SKU-FSH-001,Kaos Polos Cotton Combed 30s,Fashion,164008,15823,10000,6560,CANCELLED,2026-04-27 00:00:00,,
ORD-20260606,Shopee,SKU-ELC-001,Headset Bluetooth Wireless TWS,Elektronik,199318,14274,0,7972,COMPLETED,2026-03-15 00:00:00,4,"Kualitas ok sesuai harga, barang berfungsi dengan baik."
ORD-20260607,Tokopedia,SKU-KSH-001,Minyak Angin Aromatheraphy 10ml,Kesehatan,371075,26020,25000,14843,COMPLETED,2026-03-16 00:00:00,5,"Produk bagus banget, pengiriman cepat dan packing rapi!"
ORD-20260608,Tokopedia,SKU-ELC-002,Powerbank Fast Charging 10000mAh,Elektronik,405619,16220,0,16224,RETURNED,2026-05-15 00:00:00,2,"Pengiriman lama sekali, kemasan penyok dan barang agak lecet."
ORD-20260609,Shopee,SKU-KCT-002,Sunscreen Gel SPF 50 PA++++,Kecantikan,579788,25615,15000,23191,COMPLETED,2026-01-15 00:00:00,5,"Barang original 100%, mantap recommended seller!"
ORD-20260610,TikTok Shop,SKU-ELC-001,Headset Bluetooth Wireless TWS,Elektronik,407346,32014,10000,16293,CANCELLED,2026-06-19 00:00:00,,
ORD-20260611,Lazada,SKU-PRM-001,Wajan Anti Lengket Granite 24cm,Perlengkapan Rumah,74918,34139,5000,2996,COMPLETED,2026-08-15 00:00:00,5,"Kualitas ok sesuai harga, barang berfungsi dengan baik."
ORD-20260612,Lazada,SKU-ELC-002,Powerbank Fast Charging 10000mAh,Elektronik,612079,13394,25000,24483,COMPLETED,2026-03-30 00:00:00,3,"Biasa saja, pengiriman agak lama."
ORD-20260613,Shopee,SKU-KSH-001,Minyak Angin Aromatheraphy 10ml,Kesehatan,529718,12158,5000,21188,CANCELLED,2026-07-09 00:00:00,,
ORD-20260614,Tokopedia,SKU-FSH-002,Kemeja Flanel Kotak Lengan Panjang,Fashion,638285,10832,5000,25531,COMPLETED,2026-08-28 00:00:00,5,"Produk bagus banget, pengiriman cepat dan packing rapi!"
ORD-20260615,Tokopedia,SKU-FSH-001,Kaos Polos Cotton Combed 30s,Fashion,721999,29962,10000,28879,COMPLETED,2026-01-12 00:00:00,5,"Sangat puas belanja di toko ini, seller ramah dan responsif."
ORD-20260616,Shopee,SKU-PRM-001,Wajan Anti Lengket Granite 24cm,Perlengkapan Rumah,729056,17617,15000,29162,COMPLETED,2026-07-02 00:00:00,3,"Biasa saja, pengiriman agak lama."
ORD-20260617,Shopee,SKU-PRM-001,Wajan Anti Lengket Granite 24cm,Perlengkapan Rumah,479622,22394,15000,19184,COMPLETED,2026-03-16 00:00:00,3,"Biasa saja, pengiriman agak lama."
ORD-20260618,Shopee,SKU-FSH-001,Kaos Polos Cotton Combed 30s,Fashion,317918,32700,15000,12716,COMPLETED,2026-05-03 00:00:00,5,"Barang original 100%, mantap recommended seller!"
ORD-20260619,TikTok Shop,SKU-KCT-001,Serum Wajah Brightening Vitamin C,Kecantikan,383465,21247,15000,15338,COMPLETED,2026-09-05 00:00:00,5,"Barang original 100%, mantap recommended seller!"
ORD-20260620,Lazada,SKU-ELC-001,Headset Bluetooth Wireless TWS,Elektronik,152100,32900,0,6084,RETURNED,2026-05-19 00:00:00,2,"Pengiriman lama sekali, kemasan penyok dan barang agak lecet."
ORD-20260621,Tokopedia,SKU-KCT-002,Sunscreen Gel SPF 50 PA++++,Kecantikan,300656,14730,0,12026,COMPLETED,2026-02-17 00:00:00,4,"Barang original 100%, mantap recommended seller!"
ORD-20260622,Lazada,SKU-FSH-001,Kaos Polos Cotton Combed 30s,Fashion,736680,15813,10000,29467,CANCELLED,2026-05-25 00:00:00,,
ORD-20260623,Lazada,SKU-KCT-002,Sunscreen Gel SPF 50 PA++++,Kecantikan,587529,26486,5000,23501,COMPLETED,2026-04-01 00:00:00,3,"Biasa saja, pengiriman agak lama."
ORD-20260624,Shopee,SKU-KCT-001,Serum Wajah Brightening Vitamin C,Kecantikan,142561,29854,10000,5702,COMPLETED,2026-04-28 00:00:00,5,"Produk bagus banget, pengiriman cepat dan packing rapi!"
ORD-20260625,Tokopedia,SKU-ELC-002,Powerbank Fast Charging 10000mAh,Elektronik,714102,14965,15000,28564,COMPLETED,2026-05-17 00:00:00,5,"Barang original 100%, mantap recommended seller!"
ORD-20260626,Tokopedia,SKU-KCT-001,Serum Wajah Brightening Vitamin C,Kecantikan,725016,21017,0,29000,COMPLETED,2026-05-16 00:00:00,3,"Biasa saja, pengiriman agak lama."
ORD-20260627,Shopee,SKU-PRM-001,Wajan Anti Lengket Granite 24cm,Perlengkapan Rumah,684974,19440,25000,27398,COMPLETED,2026-03-18 00:00:00,5,"Produk bagus banget, pengiriman cepat dan packing rapi!"
ORD-20260628,Lazada,SKU-KCT-001,Serum Wajah Brightening Vitamin C,Kecantikan,538287,24054,0,21531,RETURNED,2026-04-01 00:00:00,2,"Ukuran baju terlalu kecil dan jahitan tidak rapi, kecewa."
ORD-20260629,Shopee,SKU-KCT-001,Serum Wajah Brightening Vitamin C,Kecantikan,659487,31485,25000,26379,COMPLETED,2026-07-03 00:00:00,5,"Sangat puas belanja di toko ini, seller ramah dan responsif."
ORD-20260630,Shopee,SKU-KCT-002,Sunscreen Gel SPF 50 PA++++,Kecantikan,450386,21587,15000,18015,RETURNED,2026-04-16 00:00:00,1,"Bahan tipis tidak sesuai deskripsi produk, ajukan retur."
ORD-20260631,Lazada,SKU-KSH-001,Minyak Angin Aromatheraphy 10ml,Kesehatan,528170,30173,10000,21126,RETURNED,2026-09-03 00:00:00,2,"Bahan tipis tidak sesuai deskripsi produk, ajukan retur."
ORD-20260632,Tokopedia,SKU-FSH-002,Kemeja Flanel Kotak Lengan Panjang,Fashion,321273,13535,0,12850,COMPLETED,2026-01-01 00:00:00,3,"Biasa saja, pengiriman agak lama."
ORD-20260633,Tokopedia,SKU-FSH-001,Kaos Polos Cotton Combed 30s,Fashion,478770,33312,15000,19150,COMPLETED,2026-06-13 00:00:00,5,"Kualitas ok sesuai harga, barang berfungsi dengan baik."
ORD-20260634,TikTok Shop,SKU-PRM-001,Wajan Anti Lengket Granite 24cm,Perlengkapan Rumah,136747,21343,0,5469,CANCELLED,2026-08-21 00:00:00,,
ORD-20260635,TikTok Shop,SKU-ELC-002,Powerbank Fast Charging 10000mAh,Elektronik,698279,13096,5000,27931,RETURNED,2026-08-31 00:00:00,1,"Ukuran baju terlalu kecil dan jahitan tidak rapi, kecewa."
ORD-20260636,Tokopedia,SKU-ELC-002,Powerbank Fast Charging 10000mAh,Elektronik,94770,34833,25000,3790,COMPLETED,2026-07-06 00:00:00,5,"Produk bagus banget, pengiriman cepat dan packing rapi!"
ORD-20260637,Lazada,SKU-ELC-002,Powerbank Fast Charging 10000mAh,Elektronik,668345,25455,25000,26733,CANCELLED,2026-03-15 00:00:00,,
ORD-20260638,Shopee,SKU-PRM-001,Wajan Anti Lengket Granite 24cm,Perlengkapan Rumah,91784,31417,0,3671,CANCELLED,2026-03-06 00:00:00,,
ORD-20260639,Lazada,SKU-ELC-001,Headset Bluetooth Wireless TWS,Elektronik,373703,20186,0,14948,CANCELLED,2026-01-11 00:00:00,,
ORD-20260640,Shopee,SKU-ELC-002,Powerbank Fast Charging 10000mAh,Elektronik,464240,29027,5000,18569,COMPLETED,2026-01-02 00:00:00,5,"Produk bagus banget, pengiriman cepat dan packing rapi!"
ORD-20260641,Shopee,SKU-ELC-001,Headset Bluetooth Wireless TWS,Elektronik,607647,17902,15000,24305,COMPLETED,2026-03-02 00:00:00,3,"Biasa saja, pengiriman agak lama."
ORD-20260642,Lazada,SKU-KCT-002,Sunscreen Gel SPF 50 PA++++,Kecantikan,628441,30694,15000,25137,CANCELLED,2026-01-22 00:00:00,,
ORD-20260643,Lazada,SKU-KCT-002,Sunscreen Gel SPF 50 PA++++,Kecantikan,64894,25326,5000,2595,COMPLETED,2026-05-19 00:00:00,5,"Sangat puas belanja di toko ini, seller ramah dan responsif."
ORD-20260644,Lazada,SKU-KSH-001,Minyak Angin Aromatheraphy 10ml,Kesehatan,390492,10810,10000,15619,COMPLETED,2026-02-06 00:00:00,5,"Kualitas ok sesuai harga, barang berfungsi dengan baik."
ORD-20260645,TikTok Shop,SKU-ELC-001,Headset Bluetooth Wireless TWS,Elektronik,616791,27828,0,24671,RETURNED,2026-08-27 00:00:00,2,"Barang mati total saat diterima, respon garansi lambat!"
ORD-20260646,Lazada,SKU-PRM-001,Wajan Anti Lengket Granite 24cm,Perlengkapan Rumah,643409,32744,15000,25736,COMPLETED,2026-05-12 00:00:00,5,"Barang original 100%, mantap recommended seller!"
ORD-20260647,TikTok Shop,SKU-KSH-001,Minyak Angin Aromatheraphy 10ml,Kesehatan,704780,17690,15000,28191,COMPLETED,2026-05-25 00:00:00,5,"Kualitas ok sesuai harga, barang berfungsi dengan baik."
ORD-20260648,Shopee,SKU-KCT-002,Sunscreen Gel SPF 50 PA++++,Kecantikan,217641,28164,0,8705,COMPLETED,2026-03-13 00:00:00,5,"Sangat puas belanja di toko ini, seller ramah dan responsif."
ORD-20260649,TikTok Shop,SKU-FSH-001,Kaos Polos Cotton Combed 30s,Fashion,337660,12656,0,13506,COMPLETED,2026-04-09 00:00:00,5,"Sangat puas belanja di toko ini, seller ramah dan responsif."
ORD-20260650,TikTok Shop,SKU-KCT-001,Serum Wajah Brightening Vitamin C,Kecantikan,472973,11191,0,18918,COMPLETED,2026-05-14 00:00:00,4,"Sangat puas belanja di toko ini, seller ramah dan responsif."
ORD-20260651,Tokopedia,SKU-KSH-001,Minyak Angin Aromatheraphy 10ml,Kesehatan,397019,34158,0,15880,RETURNED,2026-09-03 00:00:00,1,"Ukuran baju terlalu kecil dan jahitan tidak rapi, kecewa."
ORD-20260652,Tokopedia,SKU-KSH-001,Minyak Angin Aromatheraphy 10ml,Kesehatan,628993,16424,15000,25159,COMPLETED,2026-03-18 00:00:00,3,"Biasa saja, pengiriman agak lama."
ORD-20260653,Tokopedia,SKU-ELC-002,Powerbank Fast Charging 10000mAh,Elektronik,553540,27902,25000,22141,COMPLETED,2026-09-01 00:00:00,5,"Kualitas ok sesuai harga, barang berfungsi dengan baik."
ORD-20260654,TikTok Shop,SKU-ELC-002,Powerbank Fast Charging 10000mAh,Elektronik,487509,18362,25000,19500,CANCELLED,2026-06-07 00:00:00,,
ORD-20260655,Lazada,SKU-KCT-001,Serum Wajah Brightening Vitamin C,Kecantikan,624889,30042,5000,24995,COMPLETED,2026-06-27 00:00:00,5,"Sangat puas belanja di toko ini, seller ramah dan responsif."
ORD-20260656,Shopee,SKU-KCT-002,Sunscreen Gel SPF 50 PA++++,Kecantikan,103924,31328,0,4156,COMPLETED,2026-07-19 00:00:00,4,"Produk bagus banget, pengiriman cepat dan packing rapi!"
ORD-20260657,Shopee,SKU-ELC-002,Powerbank Fast Charging 10000mAh,Elektronik,42388,15310,15000,1695,COMPLETED,2026-05-25 00:00:00,3,"Biasa saja, pengiriman agak lama."
ORD-20260658,Lazada,SKU-KCT-001,Serum Wajah Brightening Vitamin C,Kecantikan,250938,27168,5000,10037,COMPLETED,2026-04-02 00:00:00,3,"Biasa saja, pengiriman agak lama."
ORD-20260659,Shopee,SKU-PRM-001,Wajan Anti Lengket Granite 24cm,Perlengkapan Rumah,156277,31623,25000,6251,CANCELLED,2026-03-25 00:00:00,,
ORD-20260660,Shopee,SKU-ELC-001,Headset Bluetooth Wireless TWS,Elektronik,92919,19425,15000,3716,COMPLETED,2026-09-07 00:00:00,5,"Sangat puas belanja di toko ini, seller ramah dan responsif."
ORD-20260661,TikTok Shop,SKU-FSH-001,Kaos Polos Cotton Combed 30s,Fashion,263253,12342,10000,10530,RETURNED,2026-06-26 00:00:00,1,"Bahan tipis tidak sesuai deskripsi produk, ajukan retur."
ORD-20260662,Shopee,SKU-FSH-002,Kemeja Flanel Kotak Lengan Panjang,Fashion,173291,21310,15000,6931,COMPLETED,2026-05-17 00:00:00,5,"Sangat puas belanja di toko ini, seller ramah dan responsif."
ORD-20260663,Shopee,SKU-KSH-001,Minyak Angin Aromatheraphy 10ml,Kesehatan,612911,12661,15000,24516,COMPLETED,2026-08-18 00:00:00,5,"Barang original 100%, mantap recommended seller!"
ORD-20260664,Shopee,SKU-KSH-001,Minyak Angin Aromatheraphy 10ml,Kesehatan,696255,34547,15000,27850,RETURNED,2026-03-15 00:00:00,2,"Barang mati total saat diterima, respon garansi lambat!"
ORD-20260665,TikTok Shop,SKU-PRM-001,Wajan Anti Lengket Granite 24cm,Perlengkapan Rumah,385958,22551,5000,15438,COMPLETED,2026-05-28 00:00:00,3,"Biasa saja, pengiriman agak lama."
ORD-20260666,TikTok Shop,SKU-FSH-002,Kemeja Flanel Kotak Lengan Panjang,Fashion,452653,31405,5000,18106,RETURNED,2026-03-24 00:00:00,1,"Pengiriman lama sekali, kemasan penyok dan barang agak lecet."
ORD-20260667,TikTok Shop,SKU-FSH-002,Kemeja Flanel Kotak Lengan Panjang,Fashion,231902,30578,10000,9276,CANCELLED,2026-08-15 00:00:00,,
ORD-20260668,TikTok Shop,SKU-FSH-002,Kemeja Flanel Kotak Lengan Panjang,Fashion,469195,30321,25000,18767,COMPLETED,2026-05-25 00:00:00,4,"Barang original 100%, mantap recommended seller!"
ORD-20260669,Lazada,SKU-KCT-002,Sunscreen Gel SPF 50 PA++++,Kecantikan,51262,14095,25000,2050,COMPLETED,2026-06-15 00:00:00,3,"Biasa saja, pengiriman agak lama."
ORD-20260670,Shopee,SKU-FSH-001,Kaos Polos Cotton Combed 30s,Fashion,154587,16332,15000,6183,COMPLETED,2026-01-31 00:00:00,5,"Sangat puas belanja di toko ini, seller ramah dan responsif."
ORD-20260671,Lazada,SKU-ELC-002,Powerbank Fast Charging 10000mAh,Elektronik,689568,25390,15000,27582,COMPLETED,2026-08-14 00:00:00,5,"Kualitas ok sesuai harga, barang berfungsi dengan baik."
ORD-20260672,Lazada,SKU-KCT-002,Sunscreen Gel SPF 50 PA++++,Kecantikan,151265,34250,0,6050,CANCELLED,2026-08-09 00:00:00,,
ORD-20260673,TikTok Shop,SKU-KSH-001,Minyak Angin Aromatheraphy 10ml,Kesehatan,434350,21546,25000,17374,COMPLETED,2026-07-07 00:00:00,4,"Barang original 100%, mantap recommended seller!"
ORD-20260674,TikTok Shop,SKU-ELC-002,Powerbank Fast Charging 10000mAh,Elektronik,64849,10428,25000,2593,COMPLETED,2026-07-11 00:00:00,3,"Biasa saja, pengiriman agak lama."
ORD-20260675,Tokopedia,SKU-KCT-002,Sunscreen Gel SPF 50 PA++++,Kecantikan,316161,18614,25000,12646,COMPLETED,2026-05-23 00:00:00,3,"Biasa saja, pengiriman agak lama."
ORD-20260676,Tokopedia,SKU-ELC-002,Powerbank Fast Charging 10000mAh,Elektronik,158994,34968,25000,6359,CANCELLED,2026-05-10 00:00:00,,
ORD-20260677,TikTok Shop,SKU-KCT-002,Sunscreen Gel SPF 50 PA++++,Kecantikan,197547,32889,25000,7901,COMPLETED,2026-01-17 00:00:00,3,"Biasa saja, pengiriman agak lama."
ORD-20260678,TikTok Shop,SKU-PRM-001,Wajan Anti Lengket Granite 24cm,Perlengkapan Rumah,131436,24274,5000,5257,COMPLETED,2026-04-24 00:00:00,5,"Sangat puas belanja di toko ini, seller ramah dan responsif."
ORD-20260679,Shopee,SKU-ELC-002,Powerbank Fast Charging 10000mAh,Elektronik,567801,11455,0,22712,COMPLETED,2026-07-11 00:00:00,5,"Barang original 100%, mantap recommended seller!"
ORD-20260680,Tokopedia,SKU-PRM-001,Wajan Anti Lengket Granite 24cm,Perlengkapan Rumah,409619,15799,5000,16384,COMPLETED,2026-03-30 00:00:00,3,"Biasa saja, pengiriman agak lama."
ORD-20260681,Lazada,SKU-KCT-002,Sunscreen Gel SPF 50 PA++++,Kecantikan,386687,19685,25000,15467,COMPLETED,2026-03-06 00:00:00,3,"Biasa saja, pengiriman agak lama."
ORD-20260682,Tokopedia,SKU-FSH-002,Kemeja Flanel Kotak Lengan Panjang,Fashion,681153,33197,5000,27246,COMPLETED,2026-03-04 00:00:00,3,"Biasa saja, pengiriman agak lama."
ORD-20260683,Tokopedia,SKU-ELC-001,Headset Bluetooth Wireless TWS,Elektronik,164601,18421,5000,6584,COMPLETED,2026-06-21 00:00:00,3,"Biasa saja, pengiriman agak lama."
ORD-20260684,Lazada,SKU-FSH-001,Kaos Polos Cotton Combed 30s,Fashion,370055,16691,25000,14802,COMPLETED,2026-04-24 00:00:00,3,"Biasa saja, pengiriman agak lama."
ORD-20260685,TikTok Shop,SKU-KCT-001,Serum Wajah Brightening Vitamin C,Kecantikan,160104,27251,0,6404,COMPLETED,2026-06-23 00:00:00,4,"Kualitas ok sesuai harga, barang berfungsi dengan baik."
ORD-20260686,Tokopedia,SKU-FSH-002,Kemeja Flanel Kotak Lengan Panjang,Fashion,209515,10815,0,8380,COMPLETED,2026-01-08 00:00:00,5,"Sangat puas belanja di toko ini, seller ramah dan responsif."
ORD-20260687,Shopee,SKU-FSH-001,Kaos Polos Cotton Combed 30s,Fashion,625708,22200,25000,25028,RETURNED,2026-02-05 00:00:00,2,"Bahan tipis tidak sesuai deskripsi produk, ajukan retur."
ORD-20260688,Lazada,SKU-ELC-002,Powerbank Fast Charging 10000mAh,Elektronik,634156,34732,25000,25366,RETURNED,2026-08-08 00:00:00,2,"Barang mati total saat diterima, respon garansi lambat!"
ORD-20260689,Tokopedia,SKU-FSH-001,Kaos Polos Cotton Combed 30s,Fashion,553078,21540,15000,22123,CANCELLED,2026-04-10 00:00:00,,
ORD-20260690,TikTok Shop,SKU-PRM-001,Wajan Anti Lengket Granite 24cm,Perlengkapan Rumah,238923,14479,25000,9556,COMPLETED,2026-05-31 00:00:00,5,"Sangat puas belanja di toko ini, seller ramah dan responsif."
ORD-20260691,Lazada,SKU-KSH-001,Minyak Angin Aromatheraphy 10ml,Kesehatan,92878,22749,15000,3715,COMPLETED,2026-04-18 00:00:00,4,"Sangat puas belanja di toko ini, seller ramah dan responsif."
ORD-20260692,Shopee,SKU-KCT-001,Serum Wajah Brightening Vitamin C,Kecantikan,554280,20295,10000,22171,COMPLETED,2026-01-14 00:00:00,5,"Barang original 100%, mantap recommended seller!"
ORD-20260693,Shopee,SKU-FSH-001,Kaos Polos Cotton Combed 30s,Fashion,469595,17925,10000,18783,CANCELLED,2026-08-26 00:00:00,,
ORD-20260694,Shopee,SKU-FSH-002,Kemeja Flanel Kotak Lengan Panjang,Fashion,189156,18573,25000,7566,COMPLETED,2026-06-04 00:00:00,5,"Kualitas ok sesuai harga, barang berfungsi dengan baik."
ORD-20260695,Shopee,SKU-KCT-002,Sunscreen Gel SPF 50 PA++++,Kecantikan,672067,24449,25000,26882,CANCELLED,2026-05-13 00:00:00,,
ORD-20260696,TikTok Shop,SKU-PRM-001,Wajan Anti Lengket Granite 24cm,Perlengkapan Rumah,370998,10190,0,14839,COMPLETED,2026-08-02 00:00:00,5,"Barang original 100%, mantap recommended seller!"
ORD-20260697,Shopee,SKU-ELC-001,Headset Bluetooth Wireless TWS,Elektronik,593658,17951,15000,23746,COMPLETED,2026-08-14 00:00:00,3,"Biasa saja, pengiriman agak lama."
ORD-20260698,Shopee,SKU-FSH-001,Kaos Polos Cotton Combed 30s,Fashion,300660,15940,15000,12026,RETURNED,2026-08-16 00:00:00,2,"Barang mati total saat diterima, respon garansi lambat!"
ORD-20260699,Tokopedia,SKU-FSH-002,Kemeja Flanel Kotak Lengan Panjang,Fashion,597477,26348,0,23899,COMPLETED,2026-04-24 00:00:00,3,"Biasa saja, pengiriman agak lama."
ORD-20260700,Lazada,SKU-FSH-002,Kemeja Flanel Kotak Lengan Panjang,Fashion,183715,16517,15000,7348,COMPLETED,2026-06-25 00:00:00,5,"Produk bagus banget, pengiriman cepat dan packing rapi!"
ORD-20260701,Shopee,SKU-KCT-001,Serum Wajah Brightening Vitamin C,Kecantikan,196572,28089,10000,7862,RETURNED,2026-07-23 00:00:00,1,"Pengiriman lama sekali, kemasan penyok dan barang agak lecet."
ORD-20260702,Shopee,SKU-KCT-001,Serum Wajah Brightening Vitamin C,Kecantikan,350878,14551,15000,14035,COMPLETED,2026-03-01 00:00:00,5,"Kualitas ok sesuai harga, barang berfungsi dengan baik."
ORD-20260703,Lazada,SKU-KCT-001,Serum Wajah Brightening Vitamin C,Kecantikan,230338,13328,25000,9213,COMPLETED,2026-09-06 00:00:00,5,"Barang original 100%, mantap recommended seller!"
ORD-20260704,Tokopedia,SKU-KSH-001,Minyak Angin Aromatheraphy 10ml,Kesehatan,369299,19812,25000,14771,CANCELLED,2026-05-16 00:00:00,,
ORD-20260705,Shopee,SKU-FSH-002,Kemeja Flanel Kotak Lengan Panjang,Fashion,335387,32828,0,13415,COMPLETED,2026-03-01 00:00:00,5,"Sangat puas belanja di toko ini, seller ramah dan responsif."
ORD-20260706,TikTok Shop,SKU-KCT-001,Serum Wajah Brightening Vitamin C,Kecantikan,357694,13319,25000,14307,RETURNED,2026-06-18 00:00:00,1,"Ukuran baju terlalu kecil dan jahitan tidak rapi, kecewa."
ORD-20260707,Shopee,SKU-ELC-002,Powerbank Fast Charging 10000mAh,Elektronik,607774,30681,10000,24310,RETURNED,2026-08-26 00:00:00,1,"Barang mati total saat diterima, respon garansi lambat!"
ORD-20260708,Lazada,SKU-KCT-001,Serum Wajah Brightening Vitamin C,Kecantikan,702442,31663,5000,28097,COMPLETED,2026-02-25 00:00:00,5,"Sangat puas belanja di toko ini, seller ramah dan responsif."
ORD-20260709,Lazada,SKU-ELC-002,Powerbank Fast Charging 10000mAh,Elektronik,577458,11765,5000,23098,CANCELLED,2026-07-11 00:00:00,,
ORD-20260710,Shopee,SKU-PRM-001,Wajan Anti Lengket Granite 24cm,Perlengkapan Rumah,197169,20988,10000,7886,COMPLETED,2026-02-13 00:00:00,5,"Barang original 100%, mantap recommended seller!"
ORD-20260711,TikTok Shop,SKU-FSH-001,Kaos Polos Cotton Combed 30s,Fashion,411255,27508,5000,16450,COMPLETED,2026-07-12 00:00:00,5,"Kualitas ok sesuai harga, barang berfungsi dengan baik."
ORD-20260712,TikTok Shop,SKU-PRM-001,Wajan Anti Lengket Granite 24cm,Perlengkapan Rumah,215813,32398,10000,8632,COMPLETED,2026-07-08 00:00:00,5,"Sangat puas belanja di toko ini, seller ramah dan responsif."
ORD-20260713,TikTok Shop,SKU-KCT-001,Serum Wajah Brightening Vitamin C,Kecantikan,537282,14210,0,21491,CANCELLED,2026-04-15 00:00:00,,
ORD-20260714,Lazada,SKU-FSH-001,Kaos Polos Cotton Combed 30s,Fashion,109596,17630,15000,4383,COMPLETED,2026-01-10 00:00:00,3,"Biasa saja, pengiriman agak lama."
ORD-20260715,Shopee,SKU-ELC-002,Powerbank Fast Charging 10000mAh,Elektronik,562806,24662,5000,22512,COMPLETED,2026-09-04 00:00:00,5,"Sangat puas belanja di toko ini, seller ramah dan responsif."
ORD-20260716,Shopee,SKU-FSH-002,Kemeja Flanel Kotak Lengan Panjang,Fashion,67957,33485,0,2718,RETURNED,2026-09-07 00:00:00,1,"Barang mati total saat diterima, respon garansi lambat!"
ORD-20260717,Tokopedia,SKU-PRM-001,Wajan Anti Lengket Granite 24cm,Perlengkapan Rumah,577696,20511,0,23107,RETURNED,2026-04-29 00:00:00,1,"Pengiriman lama sekali, kemasan penyok dan barang agak lecet."
ORD-20260718,TikTok Shop,SKU-FSH-002,Kemeja Flanel Kotak Lengan Panjang,Fashion,734789,28054,15000,29391,CANCELLED,2026-03-26 00:00:00,,
ORD-20260719,TikTok Shop,SKU-KSH-001,Minyak Angin Aromatheraphy 10ml,Kesehatan,455476,31909,15000,18219,COMPLETED,2026-03-12 00:00:00,5,"Sangat puas belanja di toko ini, seller ramah dan responsif."
ORD-20260720,Lazada,SKU-ELC-001,Headset Bluetooth Wireless TWS,Elektronik,88420,29763,10000,3536,COMPLETED,2026-02-12 00:00:00,4,"Kualitas ok sesuai harga, barang berfungsi dengan baik."
ORD-20260721,Tokopedia,SKU-KCT-002,Sunscreen Gel SPF 50 PA++++,Kecantikan,697663,15797,15000,27906,CANCELLED,2026-03-29 00:00:00,,
ORD-20260722,Tokopedia,SKU-FSH-002,Kemeja Flanel Kotak Lengan Panjang,Fashion,413316,30148,5000,16532,CANCELLED,2026-04-29 00:00:00,,
ORD-20260723,Tokopedia,SKU-FSH-001,Kaos Polos Cotton Combed 30s,Fashion,188841,12391,0,7553,COMPLETED,2026-01-06 00:00:00,3,"Biasa saja, pengiriman agak lama."
ORD-20260724,TikTok Shop,SKU-ELC-001,Headset Bluetooth Wireless TWS,Elektronik,178096,27353,0,7123,RETURNED,2026-06-22 00:00:00,2,"Barang mati total saat diterima, respon garansi lambat!"
ORD-20260725,Lazada,SKU-FSH-002,Kemeja Flanel Kotak Lengan Panjang,Fashion,694793,34450,25000,27791,COMPLETED,2026-08-15 00:00:00,5,"Sangat puas belanja di toko ini, seller ramah dan responsif."
ORD-20260726,Tokopedia,SKU-FSH-001,Kaos Polos Cotton Combed 30s,Fashion,339883,25329,15000,13595,CANCELLED,2026-01-24 00:00:00,,
ORD-20260727,Tokopedia,SKU-ELC-001,Headset Bluetooth Wireless TWS,Elektronik,285428,14360,15000,11417,COMPLETED,2026-06-26 00:00:00,4,"Produk bagus banget, pengiriman cepat dan packing rapi!"
ORD-20260728,Shopee,SKU-KCT-002,Sunscreen Gel SPF 50 PA++++,Kecantikan,469064,34997,5000,18762,COMPLETED,2026-06-09 00:00:00,3,"Biasa saja, pengiriman agak lama."
ORD-20260729,TikTok Shop,SKU-ELC-002,Powerbank Fast Charging 10000mAh,Elektronik,637260,18974,15000,25490,RETURNED,2026-03-15 00:00:00,2,"Bahan tipis tidak sesuai deskripsi produk, ajukan retur."
ORD-20260730,Tokopedia,SKU-FSH-002,Kemeja Flanel Kotak Lengan Panjang,Fashion,406072,15629,25000,16242,COMPLETED,2026-04-10 00:00:00,5,"Kualitas ok sesuai harga, barang berfungsi dengan baik."
ORD-20260731,TikTok Shop,SKU-FSH-002,Kemeja Flanel Kotak Lengan Panjang,Fashion,694990,22674,5000,27799,COMPLETED,2026-08-22 00:00:00,5,"Produk bagus banget, pengiriman cepat dan packing rapi!"
ORD-20260732,TikTok Shop,SKU-ELC-001,Headset Bluetooth Wireless TWS,Elektronik,667740,33406,25000,26709,COMPLETED,2026-06-05 00:00:00,5,"Produk bagus banget, pengiriman cepat dan packing rapi!"
ORD-20260733,Tokopedia,SKU-FSH-001,Kaos Polos Cotton Combed 30s,Fashion,128304,19785,25000,5132,COMPLETED,2026-07-16 00:00:00,3,"Biasa saja, pengiriman agak lama."
ORD-20260734,Shopee,SKU-ELC-002,Powerbank Fast Charging 10000mAh,Elektronik,341756,14290,10000,13670,CANCELLED,2026-07-27 00:00:00,,
ORD-20260735,TikTok Shop,SKU-FSH-001,Kaos Polos Cotton Combed 30s,Fashion,515876,13532,0,20635,COMPLETED,2026-01-09 00:00:00,3,"Biasa saja, pengiriman agak lama."
ORD-20260736,Lazada,SKU-KSH-001,Minyak Angin Aromatheraphy 10ml,Kesehatan,79327,23662,10000,3173,COMPLETED,2026-09-03 00:00:00,5,"Kualitas ok sesuai harga, barang berfungsi dengan baik."
ORD-20260737,Lazada,SKU-KCT-002,Sunscreen Gel SPF 50 PA++++,Kecantikan,292970,13061,0,11718,CANCELLED,2026-04-08 00:00:00,,
ORD-20260738,Shopee,SKU-KCT-002,Sunscreen Gel SPF 50 PA++++,Kecantikan,738760,29094,5000,29550,COMPLETED,2026-06-12 00:00:00,5,"Kualitas ok sesuai harga, barang berfungsi dengan baik."
ORD-20260739,Shopee,SKU-FSH-002,Kemeja Flanel Kotak Lengan Panjang,Fashion,352603,11543,5000,14104,COMPLETED,2026-02-27 00:00:00,3,"Biasa saja, pengiriman agak lama."
ORD-20260740,TikTok Shop,SKU-KCT-002,Sunscreen Gel SPF 50 PA++++,Kecantikan,42804,11566,10000,1712,COMPLETED,2026-02-17 00:00:00,5,"Sangat puas belanja di toko ini, seller ramah dan responsif."
ORD-20260741,Shopee,SKU-PRM-001,Wajan Anti Lengket Granite 24cm,Perlengkapan Rumah,323488,21683,25000,12939,RETURNED,2026-06-26 00:00:00,1,"Barang mati total saat diterima, respon garansi lambat!"
ORD-20260742,Lazada,SKU-KCT-001,Serum Wajah Brightening Vitamin C,Kecantikan,227847,10790,15000,9113,COMPLETED,2026-07-05 00:00:00,5,"Kualitas ok sesuai harga, barang berfungsi dengan baik."
ORD-20260743,Shopee,SKU-ELC-002,Powerbank Fast Charging 10000mAh,Elektronik,292444,12468,15000,11697,COMPLETED,2026-04-26 00:00:00,4,"Produk bagus banget, pengiriman cepat dan packing rapi!"
ORD-20260744,Shopee,SKU-ELC-001,Headset Bluetooth Wireless TWS,Elektronik,536843,21117,15000,21473,COMPLETED,2026-04-05 00:00:00,5,"Sangat puas belanja di toko ini, seller ramah dan responsif."
ORD-20260745,Lazada,SKU-ELC-001,Headset Bluetooth Wireless TWS,Elektronik,525413,23143,15000,21016,COMPLETED,2026-01-17 00:00:00,5,"Barang original 100%, mantap recommended seller!"
ORD-20260746,Lazada,SKU-KCT-001,Serum Wajah Brightening Vitamin C,Kecantikan,626071,10893,0,25042,CANCELLED,2026-06-17 00:00:00,,
ORD-20260747,TikTok Shop,SKU-ELC-002,Powerbank Fast Charging 10000mAh,Elektronik,79422,25153,5000,3176,COMPLETED,2026-05-17 00:00:00,4,"Sangat puas belanja di toko ini, seller ramah dan responsif."
ORD-20260748,TikTok Shop,SKU-KCT-002,Sunscreen Gel SPF 50 PA++++,Kecantikan,60858,33594,10000,2434,COMPLETED,2026-03-26 00:00:00,5,"Sangat puas belanja di toko ini, seller ramah dan responsif."
ORD-20260749,Tokopedia,SKU-ELC-002,Powerbank Fast Charging 10000mAh,Elektronik,429315,17490,15000,17172,COMPLETED,2026-02-03 00:00:00,5,"Kualitas ok sesuai harga, barang berfungsi dengan baik."
ORD-20260750,Shopee,SKU-ELC-002,Powerbank Fast Charging 10000mAh,Elektronik,711943,26839,5000,28477,COMPLETED,2026-02-12 00:00:00,5,"Produk bagus banget, pengiriman cepat dan packing rapi!"
ORD-20260751,Tokopedia,SKU-ELC-001,Headset Bluetooth Wireless TWS,Elektronik,298992,23480,15000,11959,CANCELLED,2026-01-11 00:00:00,,
ORD-20260752,TikTok Shop,SKU-ELC-002,Powerbank Fast Charging 10000mAh,Elektronik,151366,28271,25000,6054,COMPLETED,2026-04-04 00:00:00,5,"Produk bagus banget, pengiriman cepat dan packing rapi!"
ORD-20260753,Shopee,SKU-FSH-001,Kaos Polos Cotton Combed 30s,Fashion,127264,20589,5000,5090,RETURNED,2026-03-10 00:00:00,1,"Barang mati total saat diterima, respon garansi lambat!"
ORD-20260754,TikTok Shop,SKU-FSH-001,Kaos Polos Cotton Combed 30s,Fashion,283623,12964,15000,11344,RETURNED,2026-06-06 00:00:00,1,"Barang mati total saat diterima, respon garansi lambat!"
ORD-20260755,Shopee,SKU-FSH-002,Kemeja Flanel Kotak Lengan Panjang,Fashion,581735,15678,0,23269,RETURNED,2026-06-07 00:00:00,1,"Pengiriman lama sekali, kemasan penyok dan barang agak lecet."
ORD-20260756,Shopee,SKU-FSH-001,Kaos Polos Cotton Combed 30s,Fashion,731486,14692,0,29259,RETURNED,2026-05-19 00:00:00,2,"Ukuran baju terlalu kecil dan jahitan tidak rapi, kecewa."
ORD-20260757,Shopee,SKU-KCT-002,Sunscreen Gel SPF 50 PA++++,Kecantikan,194763,14045,0,7790,COMPLETED,2026-09-05 00:00:00,5,"Produk bagus banget, pengiriman cepat dan packing rapi!"
ORD-20260758,Shopee,SKU-FSH-001,Kaos Polos Cotton Combed 30s,Fashion,457857,12737,10000,18314,COMPLETED,2026-06-15 00:00:00,5,"Barang original 100%, mantap recommended seller!"
ORD-20260759,Lazada,SKU-KCT-001,Serum Wajah Brightening Vitamin C,Kecantikan,39522,24254,5000,1580,COMPLETED,2026-06-26 00:00:00,5,"Produk bagus banget, pengiriman cepat dan packing rapi!"
ORD-20260760,Shopee,SKU-KSH-001,Minyak Angin Aromatheraphy 10ml,Kesehatan,588398,14642,25000,23535,COMPLETED,2026-03-19 00:00:00,3,"Biasa saja, pengiriman agak lama."
ORD-20260761,Lazada,SKU-FSH-001,Kaos Polos Cotton Combed 30s,Fashion,442520,10588,10000,17700,CANCELLED,2026-07-15 00:00:00,,
ORD-20260762,Shopee,SKU-KCT-001,Serum Wajah Brightening Vitamin C,Kecantikan,403902,33550,15000,16156,COMPLETED,2026-02-04 00:00:00,5,"Produk bagus banget, pengiriman cepat dan packing rapi!"
ORD-20260763,Tokopedia,SKU-FSH-002,Kemeja Flanel Kotak Lengan Panjang,Fashion,140742,17226,10000,5629,COMPLETED,2026-05-23 00:00:00,5,"Sangat puas belanja di toko ini, seller ramah dan responsif."
ORD-20260764,TikTok Shop,SKU-KSH-001,Minyak Angin Aromatheraphy 10ml,Kesehatan,530922,32365,10000,21236,RETURNED,2026-08-31 00:00:00,2,"Bahan tipis tidak sesuai deskripsi produk, ajukan retur."
ORD-20260765,Shopee,SKU-FSH-001,Kaos Polos Cotton Combed 30s,Fashion,250712,12424,25000,10028,RETURNED,2026-01-29 00:00:00,1,"Barang mati total saat diterima, respon garansi lambat!"
ORD-20260766,Tokopedia,SKU-FSH-002,Kemeja Flanel Kotak Lengan Panjang,Fashion,707672,33645,0,28306,COMPLETED,2026-03-17 00:00:00,4,"Barang original 100%, mantap recommended seller!"
ORD-20260767,TikTok Shop,SKU-FSH-001,Kaos Polos Cotton Combed 30s,Fashion,247909,33563,15000,9916,COMPLETED,2026-06-06 00:00:00,5,"Sangat puas belanja di toko ini, seller ramah dan responsif."
ORD-20260768,Tokopedia,SKU-FSH-002,Kemeja Flanel Kotak Lengan Panjang,Fashion,328396,21146,10000,13135,COMPLETED,2026-07-15 00:00:00,5,"Barang original 100%, mantap recommended seller!"
ORD-20260769,Tokopedia,SKU-PRM-001,Wajan Anti Lengket Granite 24cm,Perlengkapan Rumah,593626,16251,25000,23745,COMPLETED,2026-01-29 00:00:00,5,"Barang original 100%, mantap recommended seller!"
ORD-20260770,TikTok Shop,SKU-KCT-002,Sunscreen Gel SPF 50 PA++++,Kecantikan,749180,14603,25000,29967,COMPLETED,2026-05-01 00:00:00,3,"Biasa saja, pengiriman agak lama."
ORD-20260771,Lazada,SKU-FSH-002,Kemeja Flanel Kotak Lengan Panjang,Fashion,416414,26960,15000,16656,CANCELLED,2026-05-21 00:00:00,,
ORD-20260772,Lazada,SKU-ELC-002,Powerbank Fast Charging 10000mAh,Elektronik,684843,22219,5000,27393,CANCELLED,2026-08-08 00:00:00,,
ORD-20260773,TikTok Shop,SKU-KCT-001,Serum Wajah Brightening Vitamin C,Kecantikan,190470,14652,10000,7618,CANCELLED,2026-07-23 00:00:00,,
ORD-20260774,Lazada,SKU-FSH-002,Kemeja Flanel Kotak Lengan Panjang,Fashion,600664,21474,5000,24026,COMPLETED,2026-06-30 00:00:00,5,"Barang original 100%, mantap recommended seller!"
ORD-20260775,Shopee,SKU-FSH-002,Kemeja Flanel Kotak Lengan Panjang,Fashion,263663,33740,15000,10546,RETURNED,2026-04-20 00:00:00,2,"Ukuran baju terlalu kecil dan jahitan tidak rapi, kecewa."
ORD-20260776,TikTok Shop,SKU-FSH-002,Kemeja Flanel Kotak Lengan Panjang,Fashion,235848,25654,25000,9433,RETURNED,2026-07-02 00:00:00,1,"Bahan tipis tidak sesuai deskripsi produk, ajukan retur."
ORD-20260777,Lazada,SKU-KSH-001,Minyak Angin Aromatheraphy 10ml,Kesehatan,734750,20639,10000,29390,RETURNED,2026-04-08 00:00:00,1,"Bahan tipis tidak sesuai deskripsi produk, ajukan retur."
ORD-20260778,TikTok Shop,SKU-KSH-001,Minyak Angin Aromatheraphy 10ml,Kesehatan,540836,18236,15000,21633,COMPLETED,2026-04-28 00:00:00,5,"Sangat puas belanja di toko ini, seller ramah dan responsif."
ORD-20260779,Shopee,SKU-PRM-001,Wajan Anti Lengket Granite 24cm,Perlengkapan Rumah,550790,29350,5000,22031,COMPLETED,2026-09-01 00:00:00,4,"Barang original 100%, mantap recommended seller!"
ORD-20260780,Lazada,SKU-ELC-001,Headset Bluetooth Wireless TWS,Elektronik,117581,13090,10000,4703,COMPLETED,2026-04-05 00:00:00,5,"Sangat puas belanja di toko ini, seller ramah dan responsif."
ORD-20260781,Shopee,SKU-FSH-001,Kaos Polos Cotton Combed 30s,Fashion,130977,25617,0,5239,COMPLETED,2026-08-22 00:00:00,5,"Barang original 100%, mantap recommended seller!"
ORD-20260782,Lazada,SKU-FSH-001,Kaos Polos Cotton Combed 30s,Fashion,261998,30481,15000,10479,RETURNED,2026-02-25 00:00:00,2,"Ukuran baju terlalu kecil dan jahitan tidak rapi, kecewa."
ORD-20260783,Shopee,SKU-PRM-001,Wajan Anti Lengket Granite 24cm,Perlengkapan Rumah,589359,26145,25000,23574,COMPLETED,2026-01-25 00:00:00,3,"Biasa saja, pengiriman agak lama."
ORD-20260784,Lazada,SKU-KSH-001,Minyak Angin Aromatheraphy 10ml,Kesehatan,521838,29932,5000,20873,COMPLETED,2026-07-08 00:00:00,5,"Barang original 100%, mantap recommended seller!"
ORD-20260785,Lazada,SKU-KCT-001,Serum Wajah Brightening Vitamin C,Kecantikan,180255,28837,0,7210,COMPLETED,2026-06-19 00:00:00,5,"Barang original 100%, mantap recommended seller!"
ORD-20260786,Tokopedia,SKU-FSH-001,Kaos Polos Cotton Combed 30s,Fashion,465432,19615,10000,18617,COMPLETED,2026-04-01 00:00:00,4,"Kualitas ok sesuai harga, barang berfungsi dengan baik."
ORD-20260787,Tokopedia,SKU-FSH-002,Kemeja Flanel Kotak Lengan Panjang,Fashion,645562,11639,5000,25822,COMPLETED,2026-03-23 00:00:00,5,"Produk bagus banget, pengiriman cepat dan packing rapi!"
ORD-20260788,Shopee,SKU-FSH-002,Kemeja Flanel Kotak Lengan Panjang,Fashion,679756,23104,0,27190,CANCELLED,2026-02-21 00:00:00,,
ORD-20260789,TikTok Shop,SKU-KCT-001,Serum Wajah Brightening Vitamin C,Kecantikan,650170,28976,25000,26006,COMPLETED,2026-05-18 00:00:00,3,"Biasa saja, pengiriman agak lama."
ORD-20260790,Lazada,SKU-KCT-002,Sunscreen Gel SPF 50 PA++++,Kecantikan,604299,21822,5000,24171,COMPLETED,2026-03-10 00:00:00,5,"Sangat puas belanja di toko ini, seller ramah dan responsif."
ORD-20260791,TikTok Shop,SKU-ELC-002,Powerbank Fast Charging 10000mAh,Elektronik,93487,13111,0,3739,CANCELLED,2026-08-12 00:00:00,,
ORD-20260792,Tokopedia,SKU-ELC-002,Powerbank Fast Charging 10000mAh,Elektronik,510437,18977,10000,20417,COMPLETED,2026-05-17 00:00:00,5,"Kualitas ok sesuai harga, barang berfungsi dengan baik."
ORD-20260793,TikTok Shop,SKU-KCT-001,Serum Wajah Brightening Vitamin C,Kecantikan,388407,18468,0,15536,COMPLETED,2026-05-15 00:00:00,5,"Sangat puas belanja di toko ini, seller ramah dan responsif."
ORD-20260794,Shopee,SKU-ELC-001,Headset Bluetooth Wireless TWS,Elektronik,392586,14405,0,15703,RETURNED,2026-03-23 00:00:00,1,"Ukuran baju terlalu kecil dan jahitan tidak rapi, kecewa."
ORD-20260795,Tokopedia,SKU-FSH-002,Kemeja Flanel Kotak Lengan Panjang,Fashion,401935,26263,15000,16077,RETURNED,2026-05-13 00:00:00,2,"Pengiriman lama sekali, kemasan penyok dan barang agak lecet."
ORD-20260796,Lazada,SKU-FSH-001,Kaos Polos Cotton Combed 30s,Fashion,442603,17104,0,17704,CANCELLED,2026-02-08 00:00:00,,
ORD-20260797,TikTok Shop,SKU-FSH-001,Kaos Polos Cotton Combed 30s,Fashion,163578,11529,5000,6543,COMPLETED,2026-05-28 00:00:00,5,"Kualitas ok sesuai harga, barang berfungsi dengan baik."
ORD-20260798,TikTok Shop,SKU-FSH-001,Kaos Polos Cotton Combed 30s,Fashion,98890,32199,25000,3955,RETURNED,2026-01-04 00:00:00,2,"Pengiriman lama sekali, kemasan penyok dan barang agak lecet."
ORD-20260799,TikTok Shop,SKU-ELC-001,Headset Bluetooth Wireless TWS,Elektronik,105528,31227,15000,4221,COMPLETED,2026-01-30 00:00:00,5,"Sangat puas belanja di toko ini, seller ramah dan responsif."
ORD-20260800,Shopee,SKU-KSH-001,Minyak Angin Aromatheraphy 10ml,Kesehatan,90810,29075,0,3632,CANCELLED,2026-05-14 00:00:00,,
ORD-20260801,Tokopedia,SKU-FSH-001,Kaos Polos Cotton Combed 30s,Fashion,616373,34728,15000,24654,RETURNED,2026-08-21 00:00:00,1,"Ukuran baju terlalu kecil dan jahitan tidak rapi, kecewa."
ORD-20260802,Tokopedia,SKU-KCT-002,Sunscreen Gel SPF 50 PA++++,Kecantikan,709965,34354,0,28398,COMPLETED,2026-06-05 00:00:00,5,"Kualitas ok sesuai harga, barang berfungsi dengan baik."
ORD-20260803,Shopee,SKU-KCT-001,Serum Wajah Brightening Vitamin C,Kecantikan,268551,27198,10000,10742,COMPLETED,2026-03-22 00:00:00,3,"Biasa saja, pengiriman agak lama."
ORD-20260804,TikTok Shop,SKU-KSH-001,Minyak Angin Aromatheraphy 10ml,Kesehatan,696500,22869,5000,27860,COMPLETED,2026-05-01 00:00:00,5,"Kualitas ok sesuai harga, barang berfungsi dengan baik."
ORD-20260805,TikTok Shop,SKU-FSH-001,Kaos Polos Cotton Combed 30s,Fashion,339985,24220,0,13599,COMPLETED,2026-02-13 00:00:00,5,"Kualitas ok sesuai harga, barang berfungsi dengan baik."
ORD-20260806,Shopee,SKU-KSH-001,Minyak Angin Aromatheraphy 10ml,Kesehatan,490208,21011,15000,19608,CANCELLED,2026-03-29 00:00:00,,
ORD-20260807,TikTok Shop,SKU-KCT-002,Sunscreen Gel SPF 50 PA++++,Kecantikan,500700,33515,0,20028,COMPLETED,2026-01-06 00:00:00,4,"Kualitas ok sesuai harga, barang berfungsi dengan baik."
ORD-20260808,TikTok Shop,SKU-ELC-002,Powerbank Fast Charging 10000mAh,Elektronik,594641,27083,10000,23785,COMPLETED,2026-08-15 00:00:00,5,"Barang original 100%, mantap recommended seller!"
ORD-20260809,Tokopedia,SKU-FSH-001,Kaos Polos Cotton Combed 30s,Fashion,679973,24787,5000,27198,COMPLETED,2026-02-08 00:00:00,4,"Sangat puas belanja di toko ini, seller ramah dan responsif."
ORD-20260810,Lazada,SKU-KCT-001,Serum Wajah Brightening Vitamin C,Kecantikan,685736,33818,5000,27429,CANCELLED,2026-03-07 00:00:00,,
ORD-20260811,Lazada,SKU-KCT-001,Serum Wajah Brightening Vitamin C,Kecantikan,145164,17770,0,5806,COMPLETED,2026-05-24 00:00:00,5,"Barang original 100%, mantap recommended seller!"
ORD-20260812,TikTok Shop,SKU-PRM-001,Wajan Anti Lengket Granite 24cm,Perlengkapan Rumah,277549,10801,5000,11101,COMPLETED,2026-04-21 00:00:00,5,"Kualitas ok sesuai harga, barang berfungsi dengan baik."
ORD-20260813,Tokopedia,SKU-ELC-001,Headset Bluetooth Wireless TWS,Elektronik,478832,17882,10000,19153,COMPLETED,2026-04-03 00:00:00,5,"Kualitas ok sesuai harga, barang berfungsi dengan baik."
ORD-20260814,Tokopedia,SKU-PRM-001,Wajan Anti Lengket Granite 24cm,Perlengkapan Rumah,276964,12833,5000,11078,COMPLETED,2026-07-02 00:00:00,4,"Produk bagus banget, pengiriman cepat dan packing rapi!"
ORD-20260815,Lazada,SKU-ELC-001,Headset Bluetooth Wireless TWS,Elektronik,83633,30949,15000,3345,COMPLETED,2026-03-23 00:00:00,4,"Kualitas ok sesuai harga, barang berfungsi dengan baik."
ORD-20260816,Tokopedia,SKU-FSH-001,Kaos Polos Cotton Combed 30s,Fashion,527914,31658,5000,21116,RETURNED,2026-01-28 00:00:00,2,"Barang mati total saat diterima, respon garansi lambat!"
ORD-20260817,Lazada,SKU-ELC-002,Powerbank Fast Charging 10000mAh,Elektronik,209816,11522,15000,8392,COMPLETED,2026-07-11 00:00:00,5,"Sangat puas belanja di toko ini, seller ramah dan responsif."
ORD-20260818,Shopee,SKU-PRM-001,Wajan Anti Lengket Granite 24cm,Perlengkapan Rumah,674346,32911,25000,26973,COMPLETED,2026-05-21 00:00:00,5,"Produk bagus banget, pengiriman cepat dan packing rapi!"
ORD-20260819,Lazada,SKU-ELC-001,Headset Bluetooth Wireless TWS,Elektronik,437931,25860,25000,17517,COMPLETED,2026-01-21 00:00:00,5,"Barang original 100%, mantap recommended seller!"
ORD-20260820,Lazada,SKU-FSH-002,Kemeja Flanel Kotak Lengan Panjang,Fashion,600022,23499,5000,24000,COMPLETED,2026-09-02 00:00:00,4,"Barang original 100%, mantap recommended seller!"
ORD-20260821,TikTok Shop,SKU-FSH-001,Kaos Polos Cotton Combed 30s,Fashion,296886,20727,25000,11875,COMPLETED,2026-01-09 00:00:00,5,"Sangat puas belanja di toko ini, seller ramah dan responsif."
ORD-20260822,Lazada,SKU-ELC-002,Powerbank Fast Charging 10000mAh,Elektronik,243309,25234,5000,9732,CANCELLED,2026-04-18 00:00:00,,
ORD-20260823,Shopee,SKU-ELC-002,Powerbank Fast Charging 10000mAh,Elektronik,120880,15534,25000,4835,RETURNED,2026-01-19 00:00:00,1,"Bahan tipis tidak sesuai deskripsi produk, ajukan retur."
ORD-20260824,Shopee,SKU-FSH-001,Kaos Polos Cotton Combed 30s,Fashion,482377,14918,10000,19295,COMPLETED,2026-01-04 00:00:00,3,"Biasa saja, pengiriman agak lama."
ORD-20260825,Shopee,SKU-KCT-001,Serum Wajah Brightening Vitamin C,Kecantikan,466485,18367,10000,18659,CANCELLED,2026-08-22 00:00:00,,
ORD-20260826,Shopee,SKU-KCT-001,Serum Wajah Brightening Vitamin C,Kecantikan,269226,33328,25000,10769,CANCELLED,2026-05-06 00:00:00,,
ORD-20260827,Lazada,SKU-KCT-001,Serum Wajah Brightening Vitamin C,Kecantikan,193524,12196,5000,7740,COMPLETED,2026-03-19 00:00:00,5,"Kualitas ok sesuai harga, barang berfungsi dengan baik."
ORD-20260828,Lazada,SKU-FSH-001,Kaos Polos Cotton Combed 30s,Fashion,335202,22655,25000,13408,COMPLETED,2026-07-29 00:00:00,3,"Biasa saja, pengiriman agak lama."
ORD-20260829,Shopee,SKU-FSH-002,Kemeja Flanel Kotak Lengan Panjang,Fashion,744956,24751,25000,29798,CANCELLED,2026-07-25 00:00:00,,
ORD-20260830,Lazada,SKU-ELC-001,Headset Bluetooth Wireless TWS,Elektronik,570659,28637,10000,22826,COMPLETED,2026-02-28 00:00:00,5,"Barang original 100%, mantap recommended seller!"
ORD-20260831,TikTok Shop,SKU-KSH-001,Minyak Angin Aromatheraphy 10ml,Kesehatan,694470,33617,0,27778,COMPLETED,2026-03-21 00:00:00,5,"Barang original 100%, mantap recommended seller!"
ORD-20260832,TikTok Shop,SKU-KSH-001,Minyak Angin Aromatheraphy 10ml,Kesehatan,220200,25808,5000,8808,COMPLETED,2026-03-26 00:00:00,5,"Kualitas ok sesuai harga, barang berfungsi dengan baik."
ORD-20260833,Shopee,SKU-KCT-002,Sunscreen Gel SPF 50 PA++++,Kecantikan,560657,13644,25000,22426,CANCELLED,2026-08-20 00:00:00,,
ORD-20260834,Lazada,SKU-FSH-001,Kaos Polos Cotton Combed 30s,Fashion,333835,19608,10000,13353,COMPLETED,2026-01-06 00:00:00,3,"Biasa saja, pengiriman agak lama."
ORD-20260835,Shopee,SKU-PRM-001,Wajan Anti Lengket Granite 24cm,Perlengkapan Rumah,299808,14268,0,11992,COMPLETED,2026-05-11 00:00:00,4,"Kualitas ok sesuai harga, barang berfungsi dengan baik."
ORD-20260836,Lazada,SKU-PRM-001,Wajan Anti Lengket Granite 24cm,Perlengkapan Rumah,730461,15991,15000,29218,COMPLETED,2026-09-04 00:00:00,5,"Kualitas ok sesuai harga, barang berfungsi dengan baik."
ORD-20260837,TikTok Shop,SKU-ELC-001,Headset Bluetooth Wireless TWS,Elektronik,707930,25288,25000,28317,COMPLETED,2026-01-27 00:00:00,4,"Kualitas ok sesuai harga, barang berfungsi dengan baik."
ORD-20260838,Shopee,SKU-KCT-002,Sunscreen Gel SPF 50 PA++++,Kecantikan,155274,22736,10000,6210,COMPLETED,2026-06-30 00:00:00,5,"Produk bagus banget, pengiriman cepat dan packing rapi!"
ORD-20260839,Shopee,SKU-KCT-001,Serum Wajah Brightening Vitamin C,Kecantikan,154058,29057,15000,6162,COMPLETED,2026-05-28 00:00:00,5,"Kualitas ok sesuai harga, barang berfungsi dengan baik."
ORD-20260840,Lazada,SKU-FSH-002,Kemeja Flanel Kotak Lengan Panjang,Fashion,467800,27668,5000,18712,COMPLETED,2026-09-01 00:00:00,5,"Kualitas ok sesuai harga, barang berfungsi dengan baik."
ORD-20260841,Shopee,SKU-KSH-001,Minyak Angin Aromatheraphy 10ml,Kesehatan,552510,18054,25000,22100,COMPLETED,2026-06-10 00:00:00,5,"Sangat puas belanja di toko ini, seller ramah dan responsif."
ORD-20260842,Lazada,SKU-KCT-002,Sunscreen Gel SPF 50 PA++++,Kecantikan,488783,33320,25000,19551,COMPLETED,2026-09-03 00:00:00,3,"Biasa saja, pengiriman agak lama."
ORD-20260843,Tokopedia,SKU-FSH-001,Kaos Polos Cotton Combed 30s,Fashion,648077,10162,10000,25923,COMPLETED,2026-05-19 00:00:00,5,"Sangat puas belanja di toko ini, seller ramah dan responsif."
ORD-20260844,Lazada,SKU-ELC-001,Headset Bluetooth Wireless TWS,Elektronik,250221,12503,5000,10008,CANCELLED,2026-03-04 00:00:00,,
ORD-20260845,TikTok Shop,SKU-ELC-002,Powerbank Fast Charging 10000mAh,Elektronik,210135,24878,0,8405,COMPLETED,2026-01-09 00:00:00,4,"Sangat puas belanja di toko ini, seller ramah dan responsif."
ORD-20260846,Lazada,SKU-PRM-001,Wajan Anti Lengket Granite 24cm,Perlengkapan Rumah,71488,11460,25000,2859,COMPLETED,2026-02-12 00:00:00,5,"Sangat puas belanja di toko ini, seller ramah dan responsif."
ORD-20260847,Lazada,SKU-KCT-001,Serum Wajah Brightening Vitamin C,Kecantikan,106004,33271,25000,4240,CANCELLED,2026-02-14 00:00:00,,
ORD-20260848,Shopee,SKU-ELC-001,Headset Bluetooth Wireless TWS,Elektronik,446692,16114,25000,17867,COMPLETED,2026-01-30 00:00:00,3,"Biasa saja, pengiriman agak lama."
ORD-20260849,Lazada,SKU-FSH-002,Kemeja Flanel Kotak Lengan Panjang,Fashion,78573,27167,15000,3142,CANCELLED,2026-05-09 00:00:00,,
ORD-20260850,Lazada,SKU-FSH-001,Kaos Polos Cotton Combed 30s,Fashion,225283,26808,15000,9011,RETURNED,2026-05-20 00:00:00,2,"Ukuran baju terlalu kecil dan jahitan tidak rapi, kecewa."
ORD-20260851,Tokopedia,SKU-FSH-001,Kaos Polos Cotton Combed 30s,Fashion,396137,20771,10000,15845,COMPLETED,2026-08-29 00:00:00,3,"Biasa saja, pengiriman agak lama."
ORD-20260852,Lazada,SKU-ELC-002,Powerbank Fast Charging 10000mAh,Elektronik,156714,29573,5000,6268,COMPLETED,2026-07-17 00:00:00,3,"Biasa saja, pengiriman agak lama."
ORD-20260853,Tokopedia,SKU-ELC-002,Powerbank Fast Charging 10000mAh,Elektronik,286574,22108,25000,11462,RETURNED,2026-04-25 00:00:00,1,"Pengiriman lama sekali, kemasan penyok dan barang agak lecet."
ORD-20260854,Lazada,SKU-FSH-002,Kemeja Flanel Kotak Lengan Panjang,Fashion,156400,23178,15000,6256,RETURNED,2026-06-04 00:00:00,1,"Pengiriman lama sekali, kemasan penyok dan barang agak lecet."
ORD-20260855,Tokopedia,SKU-ELC-002,Powerbank Fast Charging 10000mAh,Elektronik,85244,17480,5000,3409,CANCELLED,2026-04-10 00:00:00,,
ORD-20260856,Tokopedia,SKU-KCT-002,Sunscreen Gel SPF 50 PA++++,Kecantikan,519204,33448,25000,20768,COMPLETED,2026-03-27 00:00:00,4,"Kualitas ok sesuai harga, barang berfungsi dengan baik."
ORD-20260857,Lazada,SKU-KCT-001,Serum Wajah Brightening Vitamin C,Kecantikan,280617,25743,0,11224,COMPLETED,2026-08-27 00:00:00,5,"Sangat puas belanja di toko ini, seller ramah dan responsif."
ORD-20260858,TikTok Shop,SKU-ELC-002,Powerbank Fast Charging 10000mAh,Elektronik,223804,21831,15000,8952,COMPLETED,2026-06-17 00:00:00,5,"Produk bagus banget, pengiriman cepat dan packing rapi!"
ORD-20260859,Shopee,SKU-FSH-001,Kaos Polos Cotton Combed 30s,Fashion,449196,34519,15000,17967,COMPLETED,2026-07-31 00:00:00,5,"Barang original 100%, mantap recommended seller!"
ORD-20260860,Lazada,SKU-KCT-001,Serum Wajah Brightening Vitamin C,Kecantikan,647103,16246,10000,25884,COMPLETED,2026-07-02 00:00:00,5,"Produk bagus banget, pengiriman cepat dan packing rapi!"
ORD-20260861,Lazada,SKU-PRM-001,Wajan Anti Lengket Granite 24cm,Perlengkapan Rumah,644409,18236,5000,25776,COMPLETED,2026-08-20 00:00:00,3,"Biasa saja, pengiriman agak lama."
ORD-20260862,Tokopedia,SKU-KSH-001,Minyak Angin Aromatheraphy 10ml,Kesehatan,290771,19110,15000,11630,COMPLETED,2026-03-26 00:00:00,3,"Biasa saja, pengiriman agak lama."
ORD-20260863,Tokopedia,SKU-KCT-001,Serum Wajah Brightening Vitamin C,Kecantikan,608705,15376,5000,24348,COMPLETED,2026-04-01 00:00:00,5,"Sangat puas belanja di toko ini, seller ramah dan responsif."
ORD-20260864,Shopee,SKU-PRM-001,Wajan Anti Lengket Granite 24cm,Perlengkapan Rumah,543841,16176,25000,21753,CANCELLED,2026-06-10 00:00:00,,
ORD-20260865,TikTok Shop,SKU-PRM-001,Wajan Anti Lengket Granite 24cm,Perlengkapan Rumah,679340,34051,0,27173,COMPLETED,2026-08-23 00:00:00,3,"Biasa saja, pengiriman agak lama."
ORD-20260866,Lazada,SKU-FSH-002,Kemeja Flanel Kotak Lengan Panjang,Fashion,430775,26969,15000,17231,RETURNED,2026-01-08 00:00:00,2,"Barang mati total saat diterima, respon garansi lambat!"
ORD-20260867,Lazada,SKU-FSH-002,Kemeja Flanel Kotak Lengan Panjang,Fashion,506805,26897,25000,20272,COMPLETED,2026-02-14 00:00:00,5,"Kualitas ok sesuai harga, barang berfungsi dengan baik."
ORD-20260868,Lazada,SKU-FSH-001,Kaos Polos Cotton Combed 30s,Fashion,131096,16529,25000,5243,CANCELLED,2026-04-06 00:00:00,,
ORD-20260869,Lazada,SKU-KSH-001,Minyak Angin Aromatheraphy 10ml,Kesehatan,217257,33574,15000,8690,COMPLETED,2026-06-06 00:00:00,5,"Kualitas ok sesuai harga, barang berfungsi dengan baik."
ORD-20260870,Shopee,SKU-FSH-002,Kemeja Flanel Kotak Lengan Panjang,Fashion,83473,12753,0,3338,CANCELLED,2026-01-12 00:00:00,,
ORD-20260871,Shopee,SKU-KCT-001,Serum Wajah Brightening Vitamin C,Kecantikan,135631,32443,0,5425,COMPLETED,2026-08-02 00:00:00,3,"Biasa saja, pengiriman agak lama."
ORD-20260872,Tokopedia,SKU-FSH-002,Kemeja Flanel Kotak Lengan Panjang,Fashion,731446,11627,15000,29257,COMPLETED,2026-02-14 00:00:00,5,"Produk bagus banget, pengiriman cepat dan packing rapi!"
ORD-20260873,Tokopedia,SKU-KSH-001,Minyak Angin Aromatheraphy 10ml,Kesehatan,90531,21810,5000,3621,COMPLETED,2026-07-29 00:00:00,5,"Sangat puas belanja di toko ini, seller ramah dan responsif."
ORD-20260874,TikTok Shop,SKU-KCT-001,Serum Wajah Brightening Vitamin C,Kecantikan,270083,27527,5000,10803,RETURNED,2026-01-29 00:00:00,2,"Pengiriman lama sekali, kemasan penyok dan barang agak lecet."
ORD-20260875,Lazada,SKU-ELC-001,Headset Bluetooth Wireless TWS,Elektronik,557414,31529,5000,22296,CANCELLED,2026-07-10 00:00:00,,
ORD-20260876,Tokopedia,SKU-KCT-002,Sunscreen Gel SPF 50 PA++++,Kecantikan,117004,13121,10000,4680,COMPLETED,2026-08-10 00:00:00,5,"Produk bagus banget, pengiriman cepat dan packing rapi!"
ORD-20260877,Lazada,SKU-ELC-001,Headset Bluetooth Wireless TWS,Elektronik,656305,24388,10000,26252,COMPLETED,2026-03-07 00:00:00,5,"Barang original 100%, mantap recommended seller!"
ORD-20260878,Shopee,SKU-KSH-001,Minyak Angin Aromatheraphy 10ml,Kesehatan,729690,27583,10000,29187,COMPLETED,2026-06-09 00:00:00,4,"Sangat puas belanja di toko ini, seller ramah dan responsif."
ORD-20260879,Shopee,SKU-PRM-001,Wajan Anti Lengket Granite 24cm,Perlengkapan Rumah,291232,16063,10000,11649,COMPLETED,2026-01-11 00:00:00,5,"Sangat puas belanja di toko ini, seller ramah dan responsif."
ORD-20260880,TikTok Shop,SKU-KSH-001,Minyak Angin Aromatheraphy 10ml,Kesehatan,353244,29225,10000,14129,COMPLETED,2026-08-16 00:00:00,5,"Produk bagus banget, pengiriman cepat dan packing rapi!"
ORD-20260881,Tokopedia,SKU-FSH-002,Kemeja Flanel Kotak Lengan Panjang,Fashion,99544,21413,25000,3981,COMPLETED,2026-03-18 00:00:00,3,"Biasa saja, pengiriman agak lama."
ORD-20260882,Tokopedia,SKU-FSH-002,Kemeja Flanel Kotak Lengan Panjang,Fashion,301563,10044,0,12062,COMPLETED,2026-06-21 00:00:00,4,"Produk bagus banget, pengiriman cepat dan packing rapi!"
ORD-20260883,TikTok Shop,SKU-KCT-001,Serum Wajah Brightening Vitamin C,Kecantikan,86618,17204,0,3464,COMPLETED,2026-04-14 00:00:00,3,"Biasa saja, pengiriman agak lama."
ORD-20260884,Tokopedia,SKU-KCT-001,Serum Wajah Brightening Vitamin C,Kecantikan,703042,27309,5000,28121,COMPLETED,2026-06-21 00:00:00,5,"Sangat puas belanja di toko ini, seller ramah dan responsif."
ORD-20260885,Lazada,SKU-ELC-001,Headset Bluetooth Wireless TWS,Elektronik,424559,30511,15000,16982,CANCELLED,2026-06-01 00:00:00,,
ORD-20260886,Tokopedia,SKU-KSH-001,Minyak Angin Aromatheraphy 10ml,Kesehatan,666089,19940,25000,26643,CANCELLED,2026-03-01 00:00:00,,
ORD-20260887,Shopee,SKU-ELC-002,Powerbank Fast Charging 10000mAh,Elektronik,526141,18935,15000,21045,COMPLETED,2026-04-15 00:00:00,5,"Kualitas ok sesuai harga, barang berfungsi dengan baik."
ORD-20260888,Tokopedia,SKU-FSH-002,Kemeja Flanel Kotak Lengan Panjang,Fashion,43642,23529,15000,1745,COMPLETED,2026-07-31 00:00:00,3,"Biasa saja, pengiriman agak lama."
ORD-20260889,Lazada,SKU-KSH-001,Minyak Angin Aromatheraphy 10ml,Kesehatan,662461,25022,0,26498,COMPLETED,2026-01-09 00:00:00,4,"Sangat puas belanja di toko ini, seller ramah dan responsif."
ORD-20260890,Shopee,SKU-PRM-001,Wajan Anti Lengket Granite 24cm,Perlengkapan Rumah,388720,25063,15000,15548,COMPLETED,2026-07-30 00:00:00,5,"Barang original 100%, mantap recommended seller!"
ORD-20260891,TikTok Shop,SKU-KCT-002,Sunscreen Gel SPF 50 PA++++,Kecantikan,739445,19127,10000,29577,RETURNED,2026-06-15 00:00:00,1,"Bahan tipis tidak sesuai deskripsi produk, ajukan retur."
ORD-20260892,Shopee,SKU-KCT-002,Sunscreen Gel SPF 50 PA++++,Kecantikan,245920,17538,0,9836,COMPLETED,2026-03-20 00:00:00,5,"Produk bagus banget, pengiriman cepat dan packing rapi!"
ORD-20260893,Tokopedia,SKU-KCT-002,Sunscreen Gel SPF 50 PA++++,Kecantikan,468433,28139,15000,18737,COMPLETED,2026-05-10 00:00:00,5,"Kualitas ok sesuai harga, barang berfungsi dengan baik."
ORD-20260894,Shopee,SKU-FSH-001,Kaos Polos Cotton Combed 30s,Fashion,435968,12489,10000,17438,COMPLETED,2026-03-13 00:00:00,5,"Produk bagus banget, pengiriman cepat dan packing rapi!"
ORD-20260895,Shopee,SKU-KCT-002,Sunscreen Gel SPF 50 PA++++,Kecantikan,222501,11398,0,8900,COMPLETED,2026-07-22 00:00:00,5,"Sangat puas belanja di toko ini, seller ramah dan responsif."
ORD-20260896,Shopee,SKU-FSH-001,Kaos Polos Cotton Combed 30s,Fashion,477560,18840,15000,19102,COMPLETED,2026-06-24 00:00:00,3,"Biasa saja, pengiriman agak lama."
ORD-20260897,TikTok Shop,SKU-FSH-002,Kemeja Flanel Kotak Lengan Panjang,Fashion,114043,10705,0,4561,COMPLETED,2026-05-11 00:00:00,4,"Sangat puas belanja di toko ini, seller ramah dan responsif."
ORD-20260898,TikTok Shop,SKU-FSH-002,Kemeja Flanel Kotak Lengan Panjang,Fashion,145177,12016,0,5807,COMPLETED,2026-06-19 00:00:00,5,"Produk bagus banget, pengiriman cepat dan packing rapi!"
ORD-20260899,Tokopedia,SKU-KCT-002,Sunscreen Gel SPF 50 PA++++,Kecantikan,461864,14000,0,18474,RETURNED,2026-04-10 00:00:00,1,"Barang mati total saat diterima, respon garansi lambat!"
ORD-20260900,Shopee,SKU-FSH-001,Kaos Polos Cotton Combed 30s,Fashion,69012,11962,10000,2760,COMPLETED,2026-07-16 00:00:00,5,"Barang original 100%, mantap recommended seller!"
ORD-20260901,TikTok Shop,SKU-PRM-001,Wajan Anti Lengket Granite 24cm,Perlengkapan Rumah,85732,30546,10000,3429,COMPLETED,2026-06-06 00:00:00,5,"Barang original 100%, mantap recommended seller!"
ORD-20260902,Shopee,SKU-KSH-001,Minyak Angin Aromatheraphy 10ml,Kesehatan,205931,24244,15000,8237,COMPLETED,2026-04-07 00:00:00,4,"Sangat puas belanja di toko ini, seller ramah dan responsif."
ORD-20260903,Lazada,SKU-KCT-002,Sunscreen Gel SPF 50 PA++++,Kecantikan,218271,12289,5000,8730,COMPLETED,2026-08-17 00:00:00,5,"Kualitas ok sesuai harga, barang berfungsi dengan baik."
ORD-20260904,TikTok Shop,SKU-ELC-002,Powerbank Fast Charging 10000mAh,Elektronik,621508,15421,15000,24860,COMPLETED,2026-09-06 00:00:00,5,"Sangat puas belanja di toko ini, seller ramah dan responsif."
ORD-20260905,Lazada,SKU-ELC-002,Powerbank Fast Charging 10000mAh,Elektronik,696213,21568,25000,27848,COMPLETED,2026-02-24 00:00:00,4,"Kualitas ok sesuai harga, barang berfungsi dengan baik."
ORD-20260906,Shopee,SKU-FSH-002,Kemeja Flanel Kotak Lengan Panjang,Fashion,452565,32546,0,18102,COMPLETED,2026-03-26 00:00:00,5,"Kualitas ok sesuai harga, barang berfungsi dengan baik."
ORD-20260907,Lazada,SKU-FSH-001,Kaos Polos Cotton Combed 30s,Fashion,226325,27310,25000,9053,COMPLETED,2026-04-19 00:00:00,5,"Barang original 100%, mantap recommended seller!"
ORD-20260908,TikTok Shop,SKU-KCT-001,Serum Wajah Brightening Vitamin C,Kecantikan,348265,28523,25000,13930,COMPLETED,2026-08-03 00:00:00,5,"Kualitas ok sesuai harga, barang berfungsi dengan baik."
ORD-20260909,Lazada,SKU-ELC-002,Powerbank Fast Charging 10000mAh,Elektronik,170181,23537,5000,6807,COMPLETED,2026-06-11 00:00:00,5,"Kualitas ok sesuai harga, barang berfungsi dengan baik."
ORD-20260910,Shopee,SKU-FSH-001,Kaos Polos Cotton Combed 30s,Fashion,512925,28650,5000,20517,COMPLETED,2026-07-25 00:00:00,5,"Kualitas ok sesuai harga, barang berfungsi dengan baik."
ORD-20260911,Lazada,SKU-PRM-001,Wajan Anti Lengket Granite 24cm,Perlengkapan Rumah,414916,18002,10000,16596,COMPLETED,2026-04-03 00:00:00,5,"Produk bagus banget, pengiriman cepat dan packing rapi!"
ORD-20260912,Lazada,SKU-KCT-001,Serum Wajah Brightening Vitamin C,Kecantikan,655395,26607,0,26215,COMPLETED,2026-01-08 00:00:00,5,"Barang original 100%, mantap recommended seller!"
ORD-20260913,Lazada,SKU-FSH-001,Kaos Polos Cotton Combed 30s,Fashion,630558,31401,5000,25222,COMPLETED,2026-05-06 00:00:00,5,"Sangat puas belanja di toko ini, seller ramah dan responsif."
ORD-20260914,Lazada,SKU-FSH-001,Kaos Polos Cotton Combed 30s,Fashion,685327,32472,10000,27413,CANCELLED,2026-04-02 00:00:00,,
ORD-20260915,Lazada,SKU-KSH-001,Minyak Angin Aromatheraphy 10ml,Kesehatan,739972,33425,15000,29598,COMPLETED,2026-01-07 00:00:00,5,"Sangat puas belanja di toko ini, seller ramah dan responsif."
ORD-20260916,TikTok Shop,SKU-FSH-002,Kemeja Flanel Kotak Lengan Panjang,Fashion,328709,13288,5000,13148,CANCELLED,2026-08-11 00:00:00,,
ORD-20260917,Lazada,SKU-PRM-001,Wajan Anti Lengket Granite 24cm,Perlengkapan Rumah,456462,14774,15000,18258,COMPLETED,2026-02-13 00:00:00,5,"Sangat puas belanja di toko ini, seller ramah dan responsif."
ORD-20260918,Lazada,SKU-PRM-001,Wajan Anti Lengket Granite 24cm,Perlengkapan Rumah,283099,18939,5000,11323,COMPLETED,2026-08-27 00:00:00,5,"Kualitas ok sesuai harga, barang berfungsi dengan baik."
ORD-20260919,Lazada,SKU-FSH-002,Kemeja Flanel Kotak Lengan Panjang,Fashion,55407,29222,25000,2216,COMPLETED,2026-05-24 00:00:00,3,"Biasa saja, pengiriman agak lama."
ORD-20260920,Lazada,SKU-ELC-001,Headset Bluetooth Wireless TWS,Elektronik,174176,31715,0,6967,RETURNED,2026-02-09 00:00:00,1,"Ukuran baju terlalu kecil dan jahitan tidak rapi, kecewa."
ORD-20260921,Lazada,SKU-KCT-001,Serum Wajah Brightening Vitamin C,Kecantikan,43745,31966,25000,1749,COMPLETED,2026-07-30 00:00:00,5,"Kualitas ok sesuai harga, barang berfungsi dengan baik."
ORD-20260922,TikTok Shop,SKU-KSH-001,Minyak Angin Aromatheraphy 10ml,Kesehatan,618741,11257,25000,24749,COMPLETED,2026-05-10 00:00:00,4,"Produk bagus banget, pengiriman cepat dan packing rapi!"
ORD-20260923,TikTok Shop,SKU-ELC-001,Headset Bluetooth Wireless TWS,Elektronik,407510,27222,0,16300,CANCELLED,2026-02-25 00:00:00,,
ORD-20260924,Shopee,SKU-PRM-001,Wajan Anti Lengket Granite 24cm,Perlengkapan Rumah,250327,15507,25000,10013,COMPLETED,2026-02-14 00:00:00,5,"Barang original 100%, mantap recommended seller!"
ORD-20260925,Tokopedia,SKU-PRM-001,Wajan Anti Lengket Granite 24cm,Perlengkapan Rumah,434771,10444,10000,17390,COMPLETED,2026-08-17 00:00:00,4,"Kualitas ok sesuai harga, barang berfungsi dengan baik."
ORD-20260926,Tokopedia,SKU-PRM-001,Wajan Anti Lengket Granite 24cm,Perlengkapan Rumah,156988,17621,10000,6279,COMPLETED,2026-05-13 00:00:00,4,"Kualitas ok sesuai harga, barang berfungsi dengan baik."
ORD-20260927,TikTok Shop,SKU-KSH-001,Minyak Angin Aromatheraphy 10ml,Kesehatan,568086,11794,25000,22723,CANCELLED,2026-02-13 00:00:00,,
ORD-20260928,Tokopedia,SKU-PRM-001,Wajan Anti Lengket Granite 24cm,Perlengkapan Rumah,686370,27230,10000,27454,CANCELLED,2026-07-04 00:00:00,,
ORD-20260929,Shopee,SKU-KCT-002,Sunscreen Gel SPF 50 PA++++,Kecantikan,395744,15772,15000,15829,COMPLETED,2026-04-29 00:00:00,5,"Produk bagus banget, pengiriman cepat dan packing rapi!"
ORD-20260930,Tokopedia,SKU-KSH-001,Minyak Angin Aromatheraphy 10ml,Kesehatan,368022,23403,10000,14720,COMPLETED,2026-08-13 00:00:00,5,"Kualitas ok sesuai harga, barang berfungsi dengan baik."
ORD-20260931,TikTok Shop,SKU-ELC-001,Headset Bluetooth Wireless TWS,Elektronik,608524,15530,0,24340,CANCELLED,2026-01-23 00:00:00,,
ORD-20260932,Shopee,SKU-KSH-001,Minyak Angin Aromatheraphy 10ml,Kesehatan,735640,18323,10000,29425,CANCELLED,2026-04-20 00:00:00,,
ORD-20260933,TikTok Shop,SKU-FSH-001,Kaos Polos Cotton Combed 30s,Fashion,434212,27710,0,17368,RETURNED,2026-03-21 00:00:00,1,"Ukuran baju terlalu kecil dan jahitan tidak rapi, kecewa."
ORD-20260934,TikTok Shop,SKU-KSH-001,Minyak Angin Aromatheraphy 10ml,Kesehatan,542582,32300,5000,21703,COMPLETED,2026-07-30 00:00:00,5,"Kualitas ok sesuai harga, barang berfungsi dengan baik."
ORD-20260935,Lazada,SKU-KCT-002,Sunscreen Gel SPF 50 PA++++,Kecantikan,444942,19951,15000,17797,COMPLETED,2026-09-01 00:00:00,3,"Biasa saja, pengiriman agak lama."
ORD-20260936,TikTok Shop,SKU-ELC-001,Headset Bluetooth Wireless TWS,Elektronik,550406,30040,0,22016,COMPLETED,2026-04-18 00:00:00,3,"Biasa saja, pengiriman agak lama."
ORD-20260937,Lazada,SKU-KCT-002,Sunscreen Gel SPF 50 PA++++,Kecantikan,517578,26840,15000,20703,COMPLETED,2026-02-14 00:00:00,3,"Biasa saja, pengiriman agak lama."
ORD-20260938,TikTok Shop,SKU-FSH-001,Kaos Polos Cotton Combed 30s,Fashion,439874,32722,25000,17594,COMPLETED,2026-07-09 00:00:00,3,"Biasa saja, pengiriman agak lama."
ORD-20260939,Lazada,SKU-PRM-001,Wajan Anti Lengket Granite 24cm,Perlengkapan Rumah,279616,27347,10000,11184,COMPLETED,2026-03-24 00:00:00,4,"Kualitas ok sesuai harga, barang berfungsi dengan baik."
ORD-20260940,TikTok Shop,SKU-FSH-002,Kemeja Flanel Kotak Lengan Panjang,Fashion,483722,30756,25000,19348,CANCELLED,2026-06-07 00:00:00,,
ORD-20260941,Lazada,SKU-KCT-002,Sunscreen Gel SPF 50 PA++++,Kecantikan,459469,17640,10000,18378,RETURNED,2026-02-10 00:00:00,2,"Bahan tipis tidak sesuai deskripsi produk, ajukan retur."
ORD-20260942,Tokopedia,SKU-FSH-001,Kaos Polos Cotton Combed 30s,Fashion,264329,19762,0,10573,COMPLETED,2026-03-18 00:00:00,5,"Barang original 100%, mantap recommended seller!"
ORD-20260943,Tokopedia,SKU-ELC-002,Powerbank Fast Charging 10000mAh,Elektronik,439657,32893,0,17586,CANCELLED,2026-04-28 00:00:00,,
ORD-20260944,Tokopedia,SKU-KCT-002,Sunscreen Gel SPF 50 PA++++,Kecantikan,146995,26985,10000,5879,COMPLETED,2026-07-25 00:00:00,3,"Biasa saja, pengiriman agak lama."
ORD-20260945,TikTok Shop,SKU-PRM-001,Wajan Anti Lengket Granite 24cm,Perlengkapan Rumah,367796,10233,15000,14711,COMPLETED,2026-04-05 00:00:00,4,"Produk bagus banget, pengiriman cepat dan packing rapi!"
ORD-20260946,TikTok Shop,SKU-KCT-001,Serum Wajah Brightening Vitamin C,Kecantikan,91139,30490,0,3645,COMPLETED,2026-05-23 00:00:00,5,"Sangat puas belanja di toko ini, seller ramah dan responsif."
ORD-20260947,Lazada,SKU-FSH-001,Kaos Polos Cotton Combed 30s,Fashion,739056,21450,5000,29562,COMPLETED,2026-02-13 00:00:00,5,"Sangat puas belanja di toko ini, seller ramah dan responsif."
ORD-20260948,Lazada,SKU-PRM-001,Wajan Anti Lengket Granite 24cm,Perlengkapan Rumah,110838,28203,10000,4433,COMPLETED,2026-02-15 00:00:00,4,"Barang original 100%, mantap recommended seller!"
ORD-20260949,Shopee,SKU-FSH-001,Kaos Polos Cotton Combed 30s,Fashion,526178,19556,5000,21047,COMPLETED,2026-06-23 00:00:00,5,"Produk bagus banget, pengiriman cepat dan packing rapi!"
ORD-20260950,Lazada,SKU-FSH-002,Kemeja Flanel Kotak Lengan Panjang,Fashion,724953,21691,0,28998,CANCELLED,2026-07-06 00:00:00,,
ORD-20260951,TikTok Shop,SKU-KSH-001,Minyak Angin Aromatheraphy 10ml,Kesehatan,340249,27342,5000,13609,RETURNED,2026-06-22 00:00:00,1,"Ukuran baju terlalu kecil dan jahitan tidak rapi, kecewa."
ORD-20260952,Lazada,SKU-KCT-001,Serum Wajah Brightening Vitamin C,Kecantikan,435184,29526,15000,17407,COMPLETED,2026-08-01 00:00:00,4,"Produk bagus banget, pengiriman cepat dan packing rapi!"
ORD-20260953,Tokopedia,SKU-ELC-001,Headset Bluetooth Wireless TWS,Elektronik,339832,28472,15000,13593,COMPLETED,2026-02-27 00:00:00,5,"Produk bagus banget, pengiriman cepat dan packing rapi!"
ORD-20260954,TikTok Shop,SKU-ELC-002,Powerbank Fast Charging 10000mAh,Elektronik,693841,34754,25000,27753,COMPLETED,2026-03-04 00:00:00,5,"Produk bagus banget, pengiriman cepat dan packing rapi!"
ORD-20260955,TikTok Shop,SKU-FSH-001,Kaos Polos Cotton Combed 30s,Fashion,371103,20438,5000,14844,COMPLETED,2026-01-16 00:00:00,5,"Barang original 100%, mantap recommended seller!"
ORD-20260956,Shopee,SKU-FSH-001,Kaos Polos Cotton Combed 30s,Fashion,336021,27966,10000,13440,RETURNED,2026-01-13 00:00:00,1,"Barang mati total saat diterima, respon garansi lambat!"
ORD-20260957,Shopee,SKU-FSH-001,Kaos Polos Cotton Combed 30s,Fashion,242008,26620,25000,9680,COMPLETED,2026-08-17 00:00:00,5,"Sangat puas belanja di toko ini, seller ramah dan responsif."
ORD-20260958,TikTok Shop,SKU-KCT-001,Serum Wajah Brightening Vitamin C,Kecantikan,495401,12845,5000,19816,COMPLETED,2026-01-13 00:00:00,4,"Sangat puas belanja di toko ini, seller ramah dan responsif."
ORD-20260959,Lazada,SKU-KCT-001,Serum Wajah Brightening Vitamin C,Kecantikan,53449,33374,15000,2137,COMPLETED,2026-03-08 00:00:00,5,"Barang original 100%, mantap recommended seller!"
ORD-20260960,Tokopedia,SKU-ELC-002,Powerbank Fast Charging 10000mAh,Elektronik,469220,26960,5000,18768,COMPLETED,2026-01-08 00:00:00,5,"Kualitas ok sesuai harga, barang berfungsi dengan baik."
ORD-20260961,Tokopedia,SKU-KCT-002,Sunscreen Gel SPF 50 PA++++,Kecantikan,414970,24495,0,16598,COMPLETED,2026-07-11 00:00:00,3,"Biasa saja, pengiriman agak lama."
ORD-20260962,Lazada,SKU-KCT-002,Sunscreen Gel SPF 50 PA++++,Kecantikan,181754,17269,25000,7270,COMPLETED,2026-02-22 00:00:00,3,"Biasa saja, pengiriman agak lama."
ORD-20260963,Shopee,SKU-ELC-001,Headset Bluetooth Wireless TWS,Elektronik,232657,17878,25000,9306,COMPLETED,2026-04-28 00:00:00,4,"Sangat puas belanja di toko ini, seller ramah dan responsif."
ORD-20260964,Shopee,SKU-FSH-001,Kaos Polos Cotton Combed 30s,Fashion,318110,21973,0,12724,COMPLETED,2026-06-18 00:00:00,5,"Kualitas ok sesuai harga, barang berfungsi dengan baik."
ORD-20260965,Shopee,SKU-KSH-001,Minyak Angin Aromatheraphy 10ml,Kesehatan,608562,23890,0,24342,CANCELLED,2026-03-21 00:00:00,,
ORD-20260966,Tokopedia,SKU-FSH-002,Kemeja Flanel Kotak Lengan Panjang,Fashion,482223,24741,10000,19288,COMPLETED,2026-07-20 00:00:00,5,"Kualitas ok sesuai harga, barang berfungsi dengan baik."
ORD-20260967,TikTok Shop,SKU-FSH-002,Kemeja Flanel Kotak Lengan Panjang,Fashion,526211,26643,5000,21048,COMPLETED,2026-02-11 00:00:00,5,"Kualitas ok sesuai harga, barang berfungsi dengan baik."
ORD-20260968,Shopee,SKU-KCT-001,Serum Wajah Brightening Vitamin C,Kecantikan,622464,33972,10000,24898,COMPLETED,2026-04-01 00:00:00,5,"Produk bagus banget, pengiriman cepat dan packing rapi!"
ORD-20260969,Lazada,SKU-ELC-001,Headset Bluetooth Wireless TWS,Elektronik,510790,32793,10000,20431,COMPLETED,2026-03-26 00:00:00,5,"Sangat puas belanja di toko ini, seller ramah dan responsif."
ORD-20260970,TikTok Shop,SKU-FSH-002,Kemeja Flanel Kotak Lengan Panjang,Fashion,125541,26233,0,5021,COMPLETED,2026-03-04 00:00:00,4,"Produk bagus banget, pengiriman cepat dan packing rapi!"
ORD-20260971,Tokopedia,SKU-KCT-001,Serum Wajah Brightening Vitamin C,Kecantikan,325708,19813,15000,13028,RETURNED,2026-07-23 00:00:00,2,"Barang mati total saat diterima, respon garansi lambat!"
ORD-20260972,Tokopedia,SKU-FSH-001,Kaos Polos Cotton Combed 30s,Fashion,300306,12463,10000,12012,COMPLETED,2026-06-26 00:00:00,5,"Sangat puas belanja di toko ini, seller ramah dan responsif."
ORD-20260973,Tokopedia,SKU-KCT-001,Serum Wajah Brightening Vitamin C,Kecantikan,379646,10094,0,15185,COMPLETED,2026-04-30 00:00:00,5,"Barang original 100%, mantap recommended seller!"
ORD-20260974,Lazada,SKU-KCT-001,Serum Wajah Brightening Vitamin C,Kecantikan,176529,14871,0,7061,CANCELLED,2026-06-18 00:00:00,,
ORD-20260975,Tokopedia,SKU-FSH-002,Kemeja Flanel Kotak Lengan Panjang,Fashion,214763,13505,15000,8590,COMPLETED,2026-08-03 00:00:00,5,"Barang original 100%, mantap recommended seller!"
ORD-20260976,Shopee,SKU-KCT-001,Serum Wajah Brightening Vitamin C,Kecantikan,315086,19037,5000,12603,COMPLETED,2026-08-20 00:00:00,4,"Produk bagus banget, pengiriman cepat dan packing rapi!"
ORD-20260977,Lazada,SKU-FSH-001,Kaos Polos Cotton Combed 30s,Fashion,302697,23636,25000,12107,COMPLETED,2026-04-20 00:00:00,5,"Produk bagus banget, pengiriman cepat dan packing rapi!"
ORD-20260978,Lazada,SKU-ELC-002,Powerbank Fast Charging 10000mAh,Elektronik,238178,20992,0,9527,COMPLETED,2026-05-06 00:00:00,3,"Biasa saja, pengiriman agak lama."
ORD-20260979,Shopee,SKU-PRM-001,Wajan Anti Lengket Granite 24cm,Perlengkapan Rumah,191900,15839,5000,7676,COMPLETED,2026-04-05 00:00:00,5,"Sangat puas belanja di toko ini, seller ramah dan responsif."
ORD-20260980,TikTok Shop,SKU-FSH-001,Kaos Polos Cotton Combed 30s,Fashion,118745,15856,10000,4749,CANCELLED,2026-05-15 00:00:00,,
ORD-20260981,TikTok Shop,SKU-FSH-002,Kemeja Flanel Kotak Lengan Panjang,Fashion,482233,11359,5000,19289,CANCELLED,2026-08-26 00:00:00,,
ORD-20260982,Tokopedia,SKU-KSH-001,Minyak Angin Aromatheraphy 10ml,Kesehatan,683611,27500,25000,27344,COMPLETED,2026-02-25 00:00:00,5,"Kualitas ok sesuai harga, barang berfungsi dengan baik."
ORD-20260983,Lazada,SKU-ELC-001,Headset Bluetooth Wireless TWS,Elektronik,533762,18691,10000,21350,CANCELLED,2026-08-13 00:00:00,,
ORD-20260984,Shopee,SKU-KCT-001,Serum Wajah Brightening Vitamin C,Kecantikan,214691,22220,5000,8587,COMPLETED,2026-07-01 00:00:00,5,"Barang original 100%, mantap recommended seller!"
ORD-20260985,TikTok Shop,SKU-KCT-002,Sunscreen Gel SPF 50 PA++++,Kecantikan,500297,22671,0,20011,CANCELLED,2026-04-11 00:00:00,,
ORD-20260986,Shopee,SKU-ELC-001,Headset Bluetooth Wireless TWS,Elektronik,543710,20329,15000,21748,COMPLETED,2026-06-29 00:00:00,5,"Sangat puas belanja di toko ini, seller ramah dan responsif."
ORD-20260987,Lazada,SKU-FSH-001,Kaos Polos Cotton Combed 30s,Fashion,385191,20947,10000,15407,COMPLETED,2026-06-22 00:00:00,3,"Biasa saja, pengiriman agak lama."
ORD-20260988,Lazada,SKU-PRM-001,Wajan Anti Lengket Granite 24cm,Perlengkapan Rumah,744828,21524,10000,29793,CANCELLED,2026-08-04 00:00:00,,
ORD-20260989,Tokopedia,SKU-ELC-002,Powerbank Fast Charging 10000mAh,Elektronik,458641,24711,5000,18345,COMPLETED,2026-03-01 00:00:00,3,"Biasa saja, pengiriman agak lama."
ORD-20260990,Lazada,SKU-KCT-001,Serum Wajah Brightening Vitamin C,Kecantikan,490147,24308,10000,19605,COMPLETED,2026-04-11 00:00:00,4,"Produk bagus banget, pengiriman cepat dan packing rapi!"
ORD-20260991,TikTok Shop,SKU-FSH-001,Kaos Polos Cotton Combed 30s,Fashion,536781,18501,5000,21471,COMPLETED,2026-02-11 00:00:00,3,"Biasa saja, pengiriman agak lama."
ORD-20260992,TikTok Shop,SKU-FSH-001,Kaos Polos Cotton Combed 30s,Fashion,147776,21142,5000,5911,CANCELLED,2026-08-10 00:00:00,,
ORD-20260993,TikTok Shop,SKU-PRM-001,Wajan Anti Lengket Granite 24cm,Perlengkapan Rumah,241175,10326,5000,9647,RETURNED,2026-03-13 00:00:00,2,"Pengiriman lama sekali, kemasan penyok dan barang agak lecet."
ORD-20260994,TikTok Shop,SKU-FSH-001,Kaos Polos Cotton Combed 30s,Fashion,726276,20987,25000,29051,COMPLETED,2026-04-18 00:00:00,5,"Barang original 100%, mantap recommended seller!"
ORD-20260995,TikTok Shop,SKU-ELC-001,Headset Bluetooth Wireless TWS,Elektronik,185844,20232,0,7433,COMPLETED,2026-06-03 00:00:00,4,"Sangat puas belanja di toko ini, seller ramah dan responsif."
ORD-20260996,Tokopedia,SKU-KCT-001,Serum Wajah Brightening Vitamin C,Kecantikan,336426,18662,25000,13457,CANCELLED,2026-09-03 00:00:00,,
ORD-20260997,TikTok Shop,SKU-FSH-001,Kaos Polos Cotton Combed 30s,Fashion,347534,16980,5000,13901,COMPLETED,2026-06-08 00:00:00,3,"Biasa saja, pengiriman agak lama."
ORD-20260998,Shopee,SKU-FSH-001,Kaos Polos Cotton Combed 30s,Fashion,285091,12356,15000,11403,CANCELLED,2026-03-30 00:00:00,,
ORD-20260999,Tokopedia,SKU-ELC-001,Headset Bluetooth Wireless TWS,Elektronik,552453,18181,5000,22098,COMPLETED,2026-01-05 00:00:00,5,"Barang original 100%, mantap recommended seller!"
ORD-20261000,Lazada,SKU-KCT-002,Sunscreen Gel SPF 50 PA++++,Kecantikan,616198,11338,15000,24647,COMPLETED,2026-08-18 00:00:00,5,"Kualitas ok sesuai harga, barang berfungsi dengan baik."
ORD-20261001,TikTok Shop,SKU-KSH-001,Minyak Angin Aromatheraphy 10ml,Kesehatan,579631,29113,0,23185,COMPLETED,2026-05-20 00:00:00,5,"Kualitas ok sesuai harga, barang berfungsi dengan baik."
ORD-20261002,Shopee,SKU-KSH-001,Minyak Angin Aromatheraphy 10ml,Kesehatan,390143,22090,15000,15605,COMPLETED,2026-02-04 00:00:00,4,"Kualitas ok sesuai harga, barang berfungsi dengan baik."
ORD-20261003,Shopee,SKU-KSH-001,Minyak Angin Aromatheraphy 10ml,Kesehatan,213469,27883,10000,8538,CANCELLED,2026-05-22 00:00:00,,
ORD-20261004,Lazada,SKU-ELC-002,Powerbank Fast Charging 10000mAh,Elektronik,110978,17459,15000,4439,COMPLETED,2026-06-08 00:00:00,3,"Biasa saja, pengiriman agak lama."
ORD-20261005,Tokopedia,SKU-ELC-001,Headset Bluetooth Wireless TWS,Elektronik,259858,28478,5000,10394,COMPLETED,2026-03-15 00:00:00,5,"Produk bagus banget, pengiriman cepat dan packing rapi!"
ORD-20261006,Lazada,SKU-ELC-001,Headset Bluetooth Wireless TWS,Elektronik,252136,28521,5000,10085,RETURNED,2026-07-21 00:00:00,2,"Bahan tipis tidak sesuai deskripsi produk, ajukan retur."
ORD-20261007,Tokopedia,SKU-PRM-001,Wajan Anti Lengket Granite 24cm,Perlengkapan Rumah,361584,33724,15000,14463,CANCELLED,2026-06-10 00:00:00,,
ORD-20261008,TikTok Shop,SKU-KSH-001,Minyak Angin Aromatheraphy 10ml,Kesehatan,273387,16329,15000,10935,COMPLETED,2026-07-07 00:00:00,5,"Sangat puas belanja di toko ini, seller ramah dan responsif."
ORD-20261009,Lazada,SKU-ELC-002,Powerbank Fast Charging 10000mAh,Elektronik,531104,31202,15000,21244,COMPLETED,2026-01-17 00:00:00,5,"Kualitas ok sesuai harga, barang berfungsi dengan baik."
ORD-20261010,Shopee,SKU-KCT-001,Serum Wajah Brightening Vitamin C,Kecantikan,100671,16243,15000,4026,COMPLETED,2026-08-16 00:00:00,5,"Produk bagus banget, pengiriman cepat dan packing rapi!"
ORD-20261011,Lazada,SKU-KSH-001,Minyak Angin Aromatheraphy 10ml,Kesehatan,387764,22370,10000,15510,COMPLETED,2026-01-27 00:00:00,5,"Produk bagus banget, pengiriman cepat dan packing rapi!"
ORD-20261012,Shopee,SKU-KCT-001,Serum Wajah Brightening Vitamin C,Kecantikan,359766,22474,5000,14390,CANCELLED,2026-07-15 00:00:00,,
ORD-20261013,Tokopedia,SKU-PRM-001,Wajan Anti Lengket Granite 24cm,Perlengkapan Rumah,572283,10379,15000,22891,COMPLETED,2026-06-01 00:00:00,5,"Produk bagus banget, pengiriman cepat dan packing rapi!"
ORD-20261014,Tokopedia,SKU-KSH-001,Minyak Angin Aromatheraphy 10ml,Kesehatan,185482,10426,25000,7419,COMPLETED,2026-03-03 00:00:00,5,"Barang original 100%, mantap recommended seller!"
ORD-20261015,Shopee,SKU-KCT-002,Sunscreen Gel SPF 50 PA++++,Kecantikan,736766,30226,15000,29470,COMPLETED,2026-01-25 00:00:00,4,"Produk bagus banget, pengiriman cepat dan packing rapi!"
ORD-20261016,Lazada,SKU-KCT-002,Sunscreen Gel SPF 50 PA++++,Kecantikan,145493,18634,25000,5819,CANCELLED,2026-03-13 00:00:00,,
ORD-20261017,Tokopedia,SKU-KCT-001,Serum Wajah Brightening Vitamin C,Kecantikan,70613,22793,10000,2824,COMPLETED,2026-08-09 00:00:00,3,"Biasa saja, pengiriman agak lama."
ORD-20261018,Lazada,SKU-ELC-001,Headset Bluetooth Wireless TWS,Elektronik,468091,29861,0,18723,COMPLETED,2026-05-13 00:00:00,5,"Produk bagus banget, pengiriman cepat dan packing rapi!"
ORD-20261019,Shopee,SKU-KCT-001,Serum Wajah Brightening Vitamin C,Kecantikan,299621,23983,15000,11984,COMPLETED,2026-01-07 00:00:00,5,"Barang original 100%, mantap recommended seller!"
ORD-20261020,Tokopedia,SKU-FSH-001,Kaos Polos Cotton Combed 30s,Fashion,392283,11971,25000,15691,COMPLETED,2026-04-04 00:00:00,5,"Barang original 100%, mantap recommended seller!"
ORD-20261021,TikTok Shop,SKU-ELC-002,Powerbank Fast Charging 10000mAh,Elektronik,128058,28327,0,5122,COMPLETED,2026-01-22 00:00:00,5,"Produk bagus banget, pengiriman cepat dan packing rapi!"
ORD-20261022,Tokopedia,SKU-ELC-002,Powerbank Fast Charging 10000mAh,Elektronik,368107,25935,10000,14724,COMPLETED,2026-09-07 00:00:00,5,"Kualitas ok sesuai harga, barang berfungsi dengan baik."
ORD-20261023,Shopee,SKU-KSH-001,Minyak Angin Aromatheraphy 10ml,Kesehatan,437836,26423,0,17513,COMPLETED,2026-06-20 00:00:00,5,"Sangat puas belanja di toko ini, seller ramah dan responsif."
ORD-20261024,Lazada,SKU-ELC-001,Headset Bluetooth Wireless TWS,Elektronik,349551,11319,5000,13982,COMPLETED,2026-08-10 00:00:00,4,"Produk bagus banget, pengiriman cepat dan packing rapi!"
ORD-20261025,Shopee,SKU-ELC-002,Powerbank Fast Charging 10000mAh,Elektronik,192314,23261,25000,7692,COMPLETED,2026-05-28 00:00:00,3,"Biasa saja, pengiriman agak lama."
ORD-20261026,Lazada,SKU-ELC-002,Powerbank Fast Charging 10000mAh,Elektronik,202564,27535,5000,8102,COMPLETED,2026-03-23 00:00:00,5,"Sangat puas belanja di toko ini, seller ramah dan responsif."
ORD-20261027,Shopee,SKU-KCT-002,Sunscreen Gel SPF 50 PA++++,Kecantikan,80760,13176,0,3230,COMPLETED,2026-08-12 00:00:00,5,"Sangat puas belanja di toko ini, seller ramah dan responsif."
ORD-20261028,Tokopedia,SKU-ELC-001,Headset Bluetooth Wireless TWS,Elektronik,416557,18675,15000,16662,RETURNED,2026-06-04 00:00:00,2,"Barang mati total saat diterima, respon garansi lambat!"
ORD-20261029,Lazada,SKU-FSH-002,Kemeja Flanel Kotak Lengan Panjang,Fashion,491679,24475,25000,19667,COMPLETED,2026-05-02 00:00:00,4,"Barang original 100%, mantap recommended seller!"
ORD-20261030,Lazada,SKU-ELC-001,Headset Bluetooth Wireless TWS,Elektronik,483792,31861,0,19351,COMPLETED,2026-05-15 00:00:00,5,"Sangat puas belanja di toko ini, seller ramah dan responsif."
ORD-20261031,Shopee,SKU-KCT-002,Sunscreen Gel SPF 50 PA++++,Kecantikan,655059,26030,5000,26202,COMPLETED,2026-08-29 00:00:00,5,"Produk bagus banget, pengiriman cepat dan packing rapi!"
ORD-20261032,Shopee,SKU-FSH-001,Kaos Polos Cotton Combed 30s,Fashion,546671,20467,5000,21866,COMPLETED,2026-03-31 00:00:00,5,"Sangat puas belanja di toko ini, seller ramah dan responsif."
ORD-20261033,TikTok Shop,SKU-ELC-001,Headset Bluetooth Wireless TWS,Elektronik,281945,28972,15000,11277,COMPLETED,2026-06-01 00:00:00,5,"Kualitas ok sesuai harga, barang berfungsi dengan baik."
ORD-20261034,Tokopedia,SKU-KCT-001,Serum Wajah Brightening Vitamin C,Kecantikan,390670,16908,25000,15626,COMPLETED,2026-03-30 00:00:00,5,"Produk bagus banget, pengiriman cepat dan packing rapi!"
ORD-20261035,Tokopedia,SKU-KSH-001,Minyak Angin Aromatheraphy 10ml,Kesehatan,57364,26525,0,2294,RETURNED,2026-02-02 00:00:00,1,"Pengiriman lama sekali, kemasan penyok dan barang agak lecet."
ORD-20261036,TikTok Shop,SKU-KCT-001,Serum Wajah Brightening Vitamin C,Kecantikan,195221,29574,15000,7808,CANCELLED,2026-09-03 00:00:00,,
ORD-20261037,Lazada,SKU-FSH-001,Kaos Polos Cotton Combed 30s,Fashion,325126,12274,10000,13005,COMPLETED,2026-08-14 00:00:00,3,"Biasa saja, pengiriman agak lama."
ORD-20261038,TikTok Shop,SKU-ELC-001,Headset Bluetooth Wireless TWS,Elektronik,331795,14410,0,13271,COMPLETED,2026-01-02 00:00:00,4,"Produk bagus banget, pengiriman cepat dan packing rapi!"
ORD-20261039,Shopee,SKU-KCT-002,Sunscreen Gel SPF 50 PA++++,Kecantikan,333952,27877,10000,13358,COMPLETED,2026-07-04 00:00:00,5,"Sangat puas belanja di toko ini, seller ramah dan responsif."
ORD-20261040,Shopee,SKU-KCT-002,Sunscreen Gel SPF 50 PA++++,Kecantikan,263813,19478,10000,10552,CANCELLED,2026-05-16 00:00:00,,
ORD-20261041,Tokopedia,SKU-FSH-001,Kaos Polos Cotton Combed 30s,Fashion,206420,27233,0,8256,COMPLETED,2026-02-14 00:00:00,5,"Produk bagus banget, pengiriman cepat dan packing rapi!"
ORD-20261042,Shopee,SKU-PRM-001,Wajan Anti Lengket Granite 24cm,Perlengkapan Rumah,697292,15518,15000,27891,CANCELLED,2026-04-15 00:00:00,,
ORD-20261043,Shopee,SKU-ELC-001,Headset Bluetooth Wireless TWS,Elektronik,458970,20367,5000,18358,COMPLETED,2026-05-21 00:00:00,5,"Sangat puas belanja di toko ini, seller ramah dan responsif."
ORD-20261044,Shopee,SKU-ELC-001,Headset Bluetooth Wireless TWS,Elektronik,145032,20856,15000,5801,COMPLETED,2026-03-31 00:00:00,5,"Produk bagus banget, pengiriman cepat dan packing rapi!"
ORD-20261045,Tokopedia,SKU-FSH-002,Kemeja Flanel Kotak Lengan Panjang,Fashion,301338,23469,0,12053,COMPLETED,2026-06-08 00:00:00,5,"Sangat puas belanja di toko ini, seller ramah dan responsif."
ORD-20261046,Tokopedia,SKU-KSH-001,Minyak Angin Aromatheraphy 10ml,Kesehatan,190860,26884,25000,7634,COMPLETED,2026-05-07 00:00:00,5,"Sangat puas belanja di toko ini, seller ramah dan responsif."
ORD-20261047,Tokopedia,SKU-ELC-002,Powerbank Fast Charging 10000mAh,Elektronik,503817,18014,15000,20152,RETURNED,2026-05-16 00:00:00,1,"Bahan tipis tidak sesuai deskripsi produk, ajukan retur."
ORD-20261048,TikTok Shop,SKU-KSH-001,Minyak Angin Aromatheraphy 10ml,Kesehatan,249070,34649,10000,9962,COMPLETED,2026-02-27 00:00:00,5,"Barang original 100%, mantap recommended seller!"
ORD-20261049,Lazada,SKU-KSH-001,Minyak Angin Aromatheraphy 10ml,Kesehatan,335611,34345,15000,13424,COMPLETED,2026-08-06 00:00:00,5,"Kualitas ok sesuai harga, barang berfungsi dengan baik."
ORD-20261050,Lazada,SKU-KCT-001,Serum Wajah Brightening Vitamin C,Kecantikan,718248,31354,10000,28729,COMPLETED,2026-06-05 00:00:00,5,"Produk bagus banget, pengiriman cepat dan packing rapi!"
ORD-20261051,TikTok Shop,SKU-PRM-001,Wajan Anti Lengket Granite 24cm,Perlengkapan Rumah,58981,26436,15000,2359,CANCELLED,2026-01-09 00:00:00,,
ORD-20261052,TikTok Shop,SKU-PRM-001,Wajan Anti Lengket Granite 24cm,Perlengkapan Rumah,69653,13472,0,2786,COMPLETED,2026-07-09 00:00:00,5,"Sangat puas belanja di toko ini, seller ramah dan responsif."
ORD-20261053,TikTok Shop,SKU-PRM-001,Wajan Anti Lengket Granite 24cm,Perlengkapan Rumah,580726,34526,25000,23229,RETURNED,2026-02-26 00:00:00,1,"Pengiriman lama sekali, kemasan penyok dan barang agak lecet."
ORD-20261054,Shopee,SKU-KSH-001,Minyak Angin Aromatheraphy 10ml,Kesehatan,327361,26805,10000,13094,COMPLETED,2026-05-04 00:00:00,5,"Produk bagus banget, pengiriman cepat dan packing rapi!"
ORD-20261055,Lazada,SKU-KCT-002,Sunscreen Gel SPF 50 PA++++,Kecantikan,578130,28253,5000,23125,COMPLETED,2026-05-01 00:00:00,5,"Sangat puas belanja di toko ini, seller ramah dan responsif."
ORD-20261056,TikTok Shop,SKU-ELC-002,Powerbank Fast Charging 10000mAh,Elektronik,746511,14954,0,29860,COMPLETED,2026-03-03 00:00:00,5,"Kualitas ok sesuai harga, barang berfungsi dengan baik."
ORD-20261057,Tokopedia,SKU-FSH-001,Kaos Polos Cotton Combed 30s,Fashion,314346,22437,0,12573,COMPLETED,2026-06-25 00:00:00,4,"Barang original 100%, mantap recommended seller!"
ORD-20261058,TikTok Shop,SKU-KCT-001,Serum Wajah Brightening Vitamin C,Kecantikan,262133,34750,15000,10485,RETURNED,2026-07-23 00:00:00,2,"Pengiriman lama sekali, kemasan penyok dan barang agak lecet."
ORD-20261059,Shopee,SKU-FSH-001,Kaos Polos Cotton Combed 30s,Fashion,678750,28780,0,27150,COMPLETED,2026-05-19 00:00:00,3,"Biasa saja, pengiriman agak lama."
ORD-20261060,TikTok Shop,SKU-FSH-001,Kaos Polos Cotton Combed 30s,Fashion,175664,28389,15000,7026,COMPLETED,2026-08-21 00:00:00,3,"Biasa saja, pengiriman agak lama."
ORD-20261061,Lazada,SKU-ELC-001,Headset Bluetooth Wireless TWS,Elektronik,662258,10782,0,26490,COMPLETED,2026-09-08 00:00:00,3,"Biasa saja, pengiriman agak lama."
ORD-20261062,Lazada,SKU-FSH-001,Kaos Polos Cotton Combed 30s,Fashion,425069,27635,25000,17002,COMPLETED,2026-08-08 00:00:00,3,"Biasa saja, pengiriman agak lama."
ORD-20261063,Lazada,SKU-ELC-001,Headset Bluetooth Wireless TWS,Elektronik,557389,30525,25000,22295,COMPLETED,2026-05-09 00:00:00,3,"Biasa saja, pengiriman agak lama."
ORD-20261064,Shopee,SKU-FSH-002,Kemeja Flanel Kotak Lengan Panjang,Fashion,702969,22241,10000,28118,CANCELLED,2026-09-05 00:00:00,,
ORD-20261065,Shopee,SKU-ELC-001,Headset Bluetooth Wireless TWS,Elektronik,377024,13571,0,15080,COMPLETED,2026-08-07 00:00:00,5,"Produk bagus banget, pengiriman cepat dan packing rapi!"
ORD-20261066,TikTok Shop,SKU-ELC-001,Headset Bluetooth Wireless TWS,Elektronik,215138,19093,15000,8605,COMPLETED,2026-01-26 00:00:00,4,"Sangat puas belanja di toko ini, seller ramah dan responsif."
ORD-20261067,Tokopedia,SKU-FSH-001,Kaos Polos Cotton Combed 30s,Fashion,628971,14717,5000,25158,COMPLETED,2026-05-11 00:00:00,5,"Kualitas ok sesuai harga, barang berfungsi dengan baik."
ORD-20261068,TikTok Shop,SKU-ELC-001,Headset Bluetooth Wireless TWS,Elektronik,636637,20853,5000,25465,COMPLETED,2026-02-14 00:00:00,3,"Biasa saja, pengiriman agak lama."
ORD-20261069,TikTok Shop,SKU-KSH-001,Minyak Angin Aromatheraphy 10ml,Kesehatan,658521,21928,25000,26340,COMPLETED,2026-03-27 00:00:00,5,"Produk bagus banget, pengiriman cepat dan packing rapi!"
ORD-20261070,Tokopedia,SKU-FSH-002,Kemeja Flanel Kotak Lengan Panjang,Fashion,135632,11262,15000,5425,RETURNED,2026-01-03 00:00:00,2,"Pengiriman lama sekali, kemasan penyok dan barang agak lecet."
ORD-20261071,Tokopedia,SKU-ELC-002,Powerbank Fast Charging 10000mAh,Elektronik,629152,31621,25000,25166,CANCELLED,2026-02-02 00:00:00,,
ORD-20261072,Lazada,SKU-FSH-001,Kaos Polos Cotton Combed 30s,Fashion,188024,33616,0,7520,CANCELLED,2026-03-08 00:00:00,,
ORD-20261073,Tokopedia,SKU-KCT-001,Serum Wajah Brightening Vitamin C,Kecantikan,230631,22820,25000,9225,COMPLETED,2026-07-15 00:00:00,5,"Barang original 100%, mantap recommended seller!"
ORD-20261074,TikTok Shop,SKU-ELC-001,Headset Bluetooth Wireless TWS,Elektronik,448981,26902,5000,17959,COMPLETED,2026-04-21 00:00:00,3,"Biasa saja, pengiriman agak lama."
ORD-20261075,Lazada,SKU-FSH-001,Kaos Polos Cotton Combed 30s,Fashion,427754,11237,10000,17110,RETURNED,2026-02-13 00:00:00,1,"Bahan tipis tidak sesuai deskripsi produk, ajukan retur."
ORD-20261076,Shopee,SKU-PRM-001,Wajan Anti Lengket Granite 24cm,Perlengkapan Rumah,514045,27252,25000,20561,COMPLETED,2026-04-04 00:00:00,4,"Barang original 100%, mantap recommended seller!"
ORD-20261077,Lazada,SKU-KSH-001,Minyak Angin Aromatheraphy 10ml,Kesehatan,301652,34482,15000,12066,COMPLETED,2026-05-19 00:00:00,3,"Biasa saja, pengiriman agak lama."
ORD-20261078,Shopee,SKU-FSH-002,Kemeja Flanel Kotak Lengan Panjang,Fashion,719310,19045,0,28772,CANCELLED,2026-03-22 00:00:00,,
ORD-20261079,TikTok Shop,SKU-KCT-002,Sunscreen Gel SPF 50 PA++++,Kecantikan,642345,15893,0,25693,COMPLETED,2026-02-20 00:00:00,4,"Barang original 100%, mantap recommended seller!"
ORD-20261080,Shopee,SKU-ELC-001,Headset Bluetooth Wireless TWS,Elektronik,81681,27519,5000,3267,COMPLETED,2026-07-24 00:00:00,5,"Kualitas ok sesuai harga, barang berfungsi dengan baik."
ORD-20261081,Shopee,SKU-ELC-001,Headset Bluetooth Wireless TWS,Elektronik,394854,34049,25000,15794,COMPLETED,2026-03-08 00:00:00,5,"Produk bagus banget, pengiriman cepat dan packing rapi!"
ORD-20261082,Tokopedia,SKU-PRM-001,Wajan Anti Lengket Granite 24cm,Perlengkapan Rumah,261431,21129,10000,10457,CANCELLED,2026-07-28 00:00:00,,
ORD-20261083,Lazada,SKU-PRM-001,Wajan Anti Lengket Granite 24cm,Perlengkapan Rumah,697490,26350,10000,27899,RETURNED,2026-03-01 00:00:00,2,"Barang mati total saat diterima, respon garansi lambat!"
ORD-20261084,Lazada,SKU-KCT-001,Serum Wajah Brightening Vitamin C,Kecantikan,406462,20181,5000,16258,COMPLETED,2026-05-24 00:00:00,3,"Biasa saja, pengiriman agak lama."
ORD-20261085,Shopee,SKU-ELC-002,Powerbank Fast Charging 10000mAh,Elektronik,248966,18952,0,9958,COMPLETED,2026-02-14 00:00:00,5,"Kualitas ok sesuai harga, barang berfungsi dengan baik."
ORD-20261086,TikTok Shop,SKU-KCT-001,Serum Wajah Brightening Vitamin C,Kecantikan,72329,23137,10000,2893,CANCELLED,2026-01-22 00:00:00,,
ORD-20261087,TikTok Shop,SKU-PRM-001,Wajan Anti Lengket Granite 24cm,Perlengkapan Rumah,431830,11166,25000,17273,COMPLETED,2026-08-01 00:00:00,5,"Barang original 100%, mantap recommended seller!"
ORD-20261088,Tokopedia,SKU-KCT-001,Serum Wajah Brightening Vitamin C,Kecantikan,555828,26008,5000,22233,CANCELLED,2026-08-23 00:00:00,,
ORD-20261089,Shopee,SKU-KCT-001,Serum Wajah Brightening Vitamin C,Kecantikan,346683,10702,5000,13867,CANCELLED,2026-03-17 00:00:00,,
ORD-20261090,Lazada,SKU-KSH-001,Minyak Angin Aromatheraphy 10ml,Kesehatan,354647,11134,25000,14185,COMPLETED,2026-06-01 00:00:00,5,"Sangat puas belanja di toko ini, seller ramah dan responsif."
ORD-20261091,TikTok Shop,SKU-KCT-001,Serum Wajah Brightening Vitamin C,Kecantikan,569192,22281,25000,22767,COMPLETED,2026-05-26 00:00:00,5,"Produk bagus banget, pengiriman cepat dan packing rapi!"
ORD-20261092,Lazada,SKU-ELC-001,Headset Bluetooth Wireless TWS,Elektronik,274511,21609,0,10980,COMPLETED,2026-04-25 00:00:00,4,"Produk bagus banget, pengiriman cepat dan packing rapi!"
ORD-20261093,Shopee,SKU-KCT-001,Serum Wajah Brightening Vitamin C,Kecantikan,419028,19324,5000,16761,COMPLETED,2026-04-29 00:00:00,4,"Produk bagus banget, pengiriman cepat dan packing rapi!"
ORD-20261094,TikTok Shop,SKU-PRM-001,Wajan Anti Lengket Granite 24cm,Perlengkapan Rumah,265843,30576,15000,10633,CANCELLED,2026-01-15 00:00:00,,
ORD-20261095,Tokopedia,SKU-ELC-001,Headset Bluetooth Wireless TWS,Elektronik,674016,17437,10000,26960,COMPLETED,2026-02-02 00:00:00,5,"Kualitas ok sesuai harga, barang berfungsi dengan baik."
ORD-20261096,Lazada,SKU-KCT-002,Sunscreen Gel SPF 50 PA++++,Kecantikan,426065,15450,10000,17042,COMPLETED,2026-06-20 00:00:00,5,"Barang original 100%, mantap recommended seller!"
ORD-20261097,TikTok Shop,SKU-KCT-001,Serum Wajah Brightening Vitamin C,Kecantikan,311020,10147,5000,12440,COMPLETED,2026-08-06 00:00:00,5,"Sangat puas belanja di toko ini, seller ramah dan responsif."
ORD-20261098,Tokopedia,SKU-PRM-001,Wajan Anti Lengket Granite 24cm,Perlengkapan Rumah,747404,18483,0,29896,CANCELLED,2026-07-11 00:00:00,,
ORD-20261099,Shopee,SKU-KSH-001,Minyak Angin Aromatheraphy 10ml,Kesehatan,567763,33436,25000,22710,COMPLETED,2026-04-05 00:00:00,5,"Kualitas ok sesuai harga, barang berfungsi dengan baik."
ORD-20261100,Shopee,SKU-ELC-001,Headset Bluetooth Wireless TWS,Elektronik,74816,25467,10000,2992,COMPLETED,2026-03-10 00:00:00,5,"Kualitas ok sesuai harga, barang berfungsi dengan baik."
ORD-20261101,TikTok Shop,SKU-ELC-001,Headset Bluetooth Wireless TWS,Elektronik,541567,28348,25000,21662,CANCELLED,2026-08-30 00:00:00,,
ORD-20261102,Lazada,SKU-PRM-001,Wajan Anti Lengket Granite 24cm,Perlengkapan Rumah,722132,23155,5000,28885,COMPLETED,2026-03-28 00:00:00,5,"Kualitas ok sesuai harga, barang berfungsi dengan baik."
ORD-20261103,Tokopedia,SKU-KSH-001,Minyak Angin Aromatheraphy 10ml,Kesehatan,142941,14210,10000,5717,COMPLETED,2026-08-24 00:00:00,3,"Biasa saja, pengiriman agak lama."
ORD-20261104,Shopee,SKU-ELC-002,Powerbank Fast Charging 10000mAh,Elektronik,270353,12840,10000,10814,RETURNED,2026-06-11 00:00:00,1,"Bahan tipis tidak sesuai deskripsi produk, ajukan retur."
ORD-20261105,Shopee,SKU-ELC-001,Headset Bluetooth Wireless TWS,Elektronik,231141,34895,0,9245,COMPLETED,2026-01-11 00:00:00,5,"Produk bagus banget, pengiriman cepat dan packing rapi!"
ORD-20261106,TikTok Shop,SKU-PRM-001,Wajan Anti Lengket Granite 24cm,Perlengkapan Rumah,374552,20697,25000,14982,COMPLETED,2026-05-13 00:00:00,4,"Barang original 100%, mantap recommended seller!"
ORD-20261107,Shopee,SKU-PRM-001,Wajan Anti Lengket Granite 24cm,Perlengkapan Rumah,645914,33245,5000,25836,COMPLETED,2026-05-16 00:00:00,4,"Produk bagus banget, pengiriman cepat dan packing rapi!"
ORD-20261108,Tokopedia,SKU-ELC-001,Headset Bluetooth Wireless TWS,Elektronik,445124,19746,0,17804,COMPLETED,2026-07-12 00:00:00,5,"Produk bagus banget, pengiriman cepat dan packing rapi!"
ORD-20261109,Shopee,SKU-ELC-002,Powerbank Fast Charging 10000mAh,Elektronik,716814,14329,5000,28672,COMPLETED,2026-06-16 00:00:00,5,"Sangat puas belanja di toko ini, seller ramah dan responsif."
ORD-20261110,Tokopedia,SKU-ELC-001,Headset Bluetooth Wireless TWS,Elektronik,727935,25341,25000,29117,COMPLETED,2026-04-25 00:00:00,5,"Sangat puas belanja di toko ini, seller ramah dan responsif."
ORD-20261111,Tokopedia,SKU-KCT-001,Serum Wajah Brightening Vitamin C,Kecantikan,156282,34922,25000,6251,COMPLETED,2026-04-10 00:00:00,4,"Kualitas ok sesuai harga, barang berfungsi dengan baik."
ORD-20261112,Lazada,SKU-KCT-002,Sunscreen Gel SPF 50 PA++++,Kecantikan,379155,18027,10000,15166,RETURNED,2026-06-15 00:00:00,2,"Pengiriman lama sekali, kemasan penyok dan barang agak lecet."
ORD-20261113,TikTok Shop,SKU-ELC-002,Powerbank Fast Charging 10000mAh,Elektronik,425362,31249,5000,17014,CANCELLED,2026-05-25 00:00:00,,
ORD-20261114,Lazada,SKU-ELC-002,Powerbank Fast Charging 10000mAh,Elektronik,731650,30514,0,29266,COMPLETED,2026-06-19 00:00:00,4,"Produk bagus banget, pengiriman cepat dan packing rapi!"
ORD-20261115,Tokopedia,SKU-KCT-002,Sunscreen Gel SPF 50 PA++++,Kecantikan,136112,27123,10000,5444,RETURNED,2026-04-11 00:00:00,1,"Ukuran baju terlalu kecil dan jahitan tidak rapi, kecewa."
ORD-20261116,Tokopedia,SKU-PRM-001,Wajan Anti Lengket Granite 24cm,Perlengkapan Rumah,644448,25209,5000,25777,COMPLETED,2026-09-07 00:00:00,4,"Produk bagus banget, pengiriman cepat dan packing rapi!"
ORD-20261117,Lazada,SKU-PRM-001,Wajan Anti Lengket Granite 24cm,Perlengkapan Rumah,598056,12861,5000,23922,COMPLETED,2026-02-02 00:00:00,5,"Barang original 100%, mantap recommended seller!"
ORD-20261118,Tokopedia,SKU-KCT-002,Sunscreen Gel SPF 50 PA++++,Kecantikan,357910,22947,15000,14316,COMPLETED,2026-05-02 00:00:00,3,"Biasa saja, pengiriman agak lama."
ORD-20261119,Lazada,SKU-ELC-002,Powerbank Fast Charging 10000mAh,Elektronik,562467,19611,25000,22498,COMPLETED,2026-03-18 00:00:00,5,"Kualitas ok sesuai harga, barang berfungsi dengan baik."
ORD-20261120,TikTok Shop,SKU-FSH-001,Kaos Polos Cotton Combed 30s,Fashion,486126,31854,15000,19445,COMPLETED,2026-09-03 00:00:00,4,"Sangat puas belanja di toko ini, seller ramah dan responsif."
ORD-20261121,Tokopedia,SKU-KCT-001,Serum Wajah Brightening Vitamin C,Kecantikan,225571,24198,15000,9022,COMPLETED,2026-04-19 00:00:00,5,"Barang original 100%, mantap recommended seller!"
ORD-20261122,Shopee,SKU-KSH-001,Minyak Angin Aromatheraphy 10ml,Kesehatan,633811,28844,25000,25352,RETURNED,2026-05-12 00:00:00,2,"Ukuran baju terlalu kecil dan jahitan tidak rapi, kecewa."
ORD-20261123,Lazada,SKU-ELC-002,Powerbank Fast Charging 10000mAh,Elektronik,446884,24153,25000,17875,COMPLETED,2026-07-13 00:00:00,5,"Kualitas ok sesuai harga, barang berfungsi dengan baik."
ORD-20261124,Lazada,SKU-KSH-001,Minyak Angin Aromatheraphy 10ml,Kesehatan,416429,15323,5000,16657,COMPLETED,2026-07-26 00:00:00,4,"Barang original 100%, mantap recommended seller!"
ORD-20261125,Tokopedia,SKU-FSH-001,Kaos Polos Cotton Combed 30s,Fashion,682751,26505,15000,27310,COMPLETED,2026-02-12 00:00:00,5,"Kualitas ok sesuai harga, barang berfungsi dengan baik."
ORD-20261126,TikTok Shop,SKU-ELC-002,Powerbank Fast Charging 10000mAh,Elektronik,281764,30031,5000,11270,COMPLETED,2026-07-27 00:00:00,5,"Produk bagus banget, pengiriman cepat dan packing rapi!"
ORD-20261127,Lazada,SKU-ELC-001,Headset Bluetooth Wireless TWS,Elektronik,215989,30290,10000,8639,COMPLETED,2026-01-02 00:00:00,5,"Barang original 100%, mantap recommended seller!"
ORD-20261128,Lazada,SKU-FSH-002,Kemeja Flanel Kotak Lengan Panjang,Fashion,703286,14263,0,28131,COMPLETED,2026-01-31 00:00:00,4,"Sangat puas belanja di toko ini, seller ramah dan responsif."
ORD-20261129,Lazada,SKU-FSH-002,Kemeja Flanel Kotak Lengan Panjang,Fashion,243423,29309,0,9736,COMPLETED,2026-08-19 00:00:00,3,"Biasa saja, pengiriman agak lama."
ORD-20261130,TikTok Shop,SKU-KCT-001,Serum Wajah Brightening Vitamin C,Kecantikan,158644,16183,10000,6345,RETURNED,2026-09-08 00:00:00,1,"Bahan tipis tidak sesuai deskripsi produk, ajukan retur."
ORD-20261131,Tokopedia,SKU-FSH-002,Kemeja Flanel Kotak Lengan Panjang,Fashion,89110,19462,0,3564,COMPLETED,2026-01-30 00:00:00,5,"Sangat puas belanja di toko ini, seller ramah dan responsif."
ORD-20261132,TikTok Shop,SKU-KSH-001,Minyak Angin Aromatheraphy 10ml,Kesehatan,576134,19934,5000,23045,COMPLETED,2026-04-20 00:00:00,5,"Kualitas ok sesuai harga, barang berfungsi dengan baik."
ORD-20261133,Lazada,SKU-PRM-001,Wajan Anti Lengket Granite 24cm,Perlengkapan Rumah,617723,14988,10000,24708,COMPLETED,2026-06-24 00:00:00,5,"Kualitas ok sesuai harga, barang berfungsi dengan baik."
ORD-20261134,Shopee,SKU-FSH-001,Kaos Polos Cotton Combed 30s,Fashion,611936,25948,0,24477,COMPLETED,2026-05-11 00:00:00,5,"Sangat puas belanja di toko ini, seller ramah dan responsif."
ORD-20261135,Tokopedia,SKU-KCT-002,Sunscreen Gel SPF 50 PA++++,Kecantikan,184247,19628,15000,7369,COMPLETED,2026-02-09 00:00:00,4,"Barang original 100%, mantap recommended seller!"
ORD-20261136,Shopee,SKU-FSH-002,Kemeja Flanel Kotak Lengan Panjang,Fashion,176585,31167,10000,7063,CANCELLED,2026-06-24 00:00:00,,
ORD-20261137,Shopee,SKU-KCT-002,Sunscreen Gel SPF 50 PA++++,Kecantikan,650909,19569,10000,26036,COMPLETED,2026-03-06 00:00:00,4,"Produk bagus banget, pengiriman cepat dan packing rapi!"
ORD-20261138,Shopee,SKU-ELC-001,Headset Bluetooth Wireless TWS,Elektronik,130593,33220,10000,5223,COMPLETED,2026-08-24 00:00:00,5,"Kualitas ok sesuai harga, barang berfungsi dengan baik."
ORD-20261139,Shopee,SKU-KSH-001,Minyak Angin Aromatheraphy 10ml,Kesehatan,94336,27668,15000,3773,COMPLETED,2026-06-27 00:00:00,5,"Barang original 100%, mantap recommended seller!"
ORD-20261140,Tokopedia,SKU-KSH-001,Minyak Angin Aromatheraphy 10ml,Kesehatan,587297,32142,0,23491,COMPLETED,2026-02-03 00:00:00,5,"Produk bagus banget, pengiriman cepat dan packing rapi!"
ORD-20261141,Shopee,SKU-ELC-001,Headset Bluetooth Wireless TWS,Elektronik,489069,25731,0,19562,COMPLETED,2026-04-27 00:00:00,4,"Produk bagus banget, pengiriman cepat dan packing rapi!"
ORD-20261142,Tokopedia,SKU-ELC-001,Headset Bluetooth Wireless TWS,Elektronik,587124,12462,10000,23484,COMPLETED,2026-05-06 00:00:00,3,"Biasa saja, pengiriman agak lama."
ORD-20261143,Shopee,SKU-KCT-002,Sunscreen Gel SPF 50 PA++++,Kecantikan,323239,19781,25000,12929,COMPLETED,2026-04-13 00:00:00,3,"Biasa saja, pengiriman agak lama."
ORD-20261144,Lazada,SKU-PRM-001,Wajan Anti Lengket Granite 24cm,Perlengkapan Rumah,682206,15291,5000,27288,COMPLETED,2026-03-14 00:00:00,3,"Biasa saja, pengiriman agak lama."
ORD-20261145,Lazada,SKU-KCT-001,Serum Wajah Brightening Vitamin C,Kecantikan,196428,16846,15000,7857,COMPLETED,2026-01-06 00:00:00,5,"Produk bagus banget, pengiriman cepat dan packing rapi!"
ORD-20261146,Shopee,SKU-FSH-002,Kemeja Flanel Kotak Lengan Panjang,Fashion,602090,16593,0,24083,COMPLETED,2026-06-09 00:00:00,4,"Sangat puas belanja di toko ini, seller ramah dan responsif."
ORD-20261147,TikTok Shop,SKU-KCT-001,Serum Wajah Brightening Vitamin C,Kecantikan,515364,20704,5000,20614,COMPLETED,2026-03-16 00:00:00,5,"Sangat puas belanja di toko ini, seller ramah dan responsif."
ORD-20261148,Shopee,SKU-KCT-002,Sunscreen Gel SPF 50 PA++++,Kecantikan,339931,14610,15000,13597,CANCELLED,2026-08-01 00:00:00,,
ORD-20261149,Lazada,SKU-KCT-001,Serum Wajah Brightening Vitamin C,Kecantikan,74614,18496,25000,2984,COMPLETED,2026-05-06 00:00:00,5,"Barang original 100%, mantap recommended seller!"
ORD-20261150,Lazada,SKU-ELC-002,Powerbank Fast Charging 10000mAh,Elektronik,433836,21289,10000,17353,COMPLETED,2026-07-27 00:00:00,5,"Produk bagus banget, pengiriman cepat dan packing rapi!"
ORD-20261151,TikTok Shop,SKU-KCT-002,Sunscreen Gel SPF 50 PA++++,Kecantikan,268568,15184,10000,10742,COMPLETED,2026-04-24 00:00:00,4,"Barang original 100%, mantap recommended seller!"
ORD-20261152,Tokopedia,SKU-PRM-001,Wajan Anti Lengket Granite 24cm,Perlengkapan Rumah,191852,13632,25000,7674,RETURNED,2026-08-11 00:00:00,2,"Pengiriman lama sekali, kemasan penyok dan barang agak lecet."
ORD-20261153,TikTok Shop,SKU-ELC-001,Headset Bluetooth Wireless TWS,Elektronik,61598,16863,25000,2463,COMPLETED,2026-05-17 00:00:00,3,"Biasa saja, pengiriman agak lama."
ORD-20261154,Tokopedia,SKU-KSH-001,Minyak Angin Aromatheraphy 10ml,Kesehatan,454680,30602,0,18187,RETURNED,2026-06-25 00:00:00,2,"Barang mati total saat diterima, respon garansi lambat!"
ORD-20261155,Shopee,SKU-PRM-001,Wajan Anti Lengket Granite 24cm,Perlengkapan Rumah,563929,24927,10000,22557,COMPLETED,2026-05-13 00:00:00,4,"Kualitas ok sesuai harga, barang berfungsi dengan baik."
ORD-20261156,Shopee,SKU-PRM-001,Wajan Anti Lengket Granite 24cm,Perlengkapan Rumah,67913,24484,15000,2716,CANCELLED,2026-05-18 00:00:00,,
ORD-20261157,Tokopedia,SKU-KSH-001,Minyak Angin Aromatheraphy 10ml,Kesehatan,77831,20308,5000,3113,COMPLETED,2026-04-21 00:00:00,5,"Sangat puas belanja di toko ini, seller ramah dan responsif."
ORD-20261158,Shopee,SKU-KCT-001,Serum Wajah Brightening Vitamin C,Kecantikan,656234,24369,5000,26249,CANCELLED,2026-04-15 00:00:00,,
ORD-20261159,Lazada,SKU-KCT-001,Serum Wajah Brightening Vitamin C,Kecantikan,623619,31733,0,24944,RETURNED,2026-04-07 00:00:00,1,"Bahan tipis tidak sesuai deskripsi produk, ajukan retur."
ORD-20261160,Tokopedia,SKU-KSH-001,Minyak Angin Aromatheraphy 10ml,Kesehatan,388420,31707,5000,15536,COMPLETED,2026-03-09 00:00:00,3,"Biasa saja, pengiriman agak lama."
ORD-20261161,TikTok Shop,SKU-FSH-001,Kaos Polos Cotton Combed 30s,Fashion,241567,23865,0,9662,COMPLETED,2026-02-23 00:00:00,5,"Sangat puas belanja di toko ini, seller ramah dan responsif."
ORD-20261162,Lazada,SKU-PRM-001,Wajan Anti Lengket Granite 24cm,Perlengkapan Rumah,544990,25358,5000,21799,CANCELLED,2026-07-17 00:00:00,,
ORD-20261163,Lazada,SKU-FSH-001,Kaos Polos Cotton Combed 30s,Fashion,646573,12790,10000,25862,COMPLETED,2026-07-16 00:00:00,5,"Produk bagus banget, pengiriman cepat dan packing rapi!"
ORD-20261164,TikTok Shop,SKU-FSH-001,Kaos Polos Cotton Combed 30s,Fashion,107362,33261,15000,4294,RETURNED,2026-01-19 00:00:00,1,"Ukuran baju terlalu kecil dan jahitan tidak rapi, kecewa."
ORD-20261165,Tokopedia,SKU-FSH-002,Kemeja Flanel Kotak Lengan Panjang,Fashion,312636,25127,10000,12505,RETURNED,2026-08-09 00:00:00,2,"Barang mati total saat diterima, respon garansi lambat!"
ORD-20261166,Shopee,SKU-FSH-002,Kemeja Flanel Kotak Lengan Panjang,Fashion,367517,18411,5000,14700,COMPLETED,2026-07-20 00:00:00,5,"Barang original 100%, mantap recommended seller!"
ORD-20261167,TikTok Shop,SKU-FSH-001,Kaos Polos Cotton Combed 30s,Fashion,741352,20792,15000,29654,RETURNED,2026-04-26 00:00:00,1,"Bahan tipis tidak sesuai deskripsi produk, ajukan retur."
ORD-20261168,TikTok Shop,SKU-ELC-001,Headset Bluetooth Wireless TWS,Elektronik,443206,20063,25000,17728,CANCELLED,2026-05-31 00:00:00,,
ORD-20261169,Tokopedia,SKU-KCT-002,Sunscreen Gel SPF 50 PA++++,Kecantikan,373003,19800,10000,14920,COMPLETED,2026-06-24 00:00:00,5,"Kualitas ok sesuai harga, barang berfungsi dengan baik."
ORD-20261170,Shopee,SKU-PRM-001,Wajan Anti Lengket Granite 24cm,Perlengkapan Rumah,646932,19004,10000,25877,COMPLETED,2026-02-08 00:00:00,3,"Biasa saja, pengiriman agak lama."
ORD-20261171,Lazada,SKU-FSH-001,Kaos Polos Cotton Combed 30s,Fashion,658039,11946,10000,26321,COMPLETED,2026-02-02 00:00:00,5,"Sangat puas belanja di toko ini, seller ramah dan responsif."
ORD-20261172,Tokopedia,SKU-KCT-001,Serum Wajah Brightening Vitamin C,Kecantikan,654431,30028,0,26177,RETURNED,2026-05-13 00:00:00,2,"Bahan tipis tidak sesuai deskripsi produk, ajukan retur."
ORD-20261173,TikTok Shop,SKU-KCT-001,Serum Wajah Brightening Vitamin C,Kecantikan,749337,21335,5000,29973,CANCELLED,2026-03-14 00:00:00,,
ORD-20261174,TikTok Shop,SKU-PRM-001,Wajan Anti Lengket Granite 24cm,Perlengkapan Rumah,107263,24371,0,4290,COMPLETED,2026-02-14 00:00:00,5,"Kualitas ok sesuai harga, barang berfungsi dengan baik."
ORD-20261175,Shopee,SKU-FSH-001,Kaos Polos Cotton Combed 30s,Fashion,156758,10231,15000,6270,RETURNED,2026-06-09 00:00:00,2,"Pengiriman lama sekali, kemasan penyok dan barang agak lecet."
ORD-20261176,TikTok Shop,SKU-KSH-001,Minyak Angin Aromatheraphy 10ml,Kesehatan,298253,29043,5000,11930,COMPLETED,2026-03-08 00:00:00,3,"Biasa saja, pengiriman agak lama."
ORD-20261177,Shopee,SKU-FSH-002,Kemeja Flanel Kotak Lengan Panjang,Fashion,133360,14332,10000,5334,RETURNED,2026-02-27 00:00:00,2,"Pengiriman lama sekali, kemasan penyok dan barang agak lecet."
ORD-20261178,Tokopedia,SKU-ELC-001,Headset Bluetooth Wireless TWS,Elektronik,622114,15746,0,24884,CANCELLED,2026-03-12 00:00:00,,
ORD-20261179,Tokopedia,SKU-FSH-002,Kemeja Flanel Kotak Lengan Panjang,Fashion,616943,16931,5000,24677,COMPLETED,2026-03-27 00:00:00,5,"Sangat puas belanja di toko ini, seller ramah dan responsif."
ORD-20261180,Lazada,SKU-PRM-001,Wajan Anti Lengket Granite 24cm,Perlengkapan Rumah,234922,29848,15000,9396,COMPLETED,2026-07-22 00:00:00,3,"Biasa saja, pengiriman agak lama."
ORD-20261181,Lazada,SKU-KSH-001,Minyak Angin Aromatheraphy 10ml,Kesehatan,262411,11672,10000,10496,COMPLETED,2026-01-08 00:00:00,4,"Produk bagus banget, pengiriman cepat dan packing rapi!"
ORD-20261182,Lazada,SKU-ELC-002,Powerbank Fast Charging 10000mAh,Elektronik,319209,16135,15000,12768,CANCELLED,2026-04-06 00:00:00,,
ORD-20261183,Shopee,SKU-FSH-001,Kaos Polos Cotton Combed 30s,Fashion,403544,12643,0,16141,COMPLETED,2026-02-25 00:00:00,3,"Biasa saja, pengiriman agak lama."
ORD-20261184,Lazada,SKU-FSH-002,Kemeja Flanel Kotak Lengan Panjang,Fashion,563586,34080,25000,22543,CANCELLED,2026-04-05 00:00:00,,
ORD-20261185,Tokopedia,SKU-KCT-002,Sunscreen Gel SPF 50 PA++++,Kecantikan,391634,19781,0,15665,COMPLETED,2026-06-03 00:00:00,4,"Barang original 100%, mantap recommended seller!"
ORD-20261186,TikTok Shop,SKU-FSH-001,Kaos Polos Cotton Combed 30s,Fashion,296005,17648,5000,11840,CANCELLED,2026-03-03 00:00:00,,
ORD-20261187,Lazada,SKU-ELC-002,Powerbank Fast Charging 10000mAh,Elektronik,266771,31606,10000,10670,COMPLETED,2026-07-03 00:00:00,3,"Biasa saja, pengiriman agak lama."
ORD-20261188,TikTok Shop,SKU-PRM-001,Wajan Anti Lengket Granite 24cm,Perlengkapan Rumah,439955,30085,10000,17598,COMPLETED,2026-06-16 00:00:00,3,"Biasa saja, pengiriman agak lama."
ORD-20261189,TikTok Shop,SKU-FSH-002,Kemeja Flanel Kotak Lengan Panjang,Fashion,263853,30075,0,10554,COMPLETED,2026-05-16 00:00:00,4,"Kualitas ok sesuai harga, barang berfungsi dengan baik."
ORD-20261190,Shopee,SKU-ELC-002,Powerbank Fast Charging 10000mAh,Elektronik,423325,23212,25000,16933,COMPLETED,2026-06-01 00:00:00,3,"Biasa saja, pengiriman agak lama."
ORD-20261191,Shopee,SKU-PRM-001,Wajan Anti Lengket Granite 24cm,Perlengkapan Rumah,269238,19118,5000,10769,RETURNED,2026-02-21 00:00:00,2,"Barang mati total saat diterima, respon garansi lambat!"
ORD-20261192,Lazada,SKU-FSH-001,Kaos Polos Cotton Combed 30s,Fashion,393959,16230,15000,15758,COMPLETED,2026-06-11 00:00:00,3,"Biasa saja, pengiriman agak lama."
ORD-20261193,Lazada,SKU-FSH-001,Kaos Polos Cotton Combed 30s,Fashion,673141,10427,5000,26925,RETURNED,2026-07-17 00:00:00,2,"Barang mati total saat diterima, respon garansi lambat!"
ORD-20261194,TikTok Shop,SKU-KCT-002,Sunscreen Gel SPF 50 PA++++,Kecantikan,145980,17198,5000,5839,COMPLETED,2026-03-22 00:00:00,5,"Sangat puas belanja di toko ini, seller ramah dan responsif."
ORD-20261195,Shopee,SKU-ELC-002,Powerbank Fast Charging 10000mAh,Elektronik,739151,17021,10000,29566,COMPLETED,2026-03-23 00:00:00,5,"Barang original 100%, mantap recommended seller!"
ORD-20261196,TikTok Shop,SKU-ELC-001,Headset Bluetooth Wireless TWS,Elektronik,333918,16159,0,13356,CANCELLED,2026-07-11 00:00:00,,
ORD-20261197,Shopee,SKU-KCT-002,Sunscreen Gel SPF 50 PA++++,Kecantikan,694419,31256,0,27776,COMPLETED,2026-08-17 00:00:00,5,"Produk bagus banget, pengiriman cepat dan packing rapi!"
ORD-20261198,TikTok Shop,SKU-FSH-001,Kaos Polos Cotton Combed 30s,Fashion,546958,12623,15000,21878,COMPLETED,2026-07-26 00:00:00,5,"Barang original 100%, mantap recommended seller!"
ORD-20261199,TikTok Shop,SKU-KCT-001,Serum Wajah Brightening Vitamin C,Kecantikan,364295,30422,15000,14571,COMPLETED,2026-04-05 00:00:00,5,"Sangat puas belanja di toko ini, seller ramah dan responsif."
ORD-20261200,TikTok Shop,SKU-FSH-001,Kaos Polos Cotton Combed 30s,Fashion,76535,15190,0,3061,COMPLETED,2026-04-29 00:00:00,4,"Barang original 100%, mantap recommended seller!"
ORD-20261201,Lazada,SKU-KCT-001,Serum Wajah Brightening Vitamin C,Kecantikan,289831,19797,5000,11593,COMPLETED,2026-06-03 00:00:00,3,"Biasa saja, pengiriman agak lama."
ORD-20261202,Tokopedia,SKU-KCT-002,Sunscreen Gel SPF 50 PA++++,Kecantikan,574893,13926,5000,22995,RETURNED,2026-09-03 00:00:00,2,"Ukuran baju terlalu kecil dan jahitan tidak rapi, kecewa."
ORD-20261203,TikTok Shop,SKU-ELC-002,Powerbank Fast Charging 10000mAh,Elektronik,482870,10803,0,19314,COMPLETED,2026-02-07 00:00:00,4,"Barang original 100%, mantap recommended seller!"
ORD-20261204,Tokopedia,SKU-FSH-001,Kaos Polos Cotton Combed 30s,Fashion,533937,11929,0,21357,COMPLETED,2026-08-12 00:00:00,5,"Sangat puas belanja di toko ini, seller ramah dan responsif."
ORD-20261205,Lazada,SKU-PRM-001,Wajan Anti Lengket Granite 24cm,Perlengkapan Rumah,399419,26988,5000,15976,COMPLETED,2026-06-15 00:00:00,5,"Kualitas ok sesuai harga, barang berfungsi dengan baik."
ORD-20261206,TikTok Shop,SKU-ELC-001,Headset Bluetooth Wireless TWS,Elektronik,39012,16802,5000,1560,RETURNED,2026-05-03 00:00:00,1,"Bahan tipis tidak sesuai deskripsi produk, ajukan retur."
ORD-20261207,Tokopedia,SKU-PRM-001,Wajan Anti Lengket Granite 24cm,Perlengkapan Rumah,212792,29696,10000,8511,COMPLETED,2026-08-14 00:00:00,3,"Biasa saja, pengiriman agak lama."
ORD-20261208,Lazada,SKU-ELC-001,Headset Bluetooth Wireless TWS,Elektronik,432682,25045,15000,17307,COMPLETED,2026-08-30 00:00:00,5,"Barang original 100%, mantap recommended seller!"
ORD-20261209,Tokopedia,SKU-KCT-001,Serum Wajah Brightening Vitamin C,Kecantikan,509302,16572,15000,20372,COMPLETED,2026-04-19 00:00:00,3,"Biasa saja, pengiriman agak lama."
ORD-20261210,Lazada,SKU-ELC-001,Headset Bluetooth Wireless TWS,Elektronik,72803,34566,0,2912,COMPLETED,2026-03-03 00:00:00,3,"Biasa saja, pengiriman agak lama."
ORD-20261211,Lazada,SKU-KCT-001,Serum Wajah Brightening Vitamin C,Kecantikan,312696,26149,25000,12507,COMPLETED,2026-04-21 00:00:00,5,"Kualitas ok sesuai harga, barang berfungsi dengan baik."
ORD-20261212,Tokopedia,SKU-PRM-001,Wajan Anti Lengket Granite 24cm,Perlengkapan Rumah,643917,11565,10000,25756,RETURNED,2026-01-26 00:00:00,1,"Pengiriman lama sekali, kemasan penyok dan barang agak lecet."
ORD-20261213,Tokopedia,SKU-PRM-001,Wajan Anti Lengket Granite 24cm,Perlengkapan Rumah,548999,22712,10000,21959,CANCELLED,2026-02-26 00:00:00,,
ORD-20261214,Lazada,SKU-PRM-001,Wajan Anti Lengket Granite 24cm,Perlengkapan Rumah,67308,20741,5000,2692,CANCELLED,2026-07-14 00:00:00,,
ORD-20261215,Shopee,SKU-PRM-001,Wajan Anti Lengket Granite 24cm,Perlengkapan Rumah,351568,20033,25000,14062,COMPLETED,2026-07-25 00:00:00,3,"Biasa saja, pengiriman agak lama."
ORD-20261216,Tokopedia,SKU-ELC-001,Headset Bluetooth Wireless TWS,Elektronik,335392,27181,10000,13415,COMPLETED,2026-02-11 00:00:00,3,"Biasa saja, pengiriman agak lama."
ORD-20261217,Lazada,SKU-FSH-002,Kemeja Flanel Kotak Lengan Panjang,Fashion,151992,27567,15000,6079,CANCELLED,2026-08-28 00:00:00,,
ORD-20261218,Lazada,SKU-FSH-001,Kaos Polos Cotton Combed 30s,Fashion,441920,12745,25000,17676,COMPLETED,2026-03-27 00:00:00,5,"Kualitas ok sesuai harga, barang berfungsi dengan baik."
ORD-20261219,Shopee,SKU-FSH-001,Kaos Polos Cotton Combed 30s,Fashion,141774,30496,25000,5670,COMPLETED,2026-01-01 00:00:00,4,"Sangat puas belanja di toko ini, seller ramah dan responsif."
ORD-20261220,Shopee,SKU-KSH-001,Minyak Angin Aromatheraphy 10ml,Kesehatan,59487,17869,5000,2379,COMPLETED,2026-07-06 00:00:00,5,"Sangat puas belanja di toko ini, seller ramah dan responsif."
ORD-20261221,Tokopedia,SKU-ELC-001,Headset Bluetooth Wireless TWS,Elektronik,94407,22301,0,3776,COMPLETED,2026-07-24 00:00:00,5,"Kualitas ok sesuai harga, barang berfungsi dengan baik."
ORD-20261222,TikTok Shop,SKU-PRM-001,Wajan Anti Lengket Granite 24cm,Perlengkapan Rumah,169338,26493,25000,6773,CANCELLED,2026-05-24 00:00:00,,
ORD-20261223,Tokopedia,SKU-FSH-002,Kemeja Flanel Kotak Lengan Panjang,Fashion,434001,26957,5000,17360,CANCELLED,2026-06-13 00:00:00,,
ORD-20261224,Tokopedia,SKU-ELC-001,Headset Bluetooth Wireless TWS,Elektronik,296067,34442,15000,11842,COMPLETED,2026-04-06 00:00:00,5,"Kualitas ok sesuai harga, barang berfungsi dengan baik."
ORD-20261225,Shopee,SKU-KCT-001,Serum Wajah Brightening Vitamin C,Kecantikan,212833,10337,25000,8513,CANCELLED,2026-09-03 00:00:00,,
ORD-20261226,Shopee,SKU-KCT-001,Serum Wajah Brightening Vitamin C,Kecantikan,523118,19667,5000,20924,COMPLETED,2026-09-06 00:00:00,4,"Barang original 100%, mantap recommended seller!"
ORD-20261227,Lazada,SKU-FSH-002,Kemeja Flanel Kotak Lengan Panjang,Fashion,521657,25293,0,20866,RETURNED,2026-03-05 00:00:00,2,"Bahan tipis tidak sesuai deskripsi produk, ajukan retur."
ORD-20261228,Shopee,SKU-KCT-001,Serum Wajah Brightening Vitamin C,Kecantikan,488195,34663,5000,19527,COMPLETED,2026-01-04 00:00:00,5,"Kualitas ok sesuai harga, barang berfungsi dengan baik."
ORD-20261229,Lazada,SKU-KCT-002,Sunscreen Gel SPF 50 PA++++,Kecantikan,278596,29607,5000,11143,CANCELLED,2026-02-15 00:00:00,,
ORD-20261230,TikTok Shop,SKU-FSH-002,Kemeja Flanel Kotak Lengan Panjang,Fashion,159825,30845,15000,6393,COMPLETED,2026-07-12 00:00:00,5,"Sangat puas belanja di toko ini, seller ramah dan responsif."
ORD-20261231,Shopee,SKU-FSH-001,Kaos Polos Cotton Combed 30s,Fashion,532310,14392,0,21292,COMPLETED,2026-05-18 00:00:00,5,"Kualitas ok sesuai harga, barang berfungsi dengan baik."
ORD-20261232,Shopee,SKU-KCT-001,Serum Wajah Brightening Vitamin C,Kecantikan,444289,32001,15000,17771,RETURNED,2026-08-25 00:00:00,1,"Bahan tipis tidak sesuai deskripsi produk, ajukan retur."
ORD-20261233,TikTok Shop,SKU-ELC-002,Powerbank Fast Charging 10000mAh,Elektronik,348001,23620,0,13920,COMPLETED,2026-09-07 00:00:00,5,"Kualitas ok sesuai harga, barang berfungsi dengan baik."
ORD-20261234,Tokopedia,SKU-KCT-002,Sunscreen Gel SPF 50 PA++++,Kecantikan,624436,14681,15000,24977,COMPLETED,2026-04-04 00:00:00,3,"Biasa saja, pengiriman agak lama."
ORD-20261235,Tokopedia,SKU-KSH-001,Minyak Angin Aromatheraphy 10ml,Kesehatan,57030,19755,0,2281,COMPLETED,2026-02-21 00:00:00,3,"Biasa saja, pengiriman agak lama."
ORD-20261236,Shopee,SKU-FSH-002,Kemeja Flanel Kotak Lengan Panjang,Fashion,725473,18421,15000,29018,CANCELLED,2026-04-07 00:00:00,,
ORD-20261237,Tokopedia,SKU-KCT-002,Sunscreen Gel SPF 50 PA++++,Kecantikan,644942,19784,5000,25797,COMPLETED,2026-02-27 00:00:00,5,"Sangat puas belanja di toko ini, seller ramah dan responsif."
ORD-20261238,TikTok Shop,SKU-PRM-001,Wajan Anti Lengket Granite 24cm,Perlengkapan Rumah,352234,28951,0,14089,COMPLETED,2026-06-14 00:00:00,3,"Biasa saja, pengiriman agak lama."
ORD-20261239,Lazada,SKU-FSH-001,Kaos Polos Cotton Combed 30s,Fashion,539166,28259,5000,21566,COMPLETED,2026-04-08 00:00:00,4,"Produk bagus banget, pengiriman cepat dan packing rapi!"
ORD-20261240,Lazada,SKU-FSH-002,Kemeja Flanel Kotak Lengan Panjang,Fashion,39615,14052,15000,1584,RETURNED,2026-01-15 00:00:00,2,"Pengiriman lama sekali, kemasan penyok dan barang agak lecet."
ORD-20261241,Lazada,SKU-KSH-001,Minyak Angin Aromatheraphy 10ml,Kesehatan,145367,32272,15000,5814,COMPLETED,2026-02-14 00:00:00,3,"Biasa saja, pengiriman agak lama."
ORD-20261242,TikTok Shop,SKU-FSH-001,Kaos Polos Cotton Combed 30s,Fashion,504497,30497,15000,20179,RETURNED,2026-09-02 00:00:00,1,"Ukuran baju terlalu kecil dan jahitan tidak rapi, kecewa."
ORD-20261243,Tokopedia,SKU-KSH-001,Minyak Angin Aromatheraphy 10ml,Kesehatan,624114,34029,0,24964,COMPLETED,2026-05-30 00:00:00,5,"Produk bagus banget, pengiriman cepat dan packing rapi!"
ORD-20261244,Shopee,SKU-KCT-001,Serum Wajah Brightening Vitamin C,Kecantikan,160416,16206,5000,6416,COMPLETED,2026-04-04 00:00:00,5,"Barang original 100%, mantap recommended seller!"
ORD-20261245,TikTok Shop,SKU-FSH-001,Kaos Polos Cotton Combed 30s,Fashion,306944,21603,5000,12277,COMPLETED,2026-08-01 00:00:00,5,"Barang original 100%, mantap recommended seller!"
ORD-20261246,TikTok Shop,SKU-ELC-002,Powerbank Fast Charging 10000mAh,Elektronik,719737,26389,10000,28789,COMPLETED,2026-02-21 00:00:00,5,"Sangat puas belanja di toko ini, seller ramah dan responsif."
ORD-20261247,Lazada,SKU-FSH-001,Kaos Polos Cotton Combed 30s,Fashion,444584,33320,15000,17783,COMPLETED,2026-01-27 00:00:00,3,"Biasa saja, pengiriman agak lama."
ORD-20261248,Tokopedia,SKU-FSH-002,Kemeja Flanel Kotak Lengan Panjang,Fashion,92295,34418,15000,3691,COMPLETED,2026-03-27 00:00:00,5,"Barang original 100%, mantap recommended seller!"
ORD-20261249,Lazada,SKU-KSH-001,Minyak Angin Aromatheraphy 10ml,Kesehatan,190215,26088,25000,7608,COMPLETED,2026-07-31 00:00:00,5,"Produk bagus banget, pengiriman cepat dan packing rapi!"
ORD-20261250,TikTok Shop,SKU-ELC-001,Headset Bluetooth Wireless TWS,Elektronik,277409,16606,10000,11096,COMPLETED,2026-08-02 00:00:00,4,"Kualitas ok sesuai harga, barang berfungsi dengan baik."
ORD-20261251,TikTok Shop,SKU-FSH-002,Kemeja Flanel Kotak Lengan Panjang,Fashion,360322,28777,10000,14412,COMPLETED,2026-06-09 00:00:00,5,"Kualitas ok sesuai harga, barang berfungsi dengan baik."
ORD-20261252,Shopee,SKU-ELC-001,Headset Bluetooth Wireless TWS,Elektronik,450625,11851,0,18025,COMPLETED,2026-03-29 00:00:00,4,"Barang original 100%, mantap recommended seller!"
ORD-20261253,Tokopedia,SKU-FSH-002,Kemeja Flanel Kotak Lengan Panjang,Fashion,665463,21034,5000,26618,RETURNED,2026-04-13 00:00:00,1,"Ukuran baju terlalu kecil dan jahitan tidak rapi, kecewa."
ORD-20261254,Shopee,SKU-ELC-002,Powerbank Fast Charging 10000mAh,Elektronik,66010,16945,15000,2640,CANCELLED,2026-04-10 00:00:00,,
ORD-20261255,Lazada,SKU-ELC-001,Headset Bluetooth Wireless TWS,Elektronik,40957,17014,10000,1638,COMPLETED,2026-06-02 00:00:00,3,"Biasa saja, pengiriman agak lama."
ORD-20261256,Shopee,SKU-FSH-001,Kaos Polos Cotton Combed 30s,Fashion,470367,25955,10000,18814,COMPLETED,2026-08-20 00:00:00,5,"Kualitas ok sesuai harga, barang berfungsi dengan baik."
ORD-20261257,Shopee,SKU-PRM-001,Wajan Anti Lengket Granite 24cm,Perlengkapan Rumah,249862,34950,25000,9994,RETURNED,2026-06-15 00:00:00,2,"Bahan tipis tidak sesuai deskripsi produk, ajukan retur."
ORD-20261258,Shopee,SKU-FSH-001,Kaos Polos Cotton Combed 30s,Fashion,207774,19618,5000,8310,COMPLETED,2026-02-10 00:00:00,5,"Kualitas ok sesuai harga, barang berfungsi dengan baik."
ORD-20261259,TikTok Shop,SKU-KCT-002,Sunscreen Gel SPF 50 PA++++,Kecantikan,413369,20118,10000,16534,COMPLETED,2026-03-09 00:00:00,5,"Kualitas ok sesuai harga, barang berfungsi dengan baik."
ORD-20261260,Lazada,SKU-FSH-001,Kaos Polos Cotton Combed 30s,Fashion,46610,22283,0,1864,COMPLETED,2026-03-26 00:00:00,5,"Sangat puas belanja di toko ini, seller ramah dan responsif."
ORD-20261261,Shopee,SKU-KCT-002,Sunscreen Gel SPF 50 PA++++,Kecantikan,124673,26748,15000,4986,COMPLETED,2026-01-15 00:00:00,4,"Barang original 100%, mantap recommended seller!"
ORD-20261262,Shopee,SKU-FSH-001,Kaos Polos Cotton Combed 30s,Fashion,319707,23822,0,12788,COMPLETED,2026-05-05 00:00:00,3,"Biasa saja, pengiriman agak lama."
ORD-20261263,TikTok Shop,SKU-KCT-001,Serum Wajah Brightening Vitamin C,Kecantikan,246110,19932,15000,9844,COMPLETED,2026-04-23 00:00:00,4,"Produk bagus banget, pengiriman cepat dan packing rapi!"
ORD-20261264,Tokopedia,SKU-ELC-001,Headset Bluetooth Wireless TWS,Elektronik,380480,15560,5000,15219,RETURNED,2026-07-22 00:00:00,2,"Ukuran baju terlalu kecil dan jahitan tidak rapi, kecewa."
ORD-20261265,Tokopedia,SKU-KSH-001,Minyak Angin Aromatheraphy 10ml,Kesehatan,506899,19229,10000,20275,COMPLETED,2026-07-09 00:00:00,5,"Barang original 100%, mantap recommended seller!"
ORD-20261266,TikTok Shop,SKU-ELC-001,Headset Bluetooth Wireless TWS,Elektronik,386000,34394,0,15440,RETURNED,2026-05-29 00:00:00,2,"Bahan tipis tidak sesuai deskripsi produk, ajukan retur."
ORD-20261267,Tokopedia,SKU-KCT-002,Sunscreen Gel SPF 50 PA++++,Kecantikan,648172,15977,5000,25926,CANCELLED,2026-05-30 00:00:00,,
ORD-20261268,Lazada,SKU-ELC-001,Headset Bluetooth Wireless TWS,Elektronik,165497,32652,15000,6619,CANCELLED,2026-02-04 00:00:00,,
ORD-20261269,Lazada,SKU-ELC-001,Headset Bluetooth Wireless TWS,Elektronik,285507,27462,0,11420,COMPLETED,2026-03-06 00:00:00,4,"Kualitas ok sesuai harga, barang berfungsi dengan baik."
ORD-20261270,Tokopedia,SKU-KSH-001,Minyak Angin Aromatheraphy 10ml,Kesehatan,592033,34453,15000,23681,COMPLETED,2026-03-10 00:00:00,5,"Produk bagus banget, pengiriman cepat dan packing rapi!"
ORD-20261271,Shopee,SKU-PRM-001,Wajan Anti Lengket Granite 24cm,Perlengkapan Rumah,603376,22258,15000,24135,COMPLETED,2026-04-29 00:00:00,4,"Sangat puas belanja di toko ini, seller ramah dan responsif."
ORD-20261272,Tokopedia,SKU-FSH-001,Kaos Polos Cotton Combed 30s,Fashion,115232,21879,25000,4609,CANCELLED,2026-07-31 00:00:00,,
ORD-20261273,Lazada,SKU-FSH-001,Kaos Polos Cotton Combed 30s,Fashion,255488,22143,15000,10219,CANCELLED,2026-05-03 00:00:00,,
ORD-20261274,TikTok Shop,SKU-KCT-002,Sunscreen Gel SPF 50 PA++++,Kecantikan,405853,19038,25000,16234,COMPLETED,2026-02-16 00:00:00,5,"Barang original 100%, mantap recommended seller!"
ORD-20261275,Tokopedia,SKU-KCT-002,Sunscreen Gel SPF 50 PA++++,Kecantikan,269816,31725,10000,10792,COMPLETED,2026-05-15 00:00:00,5,"Kualitas ok sesuai harga, barang berfungsi dengan baik."
ORD-20261276,Shopee,SKU-ELC-001,Headset Bluetooth Wireless TWS,Elektronik,635016,27577,0,25400,COMPLETED,2026-07-23 00:00:00,5,"Produk bagus banget, pengiriman cepat dan packing rapi!"
ORD-20261277,Tokopedia,SKU-ELC-001,Headset Bluetooth Wireless TWS,Elektronik,157647,19526,5000,6305,COMPLETED,2026-09-01 00:00:00,4,"Sangat puas belanja di toko ini, seller ramah dan responsif."
ORD-20261278,Lazada,SKU-FSH-001,Kaos Polos Cotton Combed 30s,Fashion,101005,14777,0,4040,COMPLETED,2026-07-12 00:00:00,5,"Kualitas ok sesuai harga, barang berfungsi dengan baik."
ORD-20261279,Lazada,SKU-KCT-001,Serum Wajah Brightening Vitamin C,Kecantikan,109734,11206,0,4389,CANCELLED,2026-02-10 00:00:00,,
ORD-20261280,Lazada,SKU-ELC-002,Powerbank Fast Charging 10000mAh,Elektronik,109600,31545,10000,4384,RETURNED,2026-04-05 00:00:00,2,"Ukuran baju terlalu kecil dan jahitan tidak rapi, kecewa."
ORD-20261281,Shopee,SKU-ELC-002,Powerbank Fast Charging 10000mAh,Elektronik,90680,31573,5000,3627,COMPLETED,2026-06-19 00:00:00,5,"Kualitas ok sesuai harga, barang berfungsi dengan baik."
ORD-20261282,TikTok Shop,SKU-FSH-002,Kemeja Flanel Kotak Lengan Panjang,Fashion,359036,19294,15000,14361,CANCELLED,2026-04-13 00:00:00,,
ORD-20261283,TikTok Shop,SKU-FSH-002,Kemeja Flanel Kotak Lengan Panjang,Fashion,196013,20490,10000,7840,COMPLETED,2026-01-26 00:00:00,3,"Biasa saja, pengiriman agak lama."
ORD-20261284,Shopee,SKU-FSH-002,Kemeja Flanel Kotak Lengan Panjang,Fashion,312823,16908,15000,12512,COMPLETED,2026-04-11 00:00:00,3,"Biasa saja, pengiriman agak lama."
ORD-20261285,TikTok Shop,SKU-KCT-002,Sunscreen Gel SPF 50 PA++++,Kecantikan,463751,22579,25000,18550,COMPLETED,2026-05-13 00:00:00,5,"Sangat puas belanja di toko ini, seller ramah dan responsif."
ORD-20261286,Tokopedia,SKU-KSH-001,Minyak Angin Aromatheraphy 10ml,Kesehatan,525553,18833,0,21022,COMPLETED,2026-01-31 00:00:00,5,"Barang original 100%, mantap recommended seller!"
ORD-20261287,Lazada,SKU-ELC-002,Powerbank Fast Charging 10000mAh,Elektronik,641692,29356,25000,25667,RETURNED,2026-06-04 00:00:00,1,"Ukuran baju terlalu kecil dan jahitan tidak rapi, kecewa."
ORD-20261288,Lazada,SKU-FSH-002,Kemeja Flanel Kotak Lengan Panjang,Fashion,691350,34830,5000,27654,COMPLETED,2026-07-14 00:00:00,5,"Sangat puas belanja di toko ini, seller ramah dan responsif."
ORD-20261289,Lazada,SKU-ELC-002,Powerbank Fast Charging 10000mAh,Elektronik,118947,11345,15000,4757,RETURNED,2026-02-06 00:00:00,1,"Barang mati total saat diterima, respon garansi lambat!"
ORD-20261290,Tokopedia,SKU-KCT-002,Sunscreen Gel SPF 50 PA++++,Kecantikan,729602,28551,5000,29184,COMPLETED,2026-06-29 00:00:00,3,"Biasa saja, pengiriman agak lama."
ORD-20261291,Tokopedia,SKU-KCT-002,Sunscreen Gel SPF 50 PA++++,Kecantikan,272732,32826,5000,10909,COMPLETED,2026-08-30 00:00:00,4,"Produk bagus banget, pengiriman cepat dan packing rapi!"
ORD-20261292,Tokopedia,SKU-FSH-001,Kaos Polos Cotton Combed 30s,Fashion,148804,24075,15000,5952,COMPLETED,2026-04-14 00:00:00,3,"Biasa saja, pengiriman agak lama."
ORD-20261293,Shopee,SKU-KSH-001,Minyak Angin Aromatheraphy 10ml,Kesehatan,635857,12156,25000,25434,COMPLETED,2026-04-04 00:00:00,3,"Biasa saja, pengiriman agak lama."
ORD-20261294,TikTok Shop,SKU-ELC-001,Headset Bluetooth Wireless TWS,Elektronik,228417,11505,15000,9136,CANCELLED,2026-08-02 00:00:00,,
ORD-20261295,Lazada,SKU-KSH-001,Minyak Angin Aromatheraphy 10ml,Kesehatan,499997,13542,5000,19999,COMPLETED,2026-03-16 00:00:00,5,"Produk bagus banget, pengiriman cepat dan packing rapi!"
ORD-20261296,Lazada,SKU-FSH-001,Kaos Polos Cotton Combed 30s,Fashion,385496,10256,5000,15419,COMPLETED,2026-01-11 00:00:00,4,"Barang original 100%, mantap recommended seller!"
ORD-20261297,Shopee,SKU-ELC-002,Powerbank Fast Charging 10000mAh,Elektronik,76267,13744,10000,3050,COMPLETED,2026-03-05 00:00:00,5,"Kualitas ok sesuai harga, barang berfungsi dengan baik."
ORD-20261298,Tokopedia,SKU-FSH-001,Kaos Polos Cotton Combed 30s,Fashion,388384,16434,5000,15535,COMPLETED,2026-06-17 00:00:00,5,"Sangat puas belanja di toko ini, seller ramah dan responsif."
ORD-20261299,Lazada,SKU-KCT-002,Sunscreen Gel SPF 50 PA++++,Kecantikan,556991,22197,0,22279,COMPLETED,2026-04-09 00:00:00,5,"Barang original 100%, mantap recommended seller!"
ORD-20261300,Lazada,SKU-ELC-002,Powerbank Fast Charging 10000mAh,Elektronik,543879,21275,0,21755,CANCELLED,2026-07-31 00:00:00,,
ORD-20261301,TikTok Shop,SKU-KCT-002,Sunscreen Gel SPF 50 PA++++,Kecantikan,340937,17860,0,13637,COMPLETED,2026-03-30 00:00:00,5,"Kualitas ok sesuai harga, barang berfungsi dengan baik."
ORD-20261302,Lazada,SKU-KSH-001,Minyak Angin Aromatheraphy 10ml,Kesehatan,676226,31328,25000,27049,COMPLETED,2026-08-27 00:00:00,4,"Barang original 100%, mantap recommended seller!"
ORD-20261303,TikTok Shop,SKU-FSH-002,Kemeja Flanel Kotak Lengan Panjang,Fashion,525893,18546,15000,21035,CANCELLED,2026-03-18 00:00:00,,
ORD-20261304,Tokopedia,SKU-KSH-001,Minyak Angin Aromatheraphy 10ml,Kesehatan,69410,15627,5000,2776,CANCELLED,2026-03-20 00:00:00,,
ORD-20261305,Tokopedia,SKU-KSH-001,Minyak Angin Aromatheraphy 10ml,Kesehatan,540390,31227,5000,21615,COMPLETED,2026-03-24 00:00:00,5,"Sangat puas belanja di toko ini, seller ramah dan responsif."
ORD-20261306,Lazada,SKU-FSH-001,Kaos Polos Cotton Combed 30s,Fashion,193927,26458,25000,7757,COMPLETED,2026-06-13 00:00:00,5,"Sangat puas belanja di toko ini, seller ramah dan responsif."
ORD-20261307,Shopee,SKU-KCT-002,Sunscreen Gel SPF 50 PA++++,Kecantikan,458097,22510,10000,18323,CANCELLED,2026-01-18 00:00:00,,
ORD-20261308,Tokopedia,SKU-ELC-001,Headset Bluetooth Wireless TWS,Elektronik,440237,24348,5000,17609,CANCELLED,2026-05-14 00:00:00,,
ORD-20261309,Lazada,SKU-KCT-002,Sunscreen Gel SPF 50 PA++++,Kecantikan,330068,19071,10000,13202,COMPLETED,2026-04-14 00:00:00,5,"Kualitas ok sesuai harga, barang berfungsi dengan baik."
ORD-20261310,Shopee,SKU-KSH-001,Minyak Angin Aromatheraphy 10ml,Kesehatan,624929,19322,25000,24997,COMPLETED,2026-01-22 00:00:00,5,"Kualitas ok sesuai harga, barang berfungsi dengan baik."
ORD-20261311,Lazada,SKU-ELC-001,Headset Bluetooth Wireless TWS,Elektronik,603902,20455,0,24156,COMPLETED,2026-01-09 00:00:00,3,"Biasa saja, pengiriman agak lama."
ORD-20261312,Shopee,SKU-ELC-002,Powerbank Fast Charging 10000mAh,Elektronik,467679,17789,5000,18707,COMPLETED,2026-06-07 00:00:00,4,"Sangat puas belanja di toko ini, seller ramah dan responsif."
ORD-20261313,Shopee,SKU-KCT-002,Sunscreen Gel SPF 50 PA++++,Kecantikan,282244,13686,0,11289,COMPLETED,2026-05-22 00:00:00,5,"Barang original 100%, mantap recommended seller!"
ORD-20261314,TikTok Shop,SKU-ELC-001,Headset Bluetooth Wireless TWS,Elektronik,134181,14144,5000,5367,COMPLETED,2026-03-31 00:00:00,4,"Barang original 100%, mantap recommended seller!"
ORD-20261315,Shopee,SKU-KCT-002,Sunscreen Gel SPF 50 PA++++,Kecantikan,641237,17252,5000,25649,RETURNED,2026-03-16 00:00:00,1,"Pengiriman lama sekali, kemasan penyok dan barang agak lecet."
ORD-20261316,Shopee,SKU-KCT-002,Sunscreen Gel SPF 50 PA++++,Kecantikan,727741,34856,10000,29109,CANCELLED,2026-02-08 00:00:00,,
ORD-20261317,Lazada,SKU-FSH-001,Kaos Polos Cotton Combed 30s,Fashion,211568,15093,0,8462,CANCELLED,2026-05-26 00:00:00,,
ORD-20261318,Lazada,SKU-ELC-001,Headset Bluetooth Wireless TWS,Elektronik,364478,13191,0,14579,COMPLETED,2026-06-02 00:00:00,5,"Barang original 100%, mantap recommended seller!"
ORD-20261319,Tokopedia,SKU-FSH-001,Kaos Polos Cotton Combed 30s,Fashion,330760,18964,5000,13230,COMPLETED,2026-05-01 00:00:00,5,"Kualitas ok sesuai harga, barang berfungsi dengan baik."
ORD-20261320,Shopee,SKU-ELC-001,Headset Bluetooth Wireless TWS,Elektronik,723057,13768,5000,28922,RETURNED,2026-09-08 00:00:00,2,"Ukuran baju terlalu kecil dan jahitan tidak rapi, kecewa."
ORD-20261321,TikTok Shop,SKU-PRM-001,Wajan Anti Lengket Granite 24cm,Perlengkapan Rumah,231625,26473,10000,9265,COMPLETED,2026-01-21 00:00:00,5,"Kualitas ok sesuai harga, barang berfungsi dengan baik."
ORD-20261322,TikTok Shop,SKU-KSH-001,Minyak Angin Aromatheraphy 10ml,Kesehatan,256529,11053,0,10261,COMPLETED,2026-05-01 00:00:00,5,"Kualitas ok sesuai harga, barang berfungsi dengan baik."
ORD-20261323,TikTok Shop,SKU-KCT-002,Sunscreen Gel SPF 50 PA++++,Kecantikan,75121,17952,10000,3004,COMPLETED,2026-08-26 00:00:00,5,"Produk bagus banget, pengiriman cepat dan packing rapi!"
ORD-20261324,Lazada,SKU-KCT-002,Sunscreen Gel SPF 50 PA++++,Kecantikan,244490,27353,0,9779,RETURNED,2026-04-24 00:00:00,1,"Bahan tipis tidak sesuai deskripsi produk, ajukan retur."
ORD-20261325,Tokopedia,SKU-PRM-001,Wajan Anti Lengket Granite 24cm,Perlengkapan Rumah,351817,14087,5000,14072,RETURNED,2026-04-11 00:00:00,1,"Barang mati total saat diterima, respon garansi lambat!"
ORD-20261326,Tokopedia,SKU-ELC-001,Headset Bluetooth Wireless TWS,Elektronik,440719,14180,0,17628,COMPLETED,2026-01-16 00:00:00,5,"Barang original 100%, mantap recommended seller!"
ORD-20261327,Tokopedia,SKU-FSH-001,Kaos Polos Cotton Combed 30s,Fashion,446897,26638,15000,17875,CANCELLED,2026-08-03 00:00:00,,
ORD-20261328,Tokopedia,SKU-KCT-001,Serum Wajah Brightening Vitamin C,Kecantikan,233002,22273,0,9320,COMPLETED,2026-01-13 00:00:00,4,"Kualitas ok sesuai harga, barang berfungsi dengan baik."
ORD-20261329,TikTok Shop,SKU-FSH-001,Kaos Polos Cotton Combed 30s,Fashion,44855,34512,0,1794,COMPLETED,2026-01-24 00:00:00,4,"Kualitas ok sesuai harga, barang berfungsi dengan baik."
ORD-20261330,Lazada,SKU-KCT-002,Sunscreen Gel SPF 50 PA++++,Kecantikan,216117,28462,15000,8644,COMPLETED,2026-02-03 00:00:00,3,"Biasa saja, pengiriman agak lama."
ORD-20261331,Shopee,SKU-ELC-002,Powerbank Fast Charging 10000mAh,Elektronik,46528,11771,5000,1861,CANCELLED,2026-01-31 00:00:00,,
ORD-20261332,Lazada,SKU-FSH-001,Kaos Polos Cotton Combed 30s,Fashion,82154,31796,0,3286,COMPLETED,2026-07-31 00:00:00,5,"Barang original 100%, mantap recommended seller!"
ORD-20261333,Tokopedia,SKU-KCT-002,Sunscreen Gel SPF 50 PA++++,Kecantikan,748297,12572,5000,29931,COMPLETED,2026-07-28 00:00:00,5,"Kualitas ok sesuai harga, barang berfungsi dengan baik."
ORD-20261334,TikTok Shop,SKU-KCT-001,Serum Wajah Brightening Vitamin C,Kecantikan,732260,12278,0,29290,COMPLETED,2026-08-18 00:00:00,3,"Biasa saja, pengiriman agak lama."
ORD-20261335,Shopee,SKU-ELC-001,Headset Bluetooth Wireless TWS,Elektronik,716409,23463,5000,28656,COMPLETED,2026-07-23 00:00:00,3,"Biasa saja, pengiriman agak lama."
ORD-20261336,Shopee,SKU-PRM-001,Wajan Anti Lengket Granite 24cm,Perlengkapan Rumah,685145,26876,5000,27405,RETURNED,2026-06-01 00:00:00,2,"Bahan tipis tidak sesuai deskripsi produk, ajukan retur."
ORD-20261337,Lazada,SKU-KCT-002,Sunscreen Gel SPF 50 PA++++,Kecantikan,73901,23262,5000,2956,COMPLETED,2026-04-14 00:00:00,4,"Sangat puas belanja di toko ini, seller ramah dan responsif."
ORD-20261338,TikTok Shop,SKU-FSH-001,Kaos Polos Cotton Combed 30s,Fashion,241505,29464,0,9660,RETURNED,2026-01-20 00:00:00,2,"Ukuran baju terlalu kecil dan jahitan tidak rapi, kecewa."
ORD-20261339,Lazada,SKU-FSH-002,Kemeja Flanel Kotak Lengan Panjang,Fashion,576720,14971,0,23068,CANCELLED,2026-03-21 00:00:00,,
ORD-20261340,TikTok Shop,SKU-KCT-001,Serum Wajah Brightening Vitamin C,Kecantikan,295955,23964,25000,11838,COMPLETED,2026-07-14 00:00:00,5,"Kualitas ok sesuai harga, barang berfungsi dengan baik."
ORD-20261341,TikTok Shop,SKU-FSH-002,Kemeja Flanel Kotak Lengan Panjang,Fashion,349475,24722,15000,13979,COMPLETED,2026-01-08 00:00:00,5,"Sangat puas belanja di toko ini, seller ramah dan responsif."
ORD-20261342,Lazada,SKU-FSH-001,Kaos Polos Cotton Combed 30s,Fashion,323866,30950,5000,12954,COMPLETED,2026-03-14 00:00:00,5,"Produk bagus banget, pengiriman cepat dan packing rapi!"
ORD-20261343,TikTok Shop,SKU-PRM-001,Wajan Anti Lengket Granite 24cm,Perlengkapan Rumah,394442,21919,5000,15777,COMPLETED,2026-07-08 00:00:00,5,"Kualitas ok sesuai harga, barang berfungsi dengan baik."
ORD-20261344,Tokopedia,SKU-ELC-002,Powerbank Fast Charging 10000mAh,Elektronik,287347,32415,10000,11493,COMPLETED,2026-03-29 00:00:00,5,"Kualitas ok sesuai harga, barang berfungsi dengan baik."
ORD-20261345,Tokopedia,SKU-KSH-001,Minyak Angin Aromatheraphy 10ml,Kesehatan,156751,14426,10000,6270,COMPLETED,2026-02-02 00:00:00,3,"Biasa saja, pengiriman agak lama."
ORD-20261346,Lazada,SKU-ELC-001,Headset Bluetooth Wireless TWS,Elektronik,52291,26266,10000,2091,RETURNED,2026-06-18 00:00:00,2,"Bahan tipis tidak sesuai deskripsi produk, ajukan retur."
ORD-20261347,Tokopedia,SKU-ELC-001,Headset Bluetooth Wireless TWS,Elektronik,120139,27630,15000,4805,CANCELLED,2026-05-16 00:00:00,,
ORD-20261348,TikTok Shop,SKU-FSH-001,Kaos Polos Cotton Combed 30s,Fashion,299590,31760,10000,11983,COMPLETED,2026-08-05 00:00:00,5,"Barang original 100%, mantap recommended seller!"
ORD-20261349,Shopee,SKU-FSH-001,Kaos Polos Cotton Combed 30s,Fashion,59734,21168,25000,2389,RETURNED,2026-04-25 00:00:00,2,"Barang mati total saat diterima, respon garansi lambat!"
ORD-20261350,Shopee,SKU-ELC-001,Headset Bluetooth Wireless TWS,Elektronik,732095,20129,5000,29283,CANCELLED,2026-04-26 00:00:00,,
ORD-20261351,Tokopedia,SKU-KSH-001,Minyak Angin Aromatheraphy 10ml,Kesehatan,545642,16229,10000,21825,COMPLETED,2026-03-06 00:00:00,5,"Barang original 100%, mantap recommended seller!"
ORD-20261352,Lazada,SKU-ELC-002,Powerbank Fast Charging 10000mAh,Elektronik,684100,20518,15000,27364,COMPLETED,2026-02-10 00:00:00,4,"Sangat puas belanja di toko ini, seller ramah dan responsif."
ORD-20261353,TikTok Shop,SKU-FSH-001,Kaos Polos Cotton Combed 30s,Fashion,577202,31693,15000,23088,COMPLETED,2026-01-24 00:00:00,5,"Barang original 100%, mantap recommended seller!"
ORD-20261354,TikTok Shop,SKU-FSH-001,Kaos Polos Cotton Combed 30s,Fashion,303787,25570,15000,12151,CANCELLED,2026-07-14 00:00:00,,
ORD-20261355,Shopee,SKU-FSH-001,Kaos Polos Cotton Combed 30s,Fashion,320155,20020,15000,12806,RETURNED,2026-08-07 00:00:00,1,"Ukuran baju terlalu kecil dan jahitan tidak rapi, kecewa."
ORD-20261356,Tokopedia,SKU-FSH-001,Kaos Polos Cotton Combed 30s,Fashion,293840,27091,5000,11753,COMPLETED,2026-09-06 00:00:00,4,"Produk bagus banget, pengiriman cepat dan packing rapi!"
ORD-20261357,TikTok Shop,SKU-KCT-001,Serum Wajah Brightening Vitamin C,Kecantikan,77028,25778,10000,3081,CANCELLED,2026-07-30 00:00:00,,
ORD-20261358,Tokopedia,SKU-ELC-001,Headset Bluetooth Wireless TWS,Elektronik,396845,21983,10000,15873,COMPLETED,2026-05-06 00:00:00,5,"Produk bagus banget, pengiriman cepat dan packing rapi!"
ORD-20261359,Lazada,SKU-ELC-001,Headset Bluetooth Wireless TWS,Elektronik,606915,27900,0,24276,CANCELLED,2026-06-05 00:00:00,,
ORD-20261360,Shopee,SKU-FSH-001,Kaos Polos Cotton Combed 30s,Fashion,96461,25504,25000,3858,COMPLETED,2026-04-09 00:00:00,5,"Sangat puas belanja di toko ini, seller ramah dan responsif."
ORD-20261361,Lazada,SKU-KCT-002,Sunscreen Gel SPF 50 PA++++,Kecantikan,147623,21567,25000,5904,CANCELLED,2026-05-08 00:00:00,,
ORD-20261362,Tokopedia,SKU-PRM-001,Wajan Anti Lengket Granite 24cm,Perlengkapan Rumah,270156,12783,25000,10806,RETURNED,2026-07-29 00:00:00,2,"Barang mati total saat diterima, respon garansi lambat!"
ORD-20261363,TikTok Shop,SKU-FSH-002,Kemeja Flanel Kotak Lengan Panjang,Fashion,303043,27185,0,12121,COMPLETED,2026-04-04 00:00:00,5,"Barang original 100%, mantap recommended seller!"
ORD-20261364,Lazada,SKU-KCT-002,Sunscreen Gel SPF 50 PA++++,Kecantikan,175783,28975,0,7031,COMPLETED,2026-07-24 00:00:00,3,"Biasa saja, pengiriman agak lama."
ORD-20261365,Tokopedia,SKU-FSH-002,Kemeja Flanel Kotak Lengan Panjang,Fashion,288817,33546,15000,11552,COMPLETED,2026-06-10 00:00:00,5,"Barang original 100%, mantap recommended seller!"
ORD-20261366,Shopee,SKU-FSH-001,Kaos Polos Cotton Combed 30s,Fashion,450889,14317,25000,18035,COMPLETED,2026-05-18 00:00:00,5,"Produk bagus banget, pengiriman cepat dan packing rapi!"
ORD-20261367,Shopee,SKU-PRM-001,Wajan Anti Lengket Granite 24cm,Perlengkapan Rumah,136974,24281,5000,5478,COMPLETED,2026-03-30 00:00:00,4,"Kualitas ok sesuai harga, barang berfungsi dengan baik."
ORD-20261368,TikTok Shop,SKU-ELC-001,Headset Bluetooth Wireless TWS,Elektronik,471007,18177,10000,18840,COMPLETED,2026-06-21 00:00:00,5,"Produk bagus banget, pengiriman cepat dan packing rapi!"
ORD-20261369,Tokopedia,SKU-KCT-002,Sunscreen Gel SPF 50 PA++++,Kecantikan,405206,30958,10000,16208,COMPLETED,2026-07-30 00:00:00,5,"Produk bagus banget, pengiriman cepat dan packing rapi!"
ORD-20261370,Shopee,SKU-ELC-001,Headset Bluetooth Wireless TWS,Elektronik,664432,16274,25000,26577,COMPLETED,2026-04-04 00:00:00,5,"Sangat puas belanja di toko ini, seller ramah dan responsif."
ORD-20261371,TikTok Shop,SKU-KCT-002,Sunscreen Gel SPF 50 PA++++,Kecantikan,686516,27345,10000,27460,COMPLETED,2026-06-09 00:00:00,3,"Biasa saja, pengiriman agak lama."
ORD-20261372,Lazada,SKU-KCT-001,Serum Wajah Brightening Vitamin C,Kecantikan,38140,23055,25000,1525,COMPLETED,2026-09-08 00:00:00,5,"Kualitas ok sesuai harga, barang berfungsi dengan baik."
ORD-20261373,Tokopedia,SKU-FSH-002,Kemeja Flanel Kotak Lengan Panjang,Fashion,356694,31147,15000,14267,COMPLETED,2026-04-16 00:00:00,5,"Sangat puas belanja di toko ini, seller ramah dan responsif."
ORD-20261374,Lazada,SKU-FSH-002,Kemeja Flanel Kotak Lengan Panjang,Fashion,644843,33331,25000,25793,CANCELLED,2026-03-26 00:00:00,,
ORD-20261375,Lazada,SKU-FSH-002,Kemeja Flanel Kotak Lengan Panjang,Fashion,339468,34612,25000,13578,COMPLETED,2026-06-18 00:00:00,3,"Biasa saja, pengiriman agak lama."
ORD-20261376,Tokopedia,SKU-KSH-001,Minyak Angin Aromatheraphy 10ml,Kesehatan,683844,22186,10000,27353,COMPLETED,2026-04-23 00:00:00,5,"Barang original 100%, mantap recommended seller!"
ORD-20261377,Tokopedia,SKU-KSH-001,Minyak Angin Aromatheraphy 10ml,Kesehatan,68325,29831,0,2733,COMPLETED,2026-05-10 00:00:00,3,"Biasa saja, pengiriman agak lama."
ORD-20261378,Shopee,SKU-PRM-001,Wajan Anti Lengket Granite 24cm,Perlengkapan Rumah,535883,12615,0,21435,COMPLETED,2026-08-04 00:00:00,5,"Barang original 100%, mantap recommended seller!"
ORD-20261379,Tokopedia,SKU-KCT-001,Serum Wajah Brightening Vitamin C,Kecantikan,425822,20974,0,17032,COMPLETED,2026-09-06 00:00:00,5,"Sangat puas belanja di toko ini, seller ramah dan responsif."
ORD-20261380,Shopee,SKU-PRM-001,Wajan Anti Lengket Granite 24cm,Perlengkapan Rumah,691313,17948,0,27652,CANCELLED,2026-04-11 00:00:00,,
ORD-20261381,Shopee,SKU-ELC-002,Powerbank Fast Charging 10000mAh,Elektronik,286384,18145,5000,11455,RETURNED,2026-08-10 00:00:00,2,"Barang mati total saat diterima, respon garansi lambat!"
ORD-20261382,TikTok Shop,SKU-FSH-002,Kemeja Flanel Kotak Lengan Panjang,Fashion,291581,26298,25000,11663,COMPLETED,2026-05-07 00:00:00,5,"Sangat puas belanja di toko ini, seller ramah dan responsif."
ORD-20261383,Tokopedia,SKU-KSH-001,Minyak Angin Aromatheraphy 10ml,Kesehatan,605674,12354,5000,24226,COMPLETED,2026-01-15 00:00:00,5,"Kualitas ok sesuai harga, barang berfungsi dengan baik."
ORD-20261384,Lazada,SKU-ELC-001,Headset Bluetooth Wireless TWS,Elektronik,193779,18191,5000,7751,RETURNED,2026-08-14 00:00:00,2,"Ukuran baju terlalu kecil dan jahitan tidak rapi, kecewa."
ORD-20261385,Lazada,SKU-KCT-002,Sunscreen Gel SPF 50 PA++++,Kecantikan,728211,11290,5000,29128,COMPLETED,2026-05-21 00:00:00,4,"Kualitas ok sesuai harga, barang berfungsi dengan baik."
ORD-20261386,TikTok Shop,SKU-FSH-001,Kaos Polos Cotton Combed 30s,Fashion,369983,10056,10000,14799,RETURNED,2026-06-23 00:00:00,1,"Ukuran baju terlalu kecil dan jahitan tidak rapi, kecewa."
ORD-20261387,TikTok Shop,SKU-FSH-002,Kemeja Flanel Kotak Lengan Panjang,Fashion,277813,25372,0,11112,COMPLETED,2026-02-27 00:00:00,3,"Biasa saja, pengiriman agak lama."
ORD-20261388,Tokopedia,SKU-ELC-002,Powerbank Fast Charging 10000mAh,Elektronik,221378,25053,15000,8855,COMPLETED,2026-02-21 00:00:00,5,"Produk bagus banget, pengiriman cepat dan packing rapi!"
ORD-20261389,TikTok Shop,SKU-KSH-001,Minyak Angin Aromatheraphy 10ml,Kesehatan,128819,21229,0,5152,COMPLETED,2026-05-09 00:00:00,5,"Sangat puas belanja di toko ini, seller ramah dan responsif."
ORD-20261390,TikTok Shop,SKU-ELC-002,Powerbank Fast Charging 10000mAh,Elektronik,557406,18568,10000,22296,CANCELLED,2026-02-17 00:00:00,,
ORD-20261391,Tokopedia,SKU-KSH-001,Minyak Angin Aromatheraphy 10ml,Kesehatan,506145,26064,10000,20245,COMPLETED,2026-05-03 00:00:00,5,"Kualitas ok sesuai harga, barang berfungsi dengan baik."
ORD-20261392,TikTok Shop,SKU-ELC-002,Powerbank Fast Charging 10000mAh,Elektronik,397162,26658,25000,15886,COMPLETED,2026-04-23 00:00:00,5,"Barang original 100%, mantap recommended seller!"
ORD-20261393,Lazada,SKU-ELC-002,Powerbank Fast Charging 10000mAh,Elektronik,646903,33607,25000,25876,COMPLETED,2026-06-16 00:00:00,3,"Biasa saja, pengiriman agak lama."
ORD-20261394,Shopee,SKU-ELC-001,Headset Bluetooth Wireless TWS,Elektronik,305561,25560,25000,12222,RETURNED,2026-06-06 00:00:00,1,"Barang mati total saat diterima, respon garansi lambat!"
ORD-20261395,Lazada,SKU-FSH-001,Kaos Polos Cotton Combed 30s,Fashion,242441,31367,0,9697,COMPLETED,2026-06-28 00:00:00,5,"Produk bagus banget, pengiriman cepat dan packing rapi!"
ORD-20261396,TikTok Shop,SKU-FSH-002,Kemeja Flanel Kotak Lengan Panjang,Fashion,148037,15873,5000,5921,COMPLETED,2026-08-15 00:00:00,5,"Produk bagus banget, pengiriman cepat dan packing rapi!"
ORD-20261397,Tokopedia,SKU-KSH-001,Minyak Angin Aromatheraphy 10ml,Kesehatan,457332,28447,5000,18293,COMPLETED,2026-03-10 00:00:00,4,"Produk bagus banget, pengiriman cepat dan packing rapi!"
ORD-20261398,Shopee,SKU-ELC-001,Headset Bluetooth Wireless TWS,Elektronik,363894,34242,15000,14555,COMPLETED,2026-04-08 00:00:00,5,"Barang original 100%, mantap recommended seller!"
ORD-20261399,Lazada,SKU-ELC-001,Headset Bluetooth Wireless TWS,Elektronik,317600,18951,25000,12704,COMPLETED,2026-05-17 00:00:00,5,"Barang original 100%, mantap recommended seller!"
ORD-20261400,Lazada,SKU-FSH-001,Kaos Polos Cotton Combed 30s,Fashion,429297,28095,25000,17171,COMPLETED,2026-04-04 00:00:00,5,"Kualitas ok sesuai harga, barang berfungsi dengan baik."
ORD-20261401,TikTok Shop,SKU-FSH-002,Kemeja Flanel Kotak Lengan Panjang,Fashion,337734,31401,5000,13509,COMPLETED,2026-04-17 00:00:00,5,"Produk bagus banget, pengiriman cepat dan packing rapi!"
ORD-20261402,Tokopedia,SKU-PRM-001,Wajan Anti Lengket Granite 24cm,Perlengkapan Rumah,263165,17368,0,10526,COMPLETED,2026-05-29 00:00:00,5,"Kualitas ok sesuai harga, barang berfungsi dengan baik."
ORD-20261403,Lazada,SKU-KCT-002,Sunscreen Gel SPF 50 PA++++,Kecantikan,591535,28263,15000,23661,COMPLETED,2026-04-25 00:00:00,5,"Produk bagus banget, pengiriman cepat dan packing rapi!"
ORD-20261404,Lazada,SKU-ELC-002,Powerbank Fast Charging 10000mAh,Elektronik,91264,14124,15000,3650,COMPLETED,2026-04-27 00:00:00,5,"Kualitas ok sesuai harga, barang berfungsi dengan baik."
ORD-20261405,Tokopedia,SKU-ELC-001,Headset Bluetooth Wireless TWS,Elektronik,629612,30720,10000,25184,COMPLETED,2026-04-18 00:00:00,4,"Barang original 100%, mantap recommended seller!"
ORD-20261406,Tokopedia,SKU-PRM-001,Wajan Anti Lengket Granite 24cm,Perlengkapan Rumah,117257,32885,10000,4690,COMPLETED,2026-07-21 00:00:00,5,"Sangat puas belanja di toko ini, seller ramah dan responsif."
ORD-20261407,Lazada,SKU-KCT-001,Serum Wajah Brightening Vitamin C,Kecantikan,709280,28251,25000,28371,CANCELLED,2026-06-09 00:00:00,,
ORD-20261408,Tokopedia,SKU-KCT-002,Sunscreen Gel SPF 50 PA++++,Kecantikan,301494,28949,5000,12059,COMPLETED,2026-05-28 00:00:00,5,"Produk bagus banget, pengiriman cepat dan packing rapi!"
ORD-20261409,Tokopedia,SKU-ELC-001,Headset Bluetooth Wireless TWS,Elektronik,100651,28483,0,4026,COMPLETED,2026-06-16 00:00:00,5,"Kualitas ok sesuai harga, barang berfungsi dengan baik."
ORD-20261410,TikTok Shop,SKU-PRM-001,Wajan Anti Lengket Granite 24cm,Perlengkapan Rumah,389948,34976,0,15597,COMPLETED,2026-05-03 00:00:00,5,"Sangat puas belanja di toko ini, seller ramah dan responsif."
ORD-20261411,Tokopedia,SKU-ELC-002,Powerbank Fast Charging 10000mAh,Elektronik,173083,10190,0,6923,COMPLETED,2026-07-19 00:00:00,5,"Sangat puas belanja di toko ini, seller ramah dan responsif."
ORD-20261412,Lazada,SKU-FSH-002,Kemeja Flanel Kotak Lengan Panjang,Fashion,243137,18815,0,9725,COMPLETED,2026-07-30 00:00:00,4,"Kualitas ok sesuai harga, barang berfungsi dengan baik."
ORD-20261413,TikTok Shop,SKU-KCT-001,Serum Wajah Brightening Vitamin C,Kecantikan,309500,27805,25000,12380,RETURNED,2026-03-27 00:00:00,1,"Pengiriman lama sekali, kemasan penyok dan barang agak lecet."
ORD-20261414,Shopee,SKU-ELC-001,Headset Bluetooth Wireless TWS,Elektronik,102606,29721,15000,4104,COMPLETED,2026-05-20 00:00:00,5,"Produk bagus banget, pengiriman cepat dan packing rapi!"
ORD-20261415,Shopee,SKU-KCT-002,Sunscreen Gel SPF 50 PA++++,Kecantikan,246972,14763,15000,9878,COMPLETED,2026-06-08 00:00:00,5,"Barang original 100%, mantap recommended seller!"
ORD-20261416,Shopee,SKU-KSH-001,Minyak Angin Aromatheraphy 10ml,Kesehatan,200492,12651,10000,8019,COMPLETED,2026-05-21 00:00:00,5,"Barang original 100%, mantap recommended seller!"
ORD-20261417,Lazada,SKU-PRM-001,Wajan Anti Lengket Granite 24cm,Perlengkapan Rumah,631556,14532,25000,25262,COMPLETED,2026-05-22 00:00:00,4,"Sangat puas belanja di toko ini, seller ramah dan responsif."
ORD-20261418,Lazada,SKU-KCT-001,Serum Wajah Brightening Vitamin C,Kecantikan,229686,18798,0,9187,RETURNED,2026-03-09 00:00:00,2,"Ukuran baju terlalu kecil dan jahitan tidak rapi, kecewa."
ORD-20261419,Lazada,SKU-KSH-001,Minyak Angin Aromatheraphy 10ml,Kesehatan,546744,10986,15000,21869,COMPLETED,2026-05-24 00:00:00,5,"Produk bagus banget, pengiriman cepat dan packing rapi!"
ORD-20261420,TikTok Shop,SKU-KCT-002,Sunscreen Gel SPF 50 PA++++,Kecantikan,242117,31098,10000,9684,COMPLETED,2026-08-05 00:00:00,5,"Produk bagus banget, pengiriman cepat dan packing rapi!"
ORD-20261421,Lazada,SKU-KSH-001,Minyak Angin Aromatheraphy 10ml,Kesehatan,663462,19739,15000,26538,COMPLETED,2026-08-11 00:00:00,5,"Barang original 100%, mantap recommended seller!"
ORD-20261422,TikTok Shop,SKU-KCT-001,Serum Wajah Brightening Vitamin C,Kecantikan,735136,34460,10000,29405,RETURNED,2026-07-22 00:00:00,1,"Bahan tipis tidak sesuai deskripsi produk, ajukan retur."
ORD-20261423,TikTok Shop,SKU-PRM-001,Wajan Anti Lengket Granite 24cm,Perlengkapan Rumah,344170,28902,25000,13766,COMPLETED,2026-08-17 00:00:00,5,"Barang original 100%, mantap recommended seller!"
ORD-20261424,Lazada,SKU-FSH-002,Kemeja Flanel Kotak Lengan Panjang,Fashion,215900,19769,15000,8636,CANCELLED,2026-01-22 00:00:00,,
ORD-20261425,Shopee,SKU-ELC-002,Powerbank Fast Charging 10000mAh,Elektronik,456928,17275,5000,18277,COMPLETED,2026-01-19 00:00:00,3,"Biasa saja, pengiriman agak lama."
ORD-20261426,TikTok Shop,SKU-PRM-001,Wajan Anti Lengket Granite 24cm,Perlengkapan Rumah,523080,18785,25000,20923,COMPLETED,2026-06-25 00:00:00,3,"Biasa saja, pengiriman agak lama."
ORD-20261427,Tokopedia,SKU-KSH-001,Minyak Angin Aromatheraphy 10ml,Kesehatan,542537,14758,25000,21701,COMPLETED,2026-06-04 00:00:00,5,"Kualitas ok sesuai harga, barang berfungsi dengan baik."
ORD-20261428,Lazada,SKU-KCT-001,Serum Wajah Brightening Vitamin C,Kecantikan,481281,22566,25000,19251,COMPLETED,2026-04-07 00:00:00,5,"Produk bagus banget, pengiriman cepat dan packing rapi!"
ORD-20261429,Lazada,SKU-KCT-002,Sunscreen Gel SPF 50 PA++++,Kecantikan,281326,18469,0,11253,CANCELLED,2026-07-10 00:00:00,,
ORD-20261430,Shopee,SKU-ELC-001,Headset Bluetooth Wireless TWS,Elektronik,314605,31055,25000,12584,COMPLETED,2026-03-26 00:00:00,5,"Kualitas ok sesuai harga, barang berfungsi dengan baik."
ORD-20261431,Shopee,SKU-ELC-002,Powerbank Fast Charging 10000mAh,Elektronik,261348,11835,0,10453,CANCELLED,2026-02-26 00:00:00,,
ORD-20261432,Shopee,SKU-KCT-002,Sunscreen Gel SPF 50 PA++++,Kecantikan,502767,22143,5000,20110,COMPLETED,2026-03-14 00:00:00,5,"Sangat puas belanja di toko ini, seller ramah dan responsif."
ORD-20261433,TikTok Shop,SKU-KSH-001,Minyak Angin Aromatheraphy 10ml,Kesehatan,142814,14197,15000,5712,RETURNED,2026-05-31 00:00:00,1,"Pengiriman lama sekali, kemasan penyok dan barang agak lecet."
ORD-20261434,Tokopedia,SKU-ELC-001,Headset Bluetooth Wireless TWS,Elektronik,339685,34295,0,13587,RETURNED,2026-05-01 00:00:00,2,"Ukuran baju terlalu kecil dan jahitan tidak rapi, kecewa."
ORD-20261435,TikTok Shop,SKU-KSH-001,Minyak Angin Aromatheraphy 10ml,Kesehatan,37609,21299,10000,1504,COMPLETED,2026-02-19 00:00:00,4,"Barang original 100%, mantap recommended seller!"
ORD-20261436,TikTok Shop,SKU-KCT-002,Sunscreen Gel SPF 50 PA++++,Kecantikan,542675,22464,25000,21707,COMPLETED,2026-03-05 00:00:00,4,"Kualitas ok sesuai harga, barang berfungsi dengan baik."
ORD-20261437,TikTok Shop,SKU-KCT-002,Sunscreen Gel SPF 50 PA++++,Kecantikan,351670,10086,10000,14066,CANCELLED,2026-04-12 00:00:00,,
ORD-20261438,Shopee,SKU-PRM-001,Wajan Anti Lengket Granite 24cm,Perlengkapan Rumah,649868,33034,25000,25994,CANCELLED,2026-01-01 00:00:00,,
ORD-20261439,Shopee,SKU-KCT-002,Sunscreen Gel SPF 50 PA++++,Kecantikan,274744,22521,10000,10989,COMPLETED,2026-08-05 00:00:00,3,"Biasa saja, pengiriman agak lama."
ORD-20261440,TikTok Shop,SKU-PRM-001,Wajan Anti Lengket Granite 24cm,Perlengkapan Rumah,363503,33961,5000,14540,COMPLETED,2026-05-25 00:00:00,5,"Sangat puas belanja di toko ini, seller ramah dan responsif."
ORD-20261441,Tokopedia,SKU-ELC-001,Headset Bluetooth Wireless TWS,Elektronik,548701,25772,5000,21948,COMPLETED,2026-08-25 00:00:00,5,"Produk bagus banget, pengiriman cepat dan packing rapi!"
ORD-20261442,Shopee,SKU-ELC-002,Powerbank Fast Charging 10000mAh,Elektronik,108427,27409,5000,4337,COMPLETED,2026-06-26 00:00:00,4,"Barang original 100%, mantap recommended seller!"
ORD-20261443,Lazada,SKU-ELC-001,Headset Bluetooth Wireless TWS,Elektronik,350214,33215,5000,14008,CANCELLED,2026-06-26 00:00:00,,
ORD-20261444,Lazada,SKU-PRM-001,Wajan Anti Lengket Granite 24cm,Perlengkapan Rumah,339324,18559,25000,13572,RETURNED,2026-02-22 00:00:00,1,"Bahan tipis tidak sesuai deskripsi produk, ajukan retur."
ORD-20261445,Shopee,SKU-KCT-002,Sunscreen Gel SPF 50 PA++++,Kecantikan,312761,23254,5000,12510,COMPLETED,2026-02-25 00:00:00,5,"Kualitas ok sesuai harga, barang berfungsi dengan baik."
ORD-20261446,Lazada,SKU-FSH-002,Kemeja Flanel Kotak Lengan Panjang,Fashion,393958,21495,10000,15758,COMPLETED,2026-02-13 00:00:00,4,"Barang original 100%, mantap recommended seller!"
ORD-20261447,Lazada,SKU-KCT-001,Serum Wajah Brightening Vitamin C,Kecantikan,358890,31330,10000,14355,COMPLETED,2026-06-26 00:00:00,3,"Biasa saja, pengiriman agak lama."
ORD-20261448,TikTok Shop,SKU-KSH-001,Minyak Angin Aromatheraphy 10ml,Kesehatan,599336,23095,25000,23973,COMPLETED,2026-01-10 00:00:00,4,"Sangat puas belanja di toko ini, seller ramah dan responsif."
ORD-20261449,Tokopedia,SKU-PRM-001,Wajan Anti Lengket Granite 24cm,Perlengkapan Rumah,91136,21664,0,3645,COMPLETED,2026-02-06 00:00:00,4,"Kualitas ok sesuai harga, barang berfungsi dengan baik."
ORD-20261450,TikTok Shop,SKU-ELC-002,Powerbank Fast Charging 10000mAh,Elektronik,543079,28019,0,21723,COMPLETED,2026-08-09 00:00:00,3,"Biasa saja, pengiriman agak lama."
ORD-20261451,Shopee,SKU-FSH-001,Kaos Polos Cotton Combed 30s,Fashion,292238,32843,10000,11689,COMPLETED,2026-07-04 00:00:00,5,"Barang original 100%, mantap recommended seller!"
ORD-20261452,Tokopedia,SKU-FSH-001,Kaos Polos Cotton Combed 30s,Fashion,160502,29144,10000,6420,COMPLETED,2026-02-07 00:00:00,5,"Barang original 100%, mantap recommended seller!"
ORD-20261453,Lazada,SKU-KCT-002,Sunscreen Gel SPF 50 PA++++,Kecantikan,417072,23877,10000,16682,COMPLETED,2026-01-16 00:00:00,4,"Kualitas ok sesuai harga, barang berfungsi dengan baik."
ORD-20261454,Lazada,SKU-FSH-001,Kaos Polos Cotton Combed 30s,Fashion,682892,18018,0,27315,COMPLETED,2026-05-19 00:00:00,4,"Kualitas ok sesuai harga, barang berfungsi dengan baik."
ORD-20261455,TikTok Shop,SKU-PRM-001,Wajan Anti Lengket Granite 24cm,Perlengkapan Rumah,543302,19852,0,21732,COMPLETED,2026-06-15 00:00:00,3,"Biasa saja, pengiriman agak lama."
ORD-20261456,TikTok Shop,SKU-PRM-001,Wajan Anti Lengket Granite 24cm,Perlengkapan Rumah,674865,24961,15000,26994,COMPLETED,2026-03-20 00:00:00,5,"Produk bagus banget, pengiriman cepat dan packing rapi!"
ORD-20261457,Shopee,SKU-ELC-002,Powerbank Fast Charging 10000mAh,Elektronik,198253,12536,15000,7930,RETURNED,2026-07-11 00:00:00,1,"Pengiriman lama sekali, kemasan penyok dan barang agak lecet."
ORD-20261458,Lazada,SKU-KSH-001,Minyak Angin Aromatheraphy 10ml,Kesehatan,676003,15009,15000,27040,COMPLETED,2026-07-07 00:00:00,5,"Kualitas ok sesuai harga, barang berfungsi dengan baik."
ORD-20261459,Lazada,SKU-ELC-001,Headset Bluetooth Wireless TWS,Elektronik,522926,18477,25000,20917,COMPLETED,2026-08-23 00:00:00,5,"Sangat puas belanja di toko ini, seller ramah dan responsif."
ORD-20261460,Lazada,SKU-KSH-001,Minyak Angin Aromatheraphy 10ml,Kesehatan,732801,21120,5000,29312,COMPLETED,2026-07-04 00:00:00,5,"Barang original 100%, mantap recommended seller!"
ORD-20261461,TikTok Shop,SKU-FSH-001,Kaos Polos Cotton Combed 30s,Fashion,628224,28327,15000,25128,COMPLETED,2026-06-21 00:00:00,5,"Barang original 100%, mantap recommended seller!"
ORD-20261462,Shopee,SKU-ELC-001,Headset Bluetooth Wireless TWS,Elektronik,173045,26293,25000,6921,COMPLETED,2026-01-28 00:00:00,5,"Barang original 100%, mantap recommended seller!"
ORD-20261463,Lazada,SKU-KSH-001,Minyak Angin Aromatheraphy 10ml,Kesehatan,168218,23589,15000,6728,COMPLETED,2026-01-19 00:00:00,5,"Produk bagus banget, pengiriman cepat dan packing rapi!"
ORD-20261464,TikTok Shop,SKU-ELC-002,Powerbank Fast Charging 10000mAh,Elektronik,330677,19005,5000,13227,COMPLETED,2026-07-13 00:00:00,3,"Biasa saja, pengiriman agak lama."
ORD-20261465,Tokopedia,SKU-ELC-002,Powerbank Fast Charging 10000mAh,Elektronik,658357,14621,5000,26334,COMPLETED,2026-07-03 00:00:00,4,"Produk bagus banget, pengiriman cepat dan packing rapi!"
ORD-20261466,TikTok Shop,SKU-ELC-001,Headset Bluetooth Wireless TWS,Elektronik,578216,14525,5000,23128,RETURNED,2026-04-02 00:00:00,2,"Pengiriman lama sekali, kemasan penyok dan barang agak lecet."
ORD-20261467,Lazada,SKU-FSH-001,Kaos Polos Cotton Combed 30s,Fashion,52708,27443,10000,2108,COMPLETED,2026-03-22 00:00:00,5,"Barang original 100%, mantap recommended seller!"
ORD-20261468,Lazada,SKU-FSH-001,Kaos Polos Cotton Combed 30s,Fashion,137746,14154,25000,5509,CANCELLED,2026-04-11 00:00:00,,
ORD-20261469,Tokopedia,SKU-PRM-001,Wajan Anti Lengket Granite 24cm,Perlengkapan Rumah,54179,15669,10000,2167,COMPLETED,2026-07-06 00:00:00,4,"Barang original 100%, mantap recommended seller!"
ORD-20261470,Tokopedia,SKU-KCT-002,Sunscreen Gel SPF 50 PA++++,Kecantikan,284259,25324,10000,11370,COMPLETED,2026-01-12 00:00:00,5,"Barang original 100%, mantap recommended seller!"
ORD-20261471,Shopee,SKU-ELC-002,Powerbank Fast Charging 10000mAh,Elektronik,295316,13428,25000,11812,COMPLETED,2026-01-08 00:00:00,3,"Biasa saja, pengiriman agak lama."
ORD-20261472,Lazada,SKU-FSH-001,Kaos Polos Cotton Combed 30s,Fashion,468627,28743,25000,18745,COMPLETED,2026-01-08 00:00:00,5,"Sangat puas belanja di toko ini, seller ramah dan responsif."
ORD-20261473,Shopee,SKU-FSH-002,Kemeja Flanel Kotak Lengan Panjang,Fashion,669541,30245,15000,26781,CANCELLED,2026-08-24 00:00:00,,
ORD-20261474,TikTok Shop,SKU-KSH-001,Minyak Angin Aromatheraphy 10ml,Kesehatan,264137,20092,15000,10565,COMPLETED,2026-08-03 00:00:00,3,"Biasa saja, pengiriman agak lama."
ORD-20261475,TikTok Shop,SKU-FSH-001,Kaos Polos Cotton Combed 30s,Fashion,44600,18434,5000,1784,COMPLETED,2026-08-09 00:00:00,4,"Barang original 100%, mantap recommended seller!"
ORD-20261476,TikTok Shop,SKU-PRM-001,Wajan Anti Lengket Granite 24cm,Perlengkapan Rumah,493764,30767,25000,19750,COMPLETED,2026-01-08 00:00:00,4,"Produk bagus banget, pengiriman cepat dan packing rapi!"
ORD-20261477,Lazada,SKU-PRM-001,Wajan Anti Lengket Granite 24cm,Perlengkapan Rumah,720440,26791,25000,28817,CANCELLED,2026-09-01 00:00:00,,
ORD-20261478,TikTok Shop,SKU-PRM-001,Wajan Anti Lengket Granite 24cm,Perlengkapan Rumah,234589,26221,5000,9383,COMPLETED,2026-01-12 00:00:00,5,"Barang original 100%, mantap recommended seller!"
ORD-20261479,Tokopedia,SKU-KCT-002,Sunscreen Gel SPF 50 PA++++,Kecantikan,673040,21110,25000,26921,COMPLETED,2026-07-13 00:00:00,3,"Biasa saja, pengiriman agak lama."
ORD-20261480,TikTok Shop,SKU-KSH-001,Minyak Angin Aromatheraphy 10ml,Kesehatan,330918,26149,10000,13236,COMPLETED,2026-06-16 00:00:00,5,"Kualitas ok sesuai harga, barang berfungsi dengan baik."
ORD-20261481,Shopee,SKU-PRM-001,Wajan Anti Lengket Granite 24cm,Perlengkapan Rumah,415620,33585,10000,16624,COMPLETED,2026-08-29 00:00:00,4,"Barang original 100%, mantap recommended seller!"
ORD-20261482,TikTok Shop,SKU-PRM-001,Wajan Anti Lengket Granite 24cm,Perlengkapan Rumah,259543,12180,15000,10381,COMPLETED,2026-03-06 00:00:00,4,"Barang original 100%, mantap recommended seller!"
ORD-20261483,TikTok Shop,SKU-ELC-002,Powerbank Fast Charging 10000mAh,Elektronik,596992,23163,10000,23879,CANCELLED,2026-03-27 00:00:00,,
ORD-20261484,Shopee,SKU-KCT-002,Sunscreen Gel SPF 50 PA++++,Kecantikan,304103,25425,5000,12164,CANCELLED,2026-07-02 00:00:00,,
ORD-20261485,Lazada,SKU-KCT-002,Sunscreen Gel SPF 50 PA++++,Kecantikan,337500,10366,10000,13500,COMPLETED,2026-04-08 00:00:00,5,"Sangat puas belanja di toko ini, seller ramah dan responsif."
ORD-20261486,Lazada,SKU-ELC-001,Headset Bluetooth Wireless TWS,Elektronik,284200,18217,15000,11368,COMPLETED,2026-06-23 00:00:00,3,"Biasa saja, pengiriman agak lama."
ORD-20261487,Shopee,SKU-FSH-001,Kaos Polos Cotton Combed 30s,Fashion,202498,10169,15000,8099,CANCELLED,2026-08-20 00:00:00,,
ORD-20261488,TikTok Shop,SKU-KCT-002,Sunscreen Gel SPF 50 PA++++,Kecantikan,624671,12417,5000,24986,RETURNED,2026-02-18 00:00:00,2,"Pengiriman lama sekali, kemasan penyok dan barang agak lecet."
ORD-20261489,Shopee,SKU-KCT-001,Serum Wajah Brightening Vitamin C,Kecantikan,369831,13494,15000,14793,RETURNED,2026-03-11 00:00:00,1,"Barang mati total saat diterima, respon garansi lambat!"
ORD-20261490,TikTok Shop,SKU-FSH-002,Kemeja Flanel Kotak Lengan Panjang,Fashion,232153,21343,15000,9286,COMPLETED,2026-03-27 00:00:00,5,"Sangat puas belanja di toko ini, seller ramah dan responsif."
ORD-20261491,TikTok Shop,SKU-KSH-001,Minyak Angin Aromatheraphy 10ml,Kesehatan,610364,25869,25000,24414,RETURNED,2026-07-13 00:00:00,2,"Pengiriman lama sekali, kemasan penyok dan barang agak lecet."
ORD-20261492,Shopee,SKU-KCT-002,Sunscreen Gel SPF 50 PA++++,Kecantikan,195519,29942,10000,7820,RETURNED,2026-03-27 00:00:00,2,"Ukuran baju terlalu kecil dan jahitan tidak rapi, kecewa."
ORD-20261493,TikTok Shop,SKU-FSH-001,Kaos Polos Cotton Combed 30s,Fashion,461007,19737,5000,18440,RETURNED,2026-08-17 00:00:00,2,"Ukuran baju terlalu kecil dan jahitan tidak rapi, kecewa."
ORD-20261494,Tokopedia,SKU-ELC-001,Headset Bluetooth Wireless TWS,Elektronik,128165,28007,0,5126,CANCELLED,2026-02-02 00:00:00,,
ORD-20261495,Shopee,SKU-KCT-002,Sunscreen Gel SPF 50 PA++++,Kecantikan,458176,25523,25000,18327,COMPLETED,2026-07-14 00:00:00,4,"Produk bagus banget, pengiriman cepat dan packing rapi!"
ORD-20261496,TikTok Shop,SKU-KSH-001,Minyak Angin Aromatheraphy 10ml,Kesehatan,557027,12049,10000,22281,COMPLETED,2026-06-11 00:00:00,4,"Kualitas ok sesuai harga, barang berfungsi dengan baik."
ORD-20261497,TikTok Shop,SKU-KCT-001,Serum Wajah Brightening Vitamin C,Kecantikan,122720,30652,0,4908,COMPLETED,2026-04-09 00:00:00,5,"Barang original 100%, mantap recommended seller!"
ORD-20261498,Shopee,SKU-FSH-001,Kaos Polos Cotton Combed 30s,Fashion,123757,31094,5000,4950,CANCELLED,2026-07-21 00:00:00,,
ORD-20261499,TikTok Shop,SKU-FSH-001,Kaos Polos Cotton Combed 30s,Fashion,325878,26750,5000,13035,COMPLETED,2026-01-26 00:00:00,4,"Produk bagus banget, pengiriman cepat dan packing rapi!"
ORD-20261500,Shopee,SKU-KCT-001,Serum Wajah Brightening Vitamin C,Kecantikan,614570,30379,25000,24582,CANCELLED,2026-06-05 00:00:00,,
ORD-20261501,Tokopedia,SKU-ELC-001,Headset Bluetooth Wireless TWS,Elektronik,221047,18235,25000,8841,RETURNED,2026-02-23 00:00:00,1,"Pengiriman lama sekali, kemasan penyok dan barang agak lecet."
ORD-20261502,Lazada,SKU-ELC-001,Headset Bluetooth Wireless TWS,Elektronik,499166,16288,15000,19966,COMPLETED,2026-08-01 00:00:00,3,"Biasa saja, pengiriman agak lama."
ORD-20261503,Lazada,SKU-ELC-002,Powerbank Fast Charging 10000mAh,Elektronik,208008,11979,25000,8320,CANCELLED,2026-05-26 00:00:00,,
ORD-20261504,Lazada,SKU-FSH-002,Kemeja Flanel Kotak Lengan Panjang,Fashion,569148,34212,0,22765,CANCELLED,2026-02-10 00:00:00,,
ORD-20261505,Tokopedia,SKU-ELC-001,Headset Bluetooth Wireless TWS,Elektronik,358659,15976,25000,14346,COMPLETED,2026-08-30 00:00:00,3,"Biasa saja, pengiriman agak lama."
ORD-20261506,Shopee,SKU-PRM-001,Wajan Anti Lengket Granite 24cm,Perlengkapan Rumah,694263,15049,25000,27770,COMPLETED,2026-06-18 00:00:00,5,"Barang original 100%, mantap recommended seller!"
ORD-20261507,Shopee,SKU-KSH-001,Minyak Angin Aromatheraphy 10ml,Kesehatan,709612,13757,5000,28384,COMPLETED,2026-01-09 00:00:00,5,"Barang original 100%, mantap recommended seller!"
ORD-20261508,Tokopedia,SKU-KCT-001,Serum Wajah Brightening Vitamin C,Kecantikan,405716,22849,5000,16228,COMPLETED,2026-07-30 00:00:00,5,"Produk bagus banget, pengiriman cepat dan packing rapi!"
ORD-20261509,Tokopedia,SKU-FSH-002,Kemeja Flanel Kotak Lengan Panjang,Fashion,515936,23029,0,20637,CANCELLED,2026-06-21 00:00:00,,
ORD-20261510,Lazada,SKU-ELC-002,Powerbank Fast Charging 10000mAh,Elektronik,222865,25871,15000,8914,RETURNED,2026-05-30 00:00:00,2,"Pengiriman lama sekali, kemasan penyok dan barang agak lecet."
ORD-20261511,TikTok Shop,SKU-ELC-001,Headset Bluetooth Wireless TWS,Elektronik,384335,26016,15000,15373,COMPLETED,2026-05-31 00:00:00,3,"Biasa saja, pengiriman agak lama."
ORD-20261512,Tokopedia,SKU-KSH-001,Minyak Angin Aromatheraphy 10ml,Kesehatan,350931,14894,25000,14037,COMPLETED,2026-08-16 00:00:00,4,"Sangat puas belanja di toko ini, seller ramah dan responsif."
ORD-20261513,Shopee,SKU-KSH-001,Minyak Angin Aromatheraphy 10ml,Kesehatan,208302,27239,0,8332,CANCELLED,2026-02-05 00:00:00,,
ORD-20261514,TikTok Shop,SKU-ELC-001,Headset Bluetooth Wireless TWS,Elektronik,640018,28221,5000,25600,COMPLETED,2026-08-27 00:00:00,5,"Barang original 100%, mantap recommended seller!"
ORD-20261515,Tokopedia,SKU-ELC-001,Headset Bluetooth Wireless TWS,Elektronik,749001,25854,10000,29960,COMPLETED,2026-05-12 00:00:00,5,"Sangat puas belanja di toko ini, seller ramah dan responsif."
ORD-20261516,Tokopedia,SKU-ELC-002,Powerbank Fast Charging 10000mAh,Elektronik,383724,24102,10000,15348,COMPLETED,2026-03-17 00:00:00,5,"Kualitas ok sesuai harga, barang berfungsi dengan baik."
ORD-20261517,Lazada,SKU-PRM-001,Wajan Anti Lengket Granite 24cm,Perlengkapan Rumah,726031,34781,10000,29041,COMPLETED,2026-07-09 00:00:00,5,"Barang original 100%, mantap recommended seller!"
ORD-20261518,Shopee,SKU-KCT-002,Sunscreen Gel SPF 50 PA++++,Kecantikan,268531,27783,0,10741,CANCELLED,2026-09-04 00:00:00,,
ORD-20261519,TikTok Shop,SKU-PRM-001,Wajan Anti Lengket Granite 24cm,Perlengkapan Rumah,392792,27072,0,15711,COMPLETED,2026-05-14 00:00:00,5,"Barang original 100%, mantap recommended seller!"
ORD-20261520,Tokopedia,SKU-FSH-001,Kaos Polos Cotton Combed 30s,Fashion,133823,11355,15000,5352,RETURNED,2026-01-27 00:00:00,1,"Pengiriman lama sekali, kemasan penyok dan barang agak lecet."
ORD-20261521,Tokopedia,SKU-KSH-001,Minyak Angin Aromatheraphy 10ml,Kesehatan,228310,11369,5000,9132,CANCELLED,2026-08-20 00:00:00,,
ORD-20261522,Tokopedia,SKU-KSH-001,Minyak Angin Aromatheraphy 10ml,Kesehatan,282105,13735,5000,11284,COMPLETED,2026-05-30 00:00:00,5,"Sangat puas belanja di toko ini, seller ramah dan responsif."
ORD-20261523,TikTok Shop,SKU-PRM-001,Wajan Anti Lengket Granite 24cm,Perlengkapan Rumah,733540,19064,10000,29341,RETURNED,2026-01-14 00:00:00,2,"Barang mati total saat diterima, respon garansi lambat!"
ORD-20261524,Lazada,SKU-FSH-002,Kemeja Flanel Kotak Lengan Panjang,Fashion,161539,27405,5000,6461,COMPLETED,2026-04-09 00:00:00,5,"Barang original 100%, mantap recommended seller!"
ORD-20261525,Shopee,SKU-PRM-001,Wajan Anti Lengket Granite 24cm,Perlengkapan Rumah,512098,13845,5000,20483,COMPLETED,2026-03-05 00:00:00,5,"Barang original 100%, mantap recommended seller!"
ORD-20261526,Lazada,SKU-KCT-001,Serum Wajah Brightening Vitamin C,Kecantikan,108754,15642,10000,4350,COMPLETED,2026-07-21 00:00:00,5,"Sangat puas belanja di toko ini, seller ramah dan responsif."
ORD-20261527,Lazada,SKU-KCT-001,Serum Wajah Brightening Vitamin C,Kecantikan,279067,23704,10000,11162,COMPLETED,2026-04-19 00:00:00,5,"Produk bagus banget, pengiriman cepat dan packing rapi!"
ORD-20261528,Shopee,SKU-FSH-001,Kaos Polos Cotton Combed 30s,Fashion,376339,15803,15000,15053,CANCELLED,2026-06-27 00:00:00,,
ORD-20261529,TikTok Shop,SKU-ELC-002,Powerbank Fast Charging 10000mAh,Elektronik,587829,23959,10000,23513,COMPLETED,2026-09-04 00:00:00,5,"Sangat puas belanja di toko ini, seller ramah dan responsif."
ORD-20261530,Lazada,SKU-FSH-002,Kemeja Flanel Kotak Lengan Panjang,Fashion,286822,20593,5000,11472,COMPLETED,2026-09-03 00:00:00,5,"Sangat puas belanja di toko ini, seller ramah dan responsif."
ORD-20261531,TikTok Shop,SKU-FSH-001,Kaos Polos Cotton Combed 30s,Fashion,79263,25573,0,3170,COMPLETED,2026-02-12 00:00:00,4,"Kualitas ok sesuai harga, barang berfungsi dengan baik."
ORD-20261532,Lazada,SKU-FSH-001,Kaos Polos Cotton Combed 30s,Fashion,201227,25565,25000,8049,CANCELLED,2026-02-20 00:00:00,,
ORD-20261533,Shopee,SKU-PRM-001,Wajan Anti Lengket Granite 24cm,Perlengkapan Rumah,706937,11942,5000,28277,COMPLETED,2026-04-17 00:00:00,3,"Biasa saja, pengiriman agak lama."
ORD-20261534,Lazada,SKU-KCT-002,Sunscreen Gel SPF 50 PA++++,Kecantikan,401132,13430,5000,16045,COMPLETED,2026-07-01 00:00:00,3,"Biasa saja, pengiriman agak lama."
ORD-20261535,TikTok Shop,SKU-KSH-001,Minyak Angin Aromatheraphy 10ml,Kesehatan,464705,18052,15000,18588,CANCELLED,2026-03-29 00:00:00,,
ORD-20261536,TikTok Shop,SKU-KSH-001,Minyak Angin Aromatheraphy 10ml,Kesehatan,113120,10876,25000,4524,COMPLETED,2026-01-09 00:00:00,3,"Biasa saja, pengiriman agak lama."
ORD-20261537,Lazada,SKU-FSH-002,Kemeja Flanel Kotak Lengan Panjang,Fashion,368301,23077,25000,14732,COMPLETED,2026-03-26 00:00:00,5,"Sangat puas belanja di toko ini, seller ramah dan responsif."
ORD-20261538,Tokopedia,SKU-KCT-001,Serum Wajah Brightening Vitamin C,Kecantikan,42001,14679,0,1680,RETURNED,2026-06-24 00:00:00,2,"Bahan tipis tidak sesuai deskripsi produk, ajukan retur."
ORD-20261539,Shopee,SKU-ELC-002,Powerbank Fast Charging 10000mAh,Elektronik,488138,31391,10000,19525,COMPLETED,2026-01-31 00:00:00,3,"Biasa saja, pengiriman agak lama."
ORD-20261540,Shopee,SKU-KCT-001,Serum Wajah Brightening Vitamin C,Kecantikan,554071,25777,10000,22162,COMPLETED,2026-02-17 00:00:00,5,"Produk bagus banget, pengiriman cepat dan packing rapi!"
ORD-20261541,Tokopedia,SKU-PRM-001,Wajan Anti Lengket Granite 24cm,Perlengkapan Rumah,425139,29826,10000,17005,CANCELLED,2026-07-06 00:00:00,,
ORD-20261542,Shopee,SKU-PRM-001,Wajan Anti Lengket Granite 24cm,Perlengkapan Rumah,353000,30808,10000,14120,COMPLETED,2026-07-02 00:00:00,4,"Kualitas ok sesuai harga, barang berfungsi dengan baik."
ORD-20261543,Lazada,SKU-PRM-001,Wajan Anti Lengket Granite 24cm,Perlengkapan Rumah,662895,21282,15000,26515,COMPLETED,2026-04-14 00:00:00,5,"Barang original 100%, mantap recommended seller!"
ORD-20261544,Lazada,SKU-KSH-001,Minyak Angin Aromatheraphy 10ml,Kesehatan,327786,17903,15000,13111,COMPLETED,2026-03-15 00:00:00,4,"Sangat puas belanja di toko ini, seller ramah dan responsif."
ORD-20261545,Tokopedia,SKU-ELC-002,Powerbank Fast Charging 10000mAh,Elektronik,338294,22876,15000,13531,COMPLETED,2026-03-10 00:00:00,5,"Produk bagus banget, pengiriman cepat dan packing rapi!"
ORD-20261546,TikTok Shop,SKU-KCT-002,Sunscreen Gel SPF 50 PA++++,Kecantikan,127806,27087,0,5112,COMPLETED,2026-01-26 00:00:00,3,"Biasa saja, pengiriman agak lama."
ORD-20261547,Lazada,SKU-KSH-001,Minyak Angin Aromatheraphy 10ml,Kesehatan,146174,19521,15000,5846,RETURNED,2026-01-18 00:00:00,2,"Bahan tipis tidak sesuai deskripsi produk, ajukan retur."
ORD-20261548,Shopee,SKU-KCT-002,Sunscreen Gel SPF 50 PA++++,Kecantikan,311193,34035,10000,12447,COMPLETED,2026-04-02 00:00:00,4,"Sangat puas belanja di toko ini, seller ramah dan responsif."
ORD-20261549,TikTok Shop,SKU-KCT-001,Serum Wajah Brightening Vitamin C,Kecantikan,119480,21210,15000,4779,RETURNED,2026-04-01 00:00:00,1,"Ukuran baju terlalu kecil dan jahitan tidak rapi, kecewa."
ORD-20261550,TikTok Shop,SKU-KSH-001,Minyak Angin Aromatheraphy 10ml,Kesehatan,363990,12918,25000,14559,COMPLETED,2026-06-03 00:00:00,4,"Produk bagus banget, pengiriman cepat dan packing rapi!"
ORD-20261551,TikTok Shop,SKU-KCT-001,Serum Wajah Brightening Vitamin C,Kecantikan,126572,30271,0,5062,CANCELLED,2026-04-12 00:00:00,,
ORD-20261552,TikTok Shop,SKU-KCT-001,Serum Wajah Brightening Vitamin C,Kecantikan,631176,22841,0,25247,COMPLETED,2026-07-28 00:00:00,4,"Produk bagus banget, pengiriman cepat dan packing rapi!"
ORD-20261553,Lazada,SKU-ELC-001,Headset Bluetooth Wireless TWS,Elektronik,132111,12136,5000,5284,CANCELLED,2026-08-09 00:00:00,,
ORD-20261554,TikTok Shop,SKU-KSH-001,Minyak Angin Aromatheraphy 10ml,Kesehatan,550080,12442,5000,22003,RETURNED,2026-03-09 00:00:00,2,"Bahan tipis tidak sesuai deskripsi produk, ajukan retur."
ORD-20261555,Shopee,SKU-KCT-002,Sunscreen Gel SPF 50 PA++++,Kecantikan,58180,24728,15000,2327,CANCELLED,2026-03-07 00:00:00,,
ORD-20261556,TikTok Shop,SKU-FSH-001,Kaos Polos Cotton Combed 30s,Fashion,471476,20442,25000,18859,CANCELLED,2026-07-10 00:00:00,,
ORD-20261557,Lazada,SKU-FSH-002,Kemeja Flanel Kotak Lengan Panjang,Fashion,107512,24834,5000,4300,CANCELLED,2026-01-05 00:00:00,,
ORD-20261558,Lazada,SKU-KCT-002,Sunscreen Gel SPF 50 PA++++,Kecantikan,662517,17903,15000,26500,COMPLETED,2026-04-27 00:00:00,4,"Kualitas ok sesuai harga, barang berfungsi dengan baik."
ORD-20261559,Lazada,SKU-ELC-002,Powerbank Fast Charging 10000mAh,Elektronik,658741,20316,5000,26349,COMPLETED,2026-02-08 00:00:00,3,"Biasa saja, pengiriman agak lama."
ORD-20261560,Shopee,SKU-ELC-002,Powerbank Fast Charging 10000mAh,Elektronik,488638,10325,5000,19545,CANCELLED,2026-08-26 00:00:00,,
ORD-20261561,TikTok Shop,SKU-ELC-001,Headset Bluetooth Wireless TWS,Elektronik,655645,33523,5000,26225,COMPLETED,2026-09-06 00:00:00,5,"Produk bagus banget, pengiriman cepat dan packing rapi!"
ORD-20261562,Lazada,SKU-FSH-002,Kemeja Flanel Kotak Lengan Panjang,Fashion,723348,17821,10000,28933,CANCELLED,2026-02-13 00:00:00,,
ORD-20261563,Tokopedia,SKU-KCT-001,Serum Wajah Brightening Vitamin C,Kecantikan,173037,13903,0,6921,CANCELLED,2026-03-07 00:00:00,,
ORD-20261564,Tokopedia,SKU-KCT-002,Sunscreen Gel SPF 50 PA++++,Kecantikan,499856,29141,0,19994,RETURNED,2026-04-18 00:00:00,2,"Bahan tipis tidak sesuai deskripsi produk, ajukan retur."
ORD-20261565,Lazada,SKU-KCT-002,Sunscreen Gel SPF 50 PA++++,Kecantikan,639801,23658,0,25592,CANCELLED,2026-08-12 00:00:00,,
ORD-20261566,TikTok Shop,SKU-PRM-001,Wajan Anti Lengket Granite 24cm,Perlengkapan Rumah,386854,20028,10000,15474,RETURNED,2026-02-13 00:00:00,1,"Ukuran baju terlalu kecil dan jahitan tidak rapi, kecewa."
ORD-20261567,Lazada,SKU-ELC-002,Powerbank Fast Charging 10000mAh,Elektronik,318931,17354,5000,12757,COMPLETED,2026-02-01 00:00:00,4,"Produk bagus banget, pengiriman cepat dan packing rapi!"
ORD-20261568,Lazada,SKU-PRM-001,Wajan Anti Lengket Granite 24cm,Perlengkapan Rumah,597224,30340,0,23888,COMPLETED,2026-05-26 00:00:00,3,"Biasa saja, pengiriman agak lama."
ORD-20261569,Shopee,SKU-PRM-001,Wajan Anti Lengket Granite 24cm,Perlengkapan Rumah,368269,33683,5000,14730,COMPLETED,2026-02-06 00:00:00,3,"Biasa saja, pengiriman agak lama."
ORD-20261570,Tokopedia,SKU-PRM-001,Wajan Anti Lengket Granite 24cm,Perlengkapan Rumah,46328,28652,5000,1853,CANCELLED,2026-03-15 00:00:00,,
ORD-20261571,TikTok Shop,SKU-KSH-001,Minyak Angin Aromatheraphy 10ml,Kesehatan,296908,26274,0,11876,COMPLETED,2026-05-02 00:00:00,5,"Barang original 100%, mantap recommended seller!"
ORD-20261572,TikTok Shop,SKU-KCT-002,Sunscreen Gel SPF 50 PA++++,Kecantikan,35208,14520,0,1408,COMPLETED,2026-06-03 00:00:00,5,"Kualitas ok sesuai harga, barang berfungsi dengan baik."
ORD-20261573,Shopee,SKU-KSH-001,Minyak Angin Aromatheraphy 10ml,Kesehatan,479081,19776,15000,19163,RETURNED,2026-01-16 00:00:00,1,"Barang mati total saat diterima, respon garansi lambat!"
ORD-20261574,Tokopedia,SKU-FSH-001,Kaos Polos Cotton Combed 30s,Fashion,41486,10231,0,1659,COMPLETED,2026-07-10 00:00:00,3,"Biasa saja, pengiriman agak lama."
ORD-20261575,Lazada,SKU-FSH-001,Kaos Polos Cotton Combed 30s,Fashion,545030,30600,25000,21801,COMPLETED,2026-08-06 00:00:00,3,"Biasa saja, pengiriman agak lama."
ORD-20261576,Tokopedia,SKU-FSH-002,Kemeja Flanel Kotak Lengan Panjang,Fashion,202863,24315,15000,8114,COMPLETED,2026-06-24 00:00:00,3,"Biasa saja, pengiriman agak lama."
ORD-20261577,Shopee,SKU-KCT-002,Sunscreen Gel SPF 50 PA++++,Kecantikan,635398,16673,15000,25415,COMPLETED,2026-06-12 00:00:00,4,"Produk bagus banget, pengiriman cepat dan packing rapi!"
ORD-20261578,Shopee,SKU-KCT-002,Sunscreen Gel SPF 50 PA++++,Kecantikan,591330,25513,15000,23653,COMPLETED,2026-06-28 00:00:00,3,"Biasa saja, pengiriman agak lama."
ORD-20261579,TikTok Shop,SKU-KSH-001,Minyak Angin Aromatheraphy 10ml,Kesehatan,247343,10107,5000,9893,COMPLETED,2026-05-01 00:00:00,5,"Produk bagus banget, pengiriman cepat dan packing rapi!"
ORD-20261580,Tokopedia,SKU-PRM-001,Wajan Anti Lengket Granite 24cm,Perlengkapan Rumah,659930,15988,10000,26397,COMPLETED,2026-03-01 00:00:00,5,"Kualitas ok sesuai harga, barang berfungsi dengan baik."
ORD-20261581,Tokopedia,SKU-FSH-002,Kemeja Flanel Kotak Lengan Panjang,Fashion,45193,21796,25000,1807,COMPLETED,2026-07-29 00:00:00,5,"Produk bagus banget, pengiriman cepat dan packing rapi!"
ORD-20261582,TikTok Shop,SKU-FSH-001,Kaos Polos Cotton Combed 30s,Fashion,582824,24867,0,23312,COMPLETED,2026-05-14 00:00:00,5,"Barang original 100%, mantap recommended seller!"
ORD-20261583,Shopee,SKU-KCT-002,Sunscreen Gel SPF 50 PA++++,Kecantikan,121334,13384,5000,4853,COMPLETED,2026-01-16 00:00:00,5,"Sangat puas belanja di toko ini, seller ramah dan responsif."
ORD-20261584,Shopee,SKU-FSH-001,Kaos Polos Cotton Combed 30s,Fashion,536115,10827,25000,21444,COMPLETED,2026-01-14 00:00:00,5,"Kualitas ok sesuai harga, barang berfungsi dengan baik."
ORD-20261585,Lazada,SKU-FSH-002,Kemeja Flanel Kotak Lengan Panjang,Fashion,604362,29225,0,24174,COMPLETED,2026-03-10 00:00:00,5,"Barang original 100%, mantap recommended seller!"
ORD-20261586,Shopee,SKU-FSH-001,Kaos Polos Cotton Combed 30s,Fashion,200569,21229,15000,8022,COMPLETED,2026-07-14 00:00:00,4,"Sangat puas belanja di toko ini, seller ramah dan responsif."
ORD-20261587,Lazada,SKU-FSH-002,Kemeja Flanel Kotak Lengan Panjang,Fashion,646489,19269,5000,25859,CANCELLED,2026-08-28 00:00:00,,
ORD-20261588,Tokopedia,SKU-FSH-002,Kemeja Flanel Kotak Lengan Panjang,Fashion,475957,34956,10000,19038,COMPLETED,2026-06-15 00:00:00,5,"Produk bagus banget, pengiriman cepat dan packing rapi!"
ORD-20261589,Shopee,SKU-ELC-001,Headset Bluetooth Wireless TWS,Elektronik,634994,21009,15000,25399,COMPLETED,2026-05-12 00:00:00,5,"Barang original 100%, mantap recommended seller!"
ORD-20261590,Lazada,SKU-ELC-001,Headset Bluetooth Wireless TWS,Elektronik,669423,30458,5000,26776,COMPLETED,2026-03-06 00:00:00,5,"Barang original 100%, mantap recommended seller!"
ORD-20261591,Shopee,SKU-KSH-001,Minyak Angin Aromatheraphy 10ml,Kesehatan,180500,20185,5000,7220,CANCELLED,2026-08-02 00:00:00,,
ORD-20261592,Tokopedia,SKU-KSH-001,Minyak Angin Aromatheraphy 10ml,Kesehatan,354743,31911,0,14189,RETURNED,2026-08-09 00:00:00,2,"Bahan tipis tidak sesuai deskripsi produk, ajukan retur."
ORD-20261593,Tokopedia,SKU-FSH-001,Kaos Polos Cotton Combed 30s,Fashion,76234,21721,15000,3049,COMPLETED,2026-07-20 00:00:00,3,"Biasa saja, pengiriman agak lama."
ORD-20261594,Lazada,SKU-KCT-001,Serum Wajah Brightening Vitamin C,Kecantikan,748299,29861,15000,29931,CANCELLED,2026-08-14 00:00:00,,
ORD-20261595,TikTok Shop,SKU-KSH-001,Minyak Angin Aromatheraphy 10ml,Kesehatan,512090,33658,15000,20483,CANCELLED,2026-01-21 00:00:00,,
ORD-20261596,TikTok Shop,SKU-ELC-002,Powerbank Fast Charging 10000mAh,Elektronik,162057,33725,0,6482,COMPLETED,2026-05-22 00:00:00,5,"Sangat puas belanja di toko ini, seller ramah dan responsif."
ORD-20261597,Shopee,SKU-ELC-001,Headset Bluetooth Wireless TWS,Elektronik,733687,20728,15000,29347,CANCELLED,2026-06-14 00:00:00,,
ORD-20261598,Shopee,SKU-ELC-001,Headset Bluetooth Wireless TWS,Elektronik,139433,33683,0,5577,COMPLETED,2026-08-28 00:00:00,3,"Biasa saja, pengiriman agak lama."
ORD-20261599,TikTok Shop,SKU-KSH-001,Minyak Angin Aromatheraphy 10ml,Kesehatan,120426,21440,10000,4817,CANCELLED,2026-08-03 00:00:00,,
ORD-20261600,TikTok Shop,SKU-ELC-002,Powerbank Fast Charging 10000mAh,Elektronik,300418,33115,5000,12016,RETURNED,2026-06-26 00:00:00,2,"Ukuran baju terlalu kecil dan jahitan tidak rapi, kecewa."
ORD-20261601,TikTok Shop,SKU-PRM-001,Wajan Anti Lengket Granite 24cm,Perlengkapan Rumah,635994,29238,25000,25439,CANCELLED,2026-07-28 00:00:00,,
ORD-20261602,Lazada,SKU-PRM-001,Wajan Anti Lengket Granite 24cm,Perlengkapan Rumah,330100,31680,0,13204,CANCELLED,2026-01-06 00:00:00,,
ORD-20261603,Shopee,SKU-ELC-001,Headset Bluetooth Wireless TWS,Elektronik,605783,28952,10000,24231,COMPLETED,2026-05-06 00:00:00,3,"Biasa saja, pengiriman agak lama."
ORD-20261604,Tokopedia,SKU-PRM-001,Wajan Anti Lengket Granite 24cm,Perlengkapan Rumah,57896,28894,5000,2315,CANCELLED,2026-03-16 00:00:00,,
ORD-20261605,TikTok Shop,SKU-PRM-001,Wajan Anti Lengket Granite 24cm,Perlengkapan Rumah,705309,11254,25000,28212,CANCELLED,2026-04-10 00:00:00,,
ORD-20261606,Shopee,SKU-ELC-002,Powerbank Fast Charging 10000mAh,Elektronik,624364,31684,25000,24974,COMPLETED,2026-09-04 00:00:00,3,"Biasa saja, pengiriman agak lama."
ORD-20261607,Lazada,SKU-ELC-002,Powerbank Fast Charging 10000mAh,Elektronik,111253,25948,10000,4450,RETURNED,2026-07-03 00:00:00,2,"Ukuran baju terlalu kecil dan jahitan tidak rapi, kecewa."
ORD-20261608,Shopee,SKU-KSH-001,Minyak Angin Aromatheraphy 10ml,Kesehatan,562728,34522,10000,22509,COMPLETED,2026-04-21 00:00:00,4,"Sangat puas belanja di toko ini, seller ramah dan responsif."
ORD-20261609,TikTok Shop,SKU-KCT-002,Sunscreen Gel SPF 50 PA++++,Kecantikan,337557,25236,10000,13502,COMPLETED,2026-05-15 00:00:00,3,"Biasa saja, pengiriman agak lama."
ORD-20261610,Shopee,SKU-KSH-001,Minyak Angin Aromatheraphy 10ml,Kesehatan,679509,29963,0,27180,RETURNED,2026-04-28 00:00:00,1,"Ukuran baju terlalu kecil dan jahitan tidak rapi, kecewa."
ORD-20261611,TikTok Shop,SKU-KCT-002,Sunscreen Gel SPF 50 PA++++,Kecantikan,622083,33882,10000,24883,CANCELLED,2026-09-06 00:00:00,,
ORD-20261612,Shopee,SKU-ELC-001,Headset Bluetooth Wireless TWS,Elektronik,484974,21976,25000,19398,COMPLETED,2026-04-20 00:00:00,4,"Barang original 100%, mantap recommended seller!"
ORD-20261613,Lazada,SKU-KCT-001,Serum Wajah Brightening Vitamin C,Kecantikan,231823,31393,25000,9272,COMPLETED,2026-07-10 00:00:00,5,"Sangat puas belanja di toko ini, seller ramah dan responsif."
ORD-20261614,TikTok Shop,SKU-ELC-001,Headset Bluetooth Wireless TWS,Elektronik,727972,28864,0,29118,COMPLETED,2026-05-17 00:00:00,3,"Biasa saja, pengiriman agak lama."
ORD-20261615,Lazada,SKU-ELC-002,Powerbank Fast Charging 10000mAh,Elektronik,157889,25843,25000,6315,RETURNED,2026-07-27 00:00:00,1,"Bahan tipis tidak sesuai deskripsi produk, ajukan retur."
ORD-20261616,Lazada,SKU-ELC-001,Headset Bluetooth Wireless TWS,Elektronik,497340,11354,10000,19893,CANCELLED,2026-05-17 00:00:00,,
ORD-20261617,TikTok Shop,SKU-ELC-002,Powerbank Fast Charging 10000mAh,Elektronik,109557,12321,10000,4382,RETURNED,2026-02-02 00:00:00,2,"Barang mati total saat diterima, respon garansi lambat!"
ORD-20261618,Tokopedia,SKU-KSH-001,Minyak Angin Aromatheraphy 10ml,Kesehatan,358110,22709,15000,14324,COMPLETED,2026-03-03 00:00:00,4,"Produk bagus banget, pengiriman cepat dan packing rapi!"
ORD-20261619,TikTok Shop,SKU-KSH-001,Minyak Angin Aromatheraphy 10ml,Kesehatan,506893,32134,0,20275,CANCELLED,2026-09-07 00:00:00,,
ORD-20261620,Lazada,SKU-ELC-001,Headset Bluetooth Wireless TWS,Elektronik,308723,34240,15000,12348,RETURNED,2026-01-16 00:00:00,1,"Pengiriman lama sekali, kemasan penyok dan barang agak lecet."
ORD-20261621,Tokopedia,SKU-KCT-001,Serum Wajah Brightening Vitamin C,Kecantikan,134198,26125,10000,5367,RETURNED,2026-04-21 00:00:00,1,"Pengiriman lama sekali, kemasan penyok dan barang agak lecet."
ORD-20261622,Tokopedia,SKU-KCT-001,Serum Wajah Brightening Vitamin C,Kecantikan,214050,32659,5000,8562,COMPLETED,2026-07-15 00:00:00,3,"Biasa saja, pengiriman agak lama."
ORD-20261623,Lazada,SKU-PRM-001,Wajan Anti Lengket Granite 24cm,Perlengkapan Rumah,265605,25951,10000,10624,COMPLETED,2026-07-01 00:00:00,3,"Biasa saja, pengiriman agak lama."
ORD-20261624,Tokopedia,SKU-PRM-001,Wajan Anti Lengket Granite 24cm,Perlengkapan Rumah,349316,17774,0,13972,RETURNED,2026-07-29 00:00:00,2,"Pengiriman lama sekali, kemasan penyok dan barang agak lecet."
ORD-20261625,TikTok Shop,SKU-ELC-002,Powerbank Fast Charging 10000mAh,Elektronik,426479,13098,10000,17059,COMPLETED,2026-04-24 00:00:00,5,"Sangat puas belanja di toko ini, seller ramah dan responsif."
ORD-20261626,Shopee,SKU-PRM-001,Wajan Anti Lengket Granite 24cm,Perlengkapan Rumah,491590,33215,0,19663,CANCELLED,2026-05-29 00:00:00,,
ORD-20261627,Tokopedia,SKU-PRM-001,Wajan Anti Lengket Granite 24cm,Perlengkapan Rumah,479881,16758,0,19195,COMPLETED,2026-08-19 00:00:00,4,"Barang original 100%, mantap recommended seller!"
ORD-20261628,Tokopedia,SKU-FSH-001,Kaos Polos Cotton Combed 30s,Fashion,202591,16570,15000,8103,RETURNED,2026-04-13 00:00:00,1,"Pengiriman lama sekali, kemasan penyok dan barang agak lecet."
ORD-20261629,Shopee,SKU-KCT-002,Sunscreen Gel SPF 50 PA++++,Kecantikan,631919,17911,0,25276,RETURNED,2026-02-11 00:00:00,2,"Bahan tipis tidak sesuai deskripsi produk, ajukan retur."
ORD-20261630,Shopee,SKU-PRM-001,Wajan Anti Lengket Granite 24cm,Perlengkapan Rumah,538247,33804,15000,21529,COMPLETED,2026-06-12 00:00:00,5,"Sangat puas belanja di toko ini, seller ramah dan responsif."
ORD-20261631,TikTok Shop,SKU-PRM-001,Wajan Anti Lengket Granite 24cm,Perlengkapan Rumah,264765,33368,5000,10590,COMPLETED,2026-02-08 00:00:00,3,"Biasa saja, pengiriman agak lama."
ORD-20261632,Tokopedia,SKU-KSH-001,Minyak Angin Aromatheraphy 10ml,Kesehatan,175105,20846,10000,7004,COMPLETED,2026-06-10 00:00:00,5,"Barang original 100%, mantap recommended seller!"
ORD-20261633,TikTok Shop,SKU-FSH-002,Kemeja Flanel Kotak Lengan Panjang,Fashion,670027,34276,25000,26801,COMPLETED,2026-09-03 00:00:00,4,"Kualitas ok sesuai harga, barang berfungsi dengan baik."
ORD-20261634,Shopee,SKU-FSH-001,Kaos Polos Cotton Combed 30s,Fashion,557174,34987,5000,22286,COMPLETED,2026-06-19 00:00:00,5,"Barang original 100%, mantap recommended seller!"
ORD-20261635,Tokopedia,SKU-FSH-002,Kemeja Flanel Kotak Lengan Panjang,Fashion,66556,19521,0,2662,COMPLETED,2026-04-13 00:00:00,5,"Kualitas ok sesuai harga, barang berfungsi dengan baik."
ORD-20261636,Tokopedia,SKU-KCT-001,Serum Wajah Brightening Vitamin C,Kecantikan,589473,27382,25000,23578,COMPLETED,2026-09-03 00:00:00,4,"Produk bagus banget, pengiriman cepat dan packing rapi!"
ORD-20261637,Tokopedia,SKU-FSH-002,Kemeja Flanel Kotak Lengan Panjang,Fashion,378153,22430,25000,15126,RETURNED,2026-06-08 00:00:00,1,"Ukuran baju terlalu kecil dan jahitan tidak rapi, kecewa."
ORD-20261638,TikTok Shop,SKU-KSH-001,Minyak Angin Aromatheraphy 10ml,Kesehatan,633997,28487,5000,25359,COMPLETED,2026-09-05 00:00:00,4,"Barang original 100%, mantap recommended seller!"
ORD-20261639,TikTok Shop,SKU-ELC-001,Headset Bluetooth Wireless TWS,Elektronik,156788,34216,10000,6271,RETURNED,2026-06-04 00:00:00,2,"Bahan tipis tidak sesuai deskripsi produk, ajukan retur."
ORD-20261640,Tokopedia,SKU-KCT-001,Serum Wajah Brightening Vitamin C,Kecantikan,415452,33248,10000,16618,COMPLETED,2026-07-22 00:00:00,5,"Sangat puas belanja di toko ini, seller ramah dan responsif."
ORD-20261641,TikTok Shop,SKU-PRM-001,Wajan Anti Lengket Granite 24cm,Perlengkapan Rumah,434107,24659,10000,17364,COMPLETED,2026-03-22 00:00:00,5,"Produk bagus banget, pengiriman cepat dan packing rapi!"
ORD-20261642,Shopee,SKU-ELC-001,Headset Bluetooth Wireless TWS,Elektronik,150406,28403,10000,6016,CANCELLED,2026-02-01 00:00:00,,
ORD-20261643,TikTok Shop,SKU-FSH-001,Kaos Polos Cotton Combed 30s,Fashion,681077,25958,5000,27243,COMPLETED,2026-07-17 00:00:00,5,"Produk bagus banget, pengiriman cepat dan packing rapi!"
ORD-20261644,TikTok Shop,SKU-KCT-001,Serum Wajah Brightening Vitamin C,Kecantikan,488785,11643,0,19551,COMPLETED,2026-07-19 00:00:00,5,"Sangat puas belanja di toko ini, seller ramah dan responsif."
ORD-20261645,TikTok Shop,SKU-ELC-001,Headset Bluetooth Wireless TWS,Elektronik,657640,12639,25000,26305,COMPLETED,2026-05-08 00:00:00,5,"Barang original 100%, mantap recommended seller!"
ORD-20261646,TikTok Shop,SKU-KCT-001,Serum Wajah Brightening Vitamin C,Kecantikan,423714,29384,10000,16948,CANCELLED,2026-06-21 00:00:00,,
ORD-20261647,Shopee,SKU-KSH-001,Minyak Angin Aromatheraphy 10ml,Kesehatan,324264,10812,0,12970,COMPLETED,2026-04-20 00:00:00,4,"Produk bagus banget, pengiriman cepat dan packing rapi!"
ORD-20261648,Tokopedia,SKU-PRM-001,Wajan Anti Lengket Granite 24cm,Perlengkapan Rumah,555800,22722,25000,22232,CANCELLED,2026-09-05 00:00:00,,
ORD-20261649,TikTok Shop,SKU-FSH-002,Kemeja Flanel Kotak Lengan Panjang,Fashion,190107,25263,25000,7604,COMPLETED,2026-01-11 00:00:00,4,"Sangat puas belanja di toko ini, seller ramah dan responsif."
ORD-20261650,Tokopedia,SKU-PRM-001,Wajan Anti Lengket Granite 24cm,Perlengkapan Rumah,708447,21008,25000,28337,COMPLETED,2026-01-06 00:00:00,3,"Biasa saja, pengiriman agak lama."
ORD-20261651,Shopee,SKU-FSH-002,Kemeja Flanel Kotak Lengan Panjang,Fashion,492445,17616,5000,19697,COMPLETED,2026-06-27 00:00:00,5,"Sangat puas belanja di toko ini, seller ramah dan responsif."
ORD-20261652,Shopee,SKU-KSH-001,Minyak Angin Aromatheraphy 10ml,Kesehatan,111792,28080,0,4471,RETURNED,2026-08-08 00:00:00,1,"Ukuran baju terlalu kecil dan jahitan tidak rapi, kecewa."
ORD-20261653,Tokopedia,SKU-ELC-002,Powerbank Fast Charging 10000mAh,Elektronik,606294,24879,25000,24251,COMPLETED,2026-07-18 00:00:00,5,"Sangat puas belanja di toko ini, seller ramah dan responsif."
ORD-20261654,TikTok Shop,SKU-ELC-002,Powerbank Fast Charging 10000mAh,Elektronik,724374,19542,0,28974,COMPLETED,2026-08-14 00:00:00,5,"Produk bagus banget, pengiriman cepat dan packing rapi!"
ORD-20261655,TikTok Shop,SKU-KCT-002,Sunscreen Gel SPF 50 PA++++,Kecantikan,502674,25909,15000,20106,RETURNED,2026-04-19 00:00:00,1,"Ukuran baju terlalu kecil dan jahitan tidak rapi, kecewa."
ORD-20261656,Lazada,SKU-ELC-002,Powerbank Fast Charging 10000mAh,Elektronik,344970,31660,5000,13798,RETURNED,2026-01-07 00:00:00,1,"Barang mati total saat diterima, respon garansi lambat!"
ORD-20261657,Tokopedia,SKU-FSH-002,Kemeja Flanel Kotak Lengan Panjang,Fashion,645604,30076,25000,25824,COMPLETED,2026-03-06 00:00:00,5,"Sangat puas belanja di toko ini, seller ramah dan responsif."
ORD-20261658,Lazada,SKU-FSH-001,Kaos Polos Cotton Combed 30s,Fashion,256154,20641,10000,10246,COMPLETED,2026-01-15 00:00:00,5,"Kualitas ok sesuai harga, barang berfungsi dengan baik."
ORD-20261659,Tokopedia,SKU-FSH-002,Kemeja Flanel Kotak Lengan Panjang,Fashion,447111,28045,25000,17884,RETURNED,2026-05-10 00:00:00,2,"Bahan tipis tidak sesuai deskripsi produk, ajukan retur."
ORD-20261660,Shopee,SKU-ELC-001,Headset Bluetooth Wireless TWS,Elektronik,452815,21982,15000,18112,COMPLETED,2026-04-17 00:00:00,5,"Barang original 100%, mantap recommended seller!"
ORD-20261661,TikTok Shop,SKU-ELC-001,Headset Bluetooth Wireless TWS,Elektronik,643677,28434,25000,25747,RETURNED,2026-01-28 00:00:00,1,"Pengiriman lama sekali, kemasan penyok dan barang agak lecet."
ORD-20261662,Tokopedia,SKU-FSH-001,Kaos Polos Cotton Combed 30s,Fashion,749848,15057,0,29993,COMPLETED,2026-04-02 00:00:00,4,"Sangat puas belanja di toko ini, seller ramah dan responsif."
ORD-20261663,Lazada,SKU-FSH-001,Kaos Polos Cotton Combed 30s,Fashion,450035,19591,15000,18001,CANCELLED,2026-03-13 00:00:00,,
ORD-20261664,Lazada,SKU-FSH-001,Kaos Polos Cotton Combed 30s,Fashion,548808,10699,10000,21952,COMPLETED,2026-04-30 00:00:00,5,"Kualitas ok sesuai harga, barang berfungsi dengan baik."
ORD-20261665,Lazada,SKU-ELC-002,Powerbank Fast Charging 10000mAh,Elektronik,562674,12205,0,22506,RETURNED,2026-02-04 00:00:00,1,"Ukuran baju terlalu kecil dan jahitan tidak rapi, kecewa."
ORD-20261666,Lazada,SKU-ELC-001,Headset Bluetooth Wireless TWS,Elektronik,451337,24626,15000,18053,CANCELLED,2026-07-16 00:00:00,,
ORD-20261667,Lazada,SKU-FSH-001,Kaos Polos Cotton Combed 30s,Fashion,310638,30806,25000,12425,CANCELLED,2026-07-14 00:00:00,,
ORD-20261668,Tokopedia,SKU-KCT-001,Serum Wajah Brightening Vitamin C,Kecantikan,622700,26984,0,24908,COMPLETED,2026-02-24 00:00:00,3,"Biasa saja, pengiriman agak lama."
ORD-20261669,TikTok Shop,SKU-KCT-001,Serum Wajah Brightening Vitamin C,Kecantikan,609486,26989,10000,24379,CANCELLED,2026-02-23 00:00:00,,
ORD-20261670,TikTok Shop,SKU-FSH-001,Kaos Polos Cotton Combed 30s,Fashion,118349,10736,0,4733,CANCELLED,2026-04-23 00:00:00,,
ORD-20261671,Lazada,SKU-FSH-002,Kemeja Flanel Kotak Lengan Panjang,Fashion,603462,28398,15000,24138,RETURNED,2026-04-24 00:00:00,2,"Ukuran baju terlalu kecil dan jahitan tidak rapi, kecewa."
ORD-20261672,Lazada,SKU-FSH-001,Kaos Polos Cotton Combed 30s,Fashion,482913,19411,15000,19316,COMPLETED,2026-01-16 00:00:00,5,"Barang original 100%, mantap recommended seller!"
ORD-20261673,Tokopedia,SKU-ELC-002,Powerbank Fast Charging 10000mAh,Elektronik,475053,12325,25000,19002,COMPLETED,2026-08-11 00:00:00,5,"Barang original 100%, mantap recommended seller!"
ORD-20261674,TikTok Shop,SKU-ELC-002,Powerbank Fast Charging 10000mAh,Elektronik,748781,32110,10000,29951,COMPLETED,2026-05-05 00:00:00,5,"Kualitas ok sesuai harga, barang berfungsi dengan baik."
ORD-20261675,Lazada,SKU-KSH-001,Minyak Angin Aromatheraphy 10ml,Kesehatan,88106,20321,10000,3524,COMPLETED,2026-08-12 00:00:00,3,"Biasa saja, pengiriman agak lama."
ORD-20261676,Shopee,SKU-KCT-001,Serum Wajah Brightening Vitamin C,Kecantikan,161308,15481,15000,6452,COMPLETED,2026-06-05 00:00:00,5,"Kualitas ok sesuai harga, barang berfungsi dengan baik."
ORD-20261677,TikTok Shop,SKU-KSH-001,Minyak Angin Aromatheraphy 10ml,Kesehatan,290875,24777,25000,11635,COMPLETED,2026-06-01 00:00:00,4,"Produk bagus banget, pengiriman cepat dan packing rapi!"
ORD-20261678,Tokopedia,SKU-PRM-001,Wajan Anti Lengket Granite 24cm,Perlengkapan Rumah,619762,24990,0,24790,RETURNED,2026-05-01 00:00:00,2,"Pengiriman lama sekali, kemasan penyok dan barang agak lecet."
ORD-20261679,Lazada,SKU-ELC-001,Headset Bluetooth Wireless TWS,Elektronik,505865,21708,5000,20234,COMPLETED,2026-07-20 00:00:00,5,"Sangat puas belanja di toko ini, seller ramah dan responsif."
ORD-20261680,TikTok Shop,SKU-ELC-002,Powerbank Fast Charging 10000mAh,Elektronik,396240,15220,25000,15849,RETURNED,2026-06-24 00:00:00,2,"Bahan tipis tidak sesuai deskripsi produk, ajukan retur."
ORD-20261681,Tokopedia,SKU-FSH-002,Kemeja Flanel Kotak Lengan Panjang,Fashion,536697,13639,5000,21467,COMPLETED,2026-07-05 00:00:00,5,"Sangat puas belanja di toko ini, seller ramah dan responsif."
ORD-20261682,Shopee,SKU-KCT-002,Sunscreen Gel SPF 50 PA++++,Kecantikan,351402,18609,5000,14056,COMPLETED,2026-05-31 00:00:00,5,"Kualitas ok sesuai harga, barang berfungsi dengan baik."
ORD-20261683,Shopee,SKU-PRM-001,Wajan Anti Lengket Granite 24cm,Perlengkapan Rumah,82276,25535,15000,3291,CANCELLED,2026-07-10 00:00:00,,
ORD-20261684,TikTok Shop,SKU-FSH-002,Kemeja Flanel Kotak Lengan Panjang,Fashion,428391,29242,0,17135,COMPLETED,2026-04-05 00:00:00,3,"Biasa saja, pengiriman agak lama."
ORD-20261685,TikTok Shop,SKU-FSH-002,Kemeja Flanel Kotak Lengan Panjang,Fashion,102428,31525,25000,4097,COMPLETED,2026-09-06 00:00:00,5,"Kualitas ok sesuai harga, barang berfungsi dengan baik."
ORD-20261686,Tokopedia,SKU-KCT-001,Serum Wajah Brightening Vitamin C,Kecantikan,497770,32888,5000,19910,RETURNED,2026-04-12 00:00:00,2,"Pengiriman lama sekali, kemasan penyok dan barang agak lecet."
ORD-20261687,Lazada,SKU-PRM-001,Wajan Anti Lengket Granite 24cm,Perlengkapan Rumah,656702,24977,15000,26268,COMPLETED,2026-05-24 00:00:00,4,"Produk bagus banget, pengiriman cepat dan packing rapi!"
ORD-20261688,TikTok Shop,SKU-KCT-001,Serum Wajah Brightening Vitamin C,Kecantikan,747638,32079,15000,29905,COMPLETED,2026-01-09 00:00:00,5,"Produk bagus banget, pengiriman cepat dan packing rapi!"
ORD-20261689,Shopee,SKU-KCT-001,Serum Wajah Brightening Vitamin C,Kecantikan,648997,13457,25000,25959,COMPLETED,2026-08-03 00:00:00,3,"Biasa saja, pengiriman agak lama."
ORD-20261690,Tokopedia,SKU-PRM-001,Wajan Anti Lengket Granite 24cm,Perlengkapan Rumah,86452,19754,15000,3458,COMPLETED,2026-06-15 00:00:00,5,"Produk bagus banget, pengiriman cepat dan packing rapi!"
ORD-20261691,Tokopedia,SKU-PRM-001,Wajan Anti Lengket Granite 24cm,Perlengkapan Rumah,469036,15799,10000,18761,COMPLETED,2026-05-06 00:00:00,5,"Kualitas ok sesuai harga, barang berfungsi dengan baik."
ORD-20261692,TikTok Shop,SKU-KCT-001,Serum Wajah Brightening Vitamin C,Kecantikan,97297,24588,25000,3891,RETURNED,2026-06-04 00:00:00,2,"Pengiriman lama sekali, kemasan penyok dan barang agak lecet."
ORD-20261693,TikTok Shop,SKU-KCT-002,Sunscreen Gel SPF 50 PA++++,Kecantikan,50372,31021,0,2014,COMPLETED,2026-05-04 00:00:00,4,"Sangat puas belanja di toko ini, seller ramah dan responsif."
ORD-20261694,TikTok Shop,SKU-PRM-001,Wajan Anti Lengket Granite 24cm,Perlengkapan Rumah,711926,29808,10000,28477,RETURNED,2026-04-05 00:00:00,2,"Ukuran baju terlalu kecil dan jahitan tidak rapi, kecewa."
ORD-20261695,Shopee,SKU-FSH-001,Kaos Polos Cotton Combed 30s,Fashion,668745,25016,0,26749,COMPLETED,2026-08-21 00:00:00,4,"Barang original 100%, mantap recommended seller!"
ORD-20261696,Shopee,SKU-ELC-002,Powerbank Fast Charging 10000mAh,Elektronik,442587,29969,25000,17703,COMPLETED,2026-07-16 00:00:00,5,"Sangat puas belanja di toko ini, seller ramah dan responsif."
ORD-20261697,Shopee,SKU-FSH-001,Kaos Polos Cotton Combed 30s,Fashion,307939,31458,0,12317,CANCELLED,2026-09-05 00:00:00,,
ORD-20261698,Shopee,SKU-KCT-001,Serum Wajah Brightening Vitamin C,Kecantikan,596660,13525,5000,23866,COMPLETED,2026-05-24 00:00:00,4,"Produk bagus banget, pengiriman cepat dan packing rapi!"
ORD-20261699,Shopee,SKU-KCT-002,Sunscreen Gel SPF 50 PA++++,Kecantikan,607911,33404,0,24316,CANCELLED,2026-08-17 00:00:00,,
ORD-20261700,Shopee,SKU-ELC-001,Headset Bluetooth Wireless TWS,Elektronik,747957,26667,10000,29918,COMPLETED,2026-07-05 00:00:00,3,"Biasa saja, pengiriman agak lama."
ORD-20261701,Lazada,SKU-FSH-002,Kemeja Flanel Kotak Lengan Panjang,Fashion,251084,29187,15000,10043,COMPLETED,2026-01-21 00:00:00,3,"Biasa saja, pengiriman agak lama."
ORD-20261702,Lazada,SKU-KSH-001,Minyak Angin Aromatheraphy 10ml,Kesehatan,134535,10493,5000,5381,COMPLETED,2026-01-19 00:00:00,3,"Biasa saja, pengiriman agak lama."
ORD-20261703,TikTok Shop,SKU-FSH-002,Kemeja Flanel Kotak Lengan Panjang,Fashion,189275,12170,15000,7571,COMPLETED,2026-03-25 00:00:00,4,"Barang original 100%, mantap recommended seller!"
ORD-20261704,TikTok Shop,SKU-KCT-001,Serum Wajah Brightening Vitamin C,Kecantikan,416314,34898,25000,16652,COMPLETED,2026-04-03 00:00:00,4,"Kualitas ok sesuai harga, barang berfungsi dengan baik."
ORD-20261705,Shopee,SKU-ELC-001,Headset Bluetooth Wireless TWS,Elektronik,186014,23316,5000,7440,COMPLETED,2026-06-25 00:00:00,3,"Biasa saja, pengiriman agak lama."
ORD-20261706,TikTok Shop,SKU-ELC-002,Powerbank Fast Charging 10000mAh,Elektronik,642409,30587,15000,25696,CANCELLED,2026-08-04 00:00:00,,
ORD-20261707,Tokopedia,SKU-KCT-002,Sunscreen Gel SPF 50 PA++++,Kecantikan,80558,33194,0,3222,CANCELLED,2026-02-13 00:00:00,,
ORD-20261708,Shopee,SKU-ELC-002,Powerbank Fast Charging 10000mAh,Elektronik,565636,31954,5000,22625,COMPLETED,2026-07-12 00:00:00,5,"Kualitas ok sesuai harga, barang berfungsi dengan baik."
ORD-20261709,Tokopedia,SKU-ELC-002,Powerbank Fast Charging 10000mAh,Elektronik,233562,20507,10000,9342,COMPLETED,2026-03-26 00:00:00,4,"Produk bagus banget, pengiriman cepat dan packing rapi!"
ORD-20261710,Lazada,SKU-KCT-001,Serum Wajah Brightening Vitamin C,Kecantikan,281513,14258,5000,11260,CANCELLED,2026-05-05 00:00:00,,
ORD-20261711,Lazada,SKU-KCT-002,Sunscreen Gel SPF 50 PA++++,Kecantikan,153466,31015,15000,6138,COMPLETED,2026-05-31 00:00:00,5,"Produk bagus banget, pengiriman cepat dan packing rapi!"
ORD-20261712,Tokopedia,SKU-KCT-002,Sunscreen Gel SPF 50 PA++++,Kecantikan,325919,15576,0,13036,COMPLETED,2026-03-05 00:00:00,3,"Biasa saja, pengiriman agak lama."
ORD-20261713,Lazada,SKU-FSH-001,Kaos Polos Cotton Combed 30s,Fashion,641648,32615,10000,25665,COMPLETED,2026-02-06 00:00:00,5,"Sangat puas belanja di toko ini, seller ramah dan responsif."
ORD-20261714,Shopee,SKU-KSH-001,Minyak Angin Aromatheraphy 10ml,Kesehatan,744285,13155,0,29771,COMPLETED,2026-01-11 00:00:00,5,"Produk bagus banget, pengiriman cepat dan packing rapi!"
ORD-20261715,Shopee,SKU-ELC-001,Headset Bluetooth Wireless TWS,Elektronik,330824,16757,15000,13232,RETURNED,2026-07-20 00:00:00,2,"Pengiriman lama sekali, kemasan penyok dan barang agak lecet."
ORD-20261716,Shopee,SKU-ELC-001,Headset Bluetooth Wireless TWS,Elektronik,691831,25153,25000,27673,COMPLETED,2026-06-18 00:00:00,3,"Biasa saja, pengiriman agak lama."
ORD-20261717,Tokopedia,SKU-PRM-001,Wajan Anti Lengket Granite 24cm,Perlengkapan Rumah,657865,30536,5000,26314,CANCELLED,2026-01-04 00:00:00,,
ORD-20261718,Tokopedia,SKU-FSH-002,Kemeja Flanel Kotak Lengan Panjang,Fashion,419056,29782,10000,16762,COMPLETED,2026-05-14 00:00:00,5,"Produk bagus banget, pengiriman cepat dan packing rapi!"
ORD-20261719,Lazada,SKU-KSH-001,Minyak Angin Aromatheraphy 10ml,Kesehatan,294508,19934,10000,11780,COMPLETED,2026-05-31 00:00:00,3,"Biasa saja, pengiriman agak lama."
ORD-20261720,Tokopedia,SKU-FSH-002,Kemeja Flanel Kotak Lengan Panjang,Fashion,39686,20288,10000,1587,COMPLETED,2026-05-12 00:00:00,5,"Kualitas ok sesuai harga, barang berfungsi dengan baik."
ORD-20261721,Shopee,SKU-FSH-002,Kemeja Flanel Kotak Lengan Panjang,Fashion,523778,28606,15000,20951,COMPLETED,2026-07-18 00:00:00,5,"Kualitas ok sesuai harga, barang berfungsi dengan baik."
ORD-20261722,TikTok Shop,SKU-KCT-002,Sunscreen Gel SPF 50 PA++++,Kecantikan,219305,16897,15000,8772,COMPLETED,2026-08-29 00:00:00,5,"Produk bagus banget, pengiriman cepat dan packing rapi!"
ORD-20261723,Tokopedia,SKU-ELC-001,Headset Bluetooth Wireless TWS,Elektronik,232315,30620,25000,9292,COMPLETED,2026-02-24 00:00:00,3,"Biasa saja, pengiriman agak lama."
ORD-20261724,Lazada,SKU-KCT-002,Sunscreen Gel SPF 50 PA++++,Kecantikan,746409,12825,5000,29856,COMPLETED,2026-05-22 00:00:00,5,"Produk bagus banget, pengiriman cepat dan packing rapi!"
ORD-20261725,Tokopedia,SKU-ELC-002,Powerbank Fast Charging 10000mAh,Elektronik,281928,26880,15000,11277,COMPLETED,2026-02-22 00:00:00,5,"Kualitas ok sesuai harga, barang berfungsi dengan baik."
ORD-20261726,Lazada,SKU-KSH-001,Minyak Angin Aromatheraphy 10ml,Kesehatan,485874,29110,5000,19434,COMPLETED,2026-06-29 00:00:00,5,"Kualitas ok sesuai harga, barang berfungsi dengan baik."
ORD-20261727,TikTok Shop,SKU-ELC-001,Headset Bluetooth Wireless TWS,Elektronik,579764,17790,10000,23190,CANCELLED,2026-07-20 00:00:00,,
ORD-20261728,Shopee,SKU-ELC-001,Headset Bluetooth Wireless TWS,Elektronik,151208,24158,15000,6048,RETURNED,2026-08-14 00:00:00,1,"Pengiriman lama sekali, kemasan penyok dan barang agak lecet."
ORD-20261729,TikTok Shop,SKU-KCT-002,Sunscreen Gel SPF 50 PA++++,Kecantikan,157852,11598,10000,6314,COMPLETED,2026-05-22 00:00:00,3,"Biasa saja, pengiriman agak lama."
ORD-20261730,Lazada,SKU-KCT-002,Sunscreen Gel SPF 50 PA++++,Kecantikan,589912,17176,0,23596,COMPLETED,2026-03-09 00:00:00,5,"Sangat puas belanja di toko ini, seller ramah dan responsif."
ORD-20261731,TikTok Shop,SKU-KCT-001,Serum Wajah Brightening Vitamin C,Kecantikan,69567,13571,25000,2782,COMPLETED,2026-01-30 00:00:00,5,"Barang original 100%, mantap recommended seller!"
ORD-20261732,Shopee,SKU-KCT-001,Serum Wajah Brightening Vitamin C,Kecantikan,200274,21314,0,8010,COMPLETED,2026-01-14 00:00:00,3,"Biasa saja, pengiriman agak lama."
ORD-20261733,Tokopedia,SKU-PRM-001,Wajan Anti Lengket Granite 24cm,Perlengkapan Rumah,747446,18998,0,29897,COMPLETED,2026-05-03 00:00:00,4,"Produk bagus banget, pengiriman cepat dan packing rapi!"
ORD-20261734,Shopee,SKU-KSH-001,Minyak Angin Aromatheraphy 10ml,Kesehatan,736059,22465,5000,29442,COMPLETED,2026-02-06 00:00:00,5,"Kualitas ok sesuai harga, barang berfungsi dengan baik."
ORD-20261735,Shopee,SKU-KSH-001,Minyak Angin Aromatheraphy 10ml,Kesehatan,492653,10850,0,19706,CANCELLED,2026-06-12 00:00:00,,
ORD-20261736,TikTok Shop,SKU-KCT-002,Sunscreen Gel SPF 50 PA++++,Kecantikan,284677,12273,0,11387,COMPLETED,2026-01-20 00:00:00,5,"Barang original 100%, mantap recommended seller!"
ORD-20261737,Lazada,SKU-KCT-001,Serum Wajah Brightening Vitamin C,Kecantikan,189611,30186,10000,7584,COMPLETED,2026-05-02 00:00:00,5,"Kualitas ok sesuai harga, barang berfungsi dengan baik."
ORD-20261738,Tokopedia,SKU-FSH-001,Kaos Polos Cotton Combed 30s,Fashion,169085,30657,0,6763,COMPLETED,2026-07-08 00:00:00,5,"Barang original 100%, mantap recommended seller!"
ORD-20261739,Shopee,SKU-PRM-001,Wajan Anti Lengket Granite 24cm,Perlengkapan Rumah,216999,26727,5000,8679,COMPLETED,2026-07-01 00:00:00,3,"Biasa saja, pengiriman agak lama."
ORD-20261740,Shopee,SKU-KSH-001,Minyak Angin Aromatheraphy 10ml,Kesehatan,674286,15335,10000,26971,CANCELLED,2026-02-05 00:00:00,,
ORD-20261741,Tokopedia,SKU-KCT-002,Sunscreen Gel SPF 50 PA++++,Kecantikan,740818,32955,25000,29632,RETURNED,2026-06-27 00:00:00,1,"Pengiriman lama sekali, kemasan penyok dan barang agak lecet."
ORD-20261742,Lazada,SKU-FSH-002,Kemeja Flanel Kotak Lengan Panjang,Fashion,81012,17041,0,3240,COMPLETED,2026-05-10 00:00:00,4,"Produk bagus banget, pengiriman cepat dan packing rapi!"
ORD-20261743,Lazada,SKU-FSH-002,Kemeja Flanel Kotak Lengan Panjang,Fashion,245152,10146,5000,9806,COMPLETED,2026-02-20 00:00:00,5,"Kualitas ok sesuai harga, barang berfungsi dengan baik."
ORD-20261744,Lazada,SKU-KCT-002,Sunscreen Gel SPF 50 PA++++,Kecantikan,540145,10238,25000,21605,COMPLETED,2026-04-04 00:00:00,5,"Produk bagus banget, pengiriman cepat dan packing rapi!"
ORD-20261745,Lazada,SKU-FSH-002,Kemeja Flanel Kotak Lengan Panjang,Fashion,377172,32338,10000,15086,RETURNED,2026-07-19 00:00:00,1,"Pengiriman lama sekali, kemasan penyok dan barang agak lecet."
ORD-20261746,TikTok Shop,SKU-FSH-001,Kaos Polos Cotton Combed 30s,Fashion,312014,17657,5000,12480,CANCELLED,2026-03-05 00:00:00,,
ORD-20261747,TikTok Shop,SKU-KSH-001,Minyak Angin Aromatheraphy 10ml,Kesehatan,648959,21236,5000,25958,RETURNED,2026-08-08 00:00:00,1,"Barang mati total saat diterima, respon garansi lambat!"
ORD-20261748,Tokopedia,SKU-FSH-002,Kemeja Flanel Kotak Lengan Panjang,Fashion,299943,18777,25000,11997,RETURNED,2026-04-28 00:00:00,1,"Ukuran baju terlalu kecil dan jahitan tidak rapi, kecewa."
ORD-20261749,Tokopedia,SKU-PRM-001,Wajan Anti Lengket Granite 24cm,Perlengkapan Rumah,423719,34590,10000,16948,COMPLETED,2026-05-21 00:00:00,3,"Biasa saja, pengiriman agak lama."
ORD-20261750,Tokopedia,SKU-KCT-002,Sunscreen Gel SPF 50 PA++++,Kecantikan,75079,14458,15000,3003,COMPLETED,2026-01-06 00:00:00,5,"Kualitas ok sesuai harga, barang berfungsi dengan baik."
ORD-20261751,TikTok Shop,SKU-KCT-002,Sunscreen Gel SPF 50 PA++++,Kecantikan,616232,15884,10000,24649,RETURNED,2026-05-02 00:00:00,2,"Barang mati total saat diterima, respon garansi lambat!"
ORD-20261752,Shopee,SKU-FSH-002,Kemeja Flanel Kotak Lengan Panjang,Fashion,646333,11073,0,25853,COMPLETED,2026-01-19 00:00:00,5,"Sangat puas belanja di toko ini, seller ramah dan responsif."
ORD-20261753,Tokopedia,SKU-FSH-002,Kemeja Flanel Kotak Lengan Panjang,Fashion,41206,16253,0,1648,COMPLETED,2026-08-13 00:00:00,3,"Biasa saja, pengiriman agak lama."
ORD-20261754,Tokopedia,SKU-ELC-002,Powerbank Fast Charging 10000mAh,Elektronik,576652,34325,5000,23066,COMPLETED,2026-05-10 00:00:00,5,"Produk bagus banget, pengiriman cepat dan packing rapi!"
ORD-20261755,Tokopedia,SKU-PRM-001,Wajan Anti Lengket Granite 24cm,Perlengkapan Rumah,676251,11255,10000,27050,COMPLETED,2026-03-16 00:00:00,5,"Produk bagus banget, pengiriman cepat dan packing rapi!"
ORD-20261756,Shopee,SKU-KCT-002,Sunscreen Gel SPF 50 PA++++,Kecantikan,248366,13887,25000,9934,COMPLETED,2026-02-16 00:00:00,3,"Biasa saja, pengiriman agak lama."
ORD-20261757,Shopee,SKU-KSH-001,Minyak Angin Aromatheraphy 10ml,Kesehatan,371615,27880,5000,14864,COMPLETED,2026-07-06 00:00:00,3,"Biasa saja, pengiriman agak lama."
ORD-20261758,Lazada,SKU-KCT-001,Serum Wajah Brightening Vitamin C,Kecantikan,413926,10119,0,16557,COMPLETED,2026-05-02 00:00:00,4,"Barang original 100%, mantap recommended seller!"
ORD-20261759,Tokopedia,SKU-FSH-001,Kaos Polos Cotton Combed 30s,Fashion,48039,19112,0,1921,COMPLETED,2026-05-10 00:00:00,5,"Produk bagus banget, pengiriman cepat dan packing rapi!"
ORD-20261760,Shopee,SKU-ELC-002,Powerbank Fast Charging 10000mAh,Elektronik,41186,18596,10000,1647,COMPLETED,2026-01-13 00:00:00,5,"Barang original 100%, mantap recommended seller!"
ORD-20261761,Shopee,SKU-FSH-001,Kaos Polos Cotton Combed 30s,Fashion,420536,19477,15000,16821,CANCELLED,2026-02-10 00:00:00,,
ORD-20261762,Tokopedia,SKU-PRM-001,Wajan Anti Lengket Granite 24cm,Perlengkapan Rumah,449017,29605,5000,17960,CANCELLED,2026-03-14 00:00:00,,
ORD-20261763,Tokopedia,SKU-ELC-001,Headset Bluetooth Wireless TWS,Elektronik,119000,22114,10000,4760,COMPLETED,2026-04-08 00:00:00,3,"Biasa saja, pengiriman agak lama."
ORD-20261764,Tokopedia,SKU-PRM-001,Wajan Anti Lengket Granite 24cm,Perlengkapan Rumah,85878,20166,15000,3435,RETURNED,2026-06-03 00:00:00,2,"Bahan tipis tidak sesuai deskripsi produk, ajukan retur."
ORD-20261765,TikTok Shop,SKU-KSH-001,Minyak Angin Aromatheraphy 10ml,Kesehatan,721166,28474,5000,28846,CANCELLED,2026-06-01 00:00:00,,
ORD-20261766,Shopee,SKU-PRM-001,Wajan Anti Lengket Granite 24cm,Perlengkapan Rumah,69905,28423,25000,2796,COMPLETED,2026-06-22 00:00:00,4,"Sangat puas belanja di toko ini, seller ramah dan responsif."
ORD-20261767,Tokopedia,SKU-KSH-001,Minyak Angin Aromatheraphy 10ml,Kesehatan,717726,26709,10000,28709,COMPLETED,2026-04-24 00:00:00,5,"Kualitas ok sesuai harga, barang berfungsi dengan baik."
ORD-20261768,TikTok Shop,SKU-KCT-002,Sunscreen Gel SPF 50 PA++++,Kecantikan,528599,12874,25000,21143,COMPLETED,2026-04-22 00:00:00,5,"Kualitas ok sesuai harga, barang berfungsi dengan baik."
ORD-20261769,Shopee,SKU-FSH-001,Kaos Polos Cotton Combed 30s,Fashion,197269,13866,5000,7890,COMPLETED,2026-06-26 00:00:00,4,"Produk bagus banget, pengiriman cepat dan packing rapi!"
ORD-20261770,TikTok Shop,SKU-KCT-001,Serum Wajah Brightening Vitamin C,Kecantikan,49060,20382,10000,1962,COMPLETED,2026-02-21 00:00:00,4,"Kualitas ok sesuai harga, barang berfungsi dengan baik."
ORD-20261771,Shopee,SKU-KSH-001,Minyak Angin Aromatheraphy 10ml,Kesehatan,262528,32662,5000,10501,RETURNED,2026-06-20 00:00:00,2,"Bahan tipis tidak sesuai deskripsi produk, ajukan retur."
ORD-20261772,Tokopedia,SKU-FSH-002,Kemeja Flanel Kotak Lengan Panjang,Fashion,643523,21876,10000,25740,COMPLETED,2026-07-02 00:00:00,5,"Kualitas ok sesuai harga, barang berfungsi dengan baik."
ORD-20261773,TikTok Shop,SKU-KCT-001,Serum Wajah Brightening Vitamin C,Kecantikan,493064,12611,15000,19722,COMPLETED,2026-06-14 00:00:00,5,"Sangat puas belanja di toko ini, seller ramah dan responsif."
ORD-20261774,Lazada,SKU-FSH-001,Kaos Polos Cotton Combed 30s,Fashion,719252,34270,0,28770,COMPLETED,2026-01-22 00:00:00,5,"Sangat puas belanja di toko ini, seller ramah dan responsif."
ORD-20261775,Shopee,SKU-FSH-002,Kemeja Flanel Kotak Lengan Panjang,Fashion,545149,10824,0,21805,COMPLETED,2026-07-06 00:00:00,5,"Barang original 100%, mantap recommended seller!"
ORD-20261776,Lazada,SKU-PRM-001,Wajan Anti Lengket Granite 24cm,Perlengkapan Rumah,645123,18809,25000,25804,COMPLETED,2026-04-25 00:00:00,4,"Sangat puas belanja di toko ini, seller ramah dan responsif."
ORD-20261777,Lazada,SKU-KCT-001,Serum Wajah Brightening Vitamin C,Kecantikan,587251,24416,0,23490,COMPLETED,2026-03-15 00:00:00,5,"Barang original 100%, mantap recommended seller!"
ORD-20261778,Shopee,SKU-ELC-001,Headset Bluetooth Wireless TWS,Elektronik,336795,34739,5000,13471,RETURNED,2026-02-04 00:00:00,2,"Bahan tipis tidak sesuai deskripsi produk, ajukan retur."
ORD-20261779,Tokopedia,SKU-ELC-001,Headset Bluetooth Wireless TWS,Elektronik,337230,12856,0,13489,RETURNED,2026-01-29 00:00:00,2,"Pengiriman lama sekali, kemasan penyok dan barang agak lecet."
ORD-20261780,Shopee,SKU-KSH-001,Minyak Angin Aromatheraphy 10ml,Kesehatan,604074,30485,25000,24162,COMPLETED,2026-03-24 00:00:00,5,"Kualitas ok sesuai harga, barang berfungsi dengan baik."
ORD-20261781,Shopee,SKU-ELC-002,Powerbank Fast Charging 10000mAh,Elektronik,423617,10872,0,16944,COMPLETED,2026-08-28 00:00:00,3,"Biasa saja, pengiriman agak lama."
ORD-20261782,Lazada,SKU-KCT-002,Sunscreen Gel SPF 50 PA++++,Kecantikan,438236,27871,5000,17529,COMPLETED,2026-04-30 00:00:00,5,"Sangat puas belanja di toko ini, seller ramah dan responsif."
ORD-20261783,Lazada,SKU-KCT-001,Serum Wajah Brightening Vitamin C,Kecantikan,608769,34677,5000,24350,COMPLETED,2026-05-22 00:00:00,3,"Biasa saja, pengiriman agak lama."
ORD-20261784,Tokopedia,SKU-KCT-002,Sunscreen Gel SPF 50 PA++++,Kecantikan,574252,25880,15000,22970,CANCELLED,2026-06-06 00:00:00,,
ORD-20261785,Tokopedia,SKU-FSH-001,Kaos Polos Cotton Combed 30s,Fashion,377918,19505,0,15116,RETURNED,2026-08-28 00:00:00,2,"Bahan tipis tidak sesuai deskripsi produk, ajukan retur."
ORD-20261786,Lazada,SKU-KCT-002,Sunscreen Gel SPF 50 PA++++,Kecantikan,188650,24256,15000,7546,COMPLETED,2026-07-12 00:00:00,5,"Sangat puas belanja di toko ini, seller ramah dan responsif."
ORD-20261787,Shopee,SKU-ELC-002,Powerbank Fast Charging 10000mAh,Elektronik,540300,18701,0,21612,COMPLETED,2026-03-12 00:00:00,5,"Produk bagus banget, pengiriman cepat dan packing rapi!"
ORD-20261788,Tokopedia,SKU-ELC-002,Powerbank Fast Charging 10000mAh,Elektronik,391368,10636,5000,15654,COMPLETED,2026-08-12 00:00:00,5,"Sangat puas belanja di toko ini, seller ramah dan responsif."
ORD-20261789,Lazada,SKU-ELC-001,Headset Bluetooth Wireless TWS,Elektronik,468813,27071,0,18752,RETURNED,2026-01-06 00:00:00,2,"Ukuran baju terlalu kecil dan jahitan tidak rapi, kecewa."
ORD-20261790,Lazada,SKU-KCT-001,Serum Wajah Brightening Vitamin C,Kecantikan,212584,31966,15000,8503,COMPLETED,2026-08-25 00:00:00,3,"Biasa saja, pengiriman agak lama."
ORD-20261791,Lazada,SKU-ELC-001,Headset Bluetooth Wireless TWS,Elektronik,463357,30209,0,18534,COMPLETED,2026-05-23 00:00:00,5,"Barang original 100%, mantap recommended seller!"
ORD-20261792,Tokopedia,SKU-ELC-002,Powerbank Fast Charging 10000mAh,Elektronik,735781,28703,0,29431,COMPLETED,2026-01-18 00:00:00,5,"Kualitas ok sesuai harga, barang berfungsi dengan baik."
ORD-20261793,Tokopedia,SKU-ELC-002,Powerbank Fast Charging 10000mAh,Elektronik,309165,15304,5000,12366,COMPLETED,2026-08-28 00:00:00,5,"Produk bagus banget, pengiriman cepat dan packing rapi!"
ORD-20261794,Shopee,SKU-ELC-002,Powerbank Fast Charging 10000mAh,Elektronik,742491,12893,5000,29699,COMPLETED,2026-06-11 00:00:00,5,"Sangat puas belanja di toko ini, seller ramah dan responsif."
ORD-20261795,Lazada,SKU-KSH-001,Minyak Angin Aromatheraphy 10ml,Kesehatan,709749,10711,10000,28389,COMPLETED,2026-04-28 00:00:00,3,"Biasa saja, pengiriman agak lama."
ORD-20261796,Shopee,SKU-KCT-002,Sunscreen Gel SPF 50 PA++++,Kecantikan,207367,17185,5000,8294,RETURNED,2026-02-27 00:00:00,2,"Pengiriman lama sekali, kemasan penyok dan barang agak lecet."
ORD-20261797,Tokopedia,SKU-FSH-002,Kemeja Flanel Kotak Lengan Panjang,Fashion,583542,14250,0,23341,COMPLETED,2026-04-29 00:00:00,4,"Produk bagus banget, pengiriman cepat dan packing rapi!"
ORD-20261798,Shopee,SKU-FSH-001,Kaos Polos Cotton Combed 30s,Fashion,369131,11485,15000,14765,RETURNED,2026-07-20 00:00:00,1,"Ukuran baju terlalu kecil dan jahitan tidak rapi, kecewa."
ORD-20261799,Shopee,SKU-KSH-001,Minyak Angin Aromatheraphy 10ml,Kesehatan,233377,16734,0,9335,COMPLETED,2026-06-21 00:00:00,5,"Produk bagus banget, pengiriman cepat dan packing rapi!"
ORD-20261800,Lazada,SKU-ELC-002,Powerbank Fast Charging 10000mAh,Elektronik,544457,16239,5000,21778,COMPLETED,2026-07-09 00:00:00,5,"Sangat puas belanja di toko ini, seller ramah dan responsif."
ORD-20261801,Lazada,SKU-FSH-002,Kemeja Flanel Kotak Lengan Panjang,Fashion,277366,24727,25000,11094,CANCELLED,2026-02-26 00:00:00,,
ORD-20261802,Tokopedia,SKU-ELC-001,Headset Bluetooth Wireless TWS,Elektronik,224725,12071,15000,8989,COMPLETED,2026-05-30 00:00:00,5,"Kualitas ok sesuai harga, barang berfungsi dengan baik."
ORD-20261803,Lazada,SKU-FSH-001,Kaos Polos Cotton Combed 30s,Fashion,336912,28606,0,13476,COMPLETED,2026-08-22 00:00:00,5,"Sangat puas belanja di toko ini, seller ramah dan responsif."
ORD-20261804,Lazada,SKU-ELC-001,Headset Bluetooth Wireless TWS,Elektronik,604156,22344,10000,24166,COMPLETED,2026-07-02 00:00:00,5,"Barang original 100%, mantap recommended seller!"
ORD-20261805,Tokopedia,SKU-PRM-001,Wajan Anti Lengket Granite 24cm,Perlengkapan Rumah,171869,19358,5000,6874,RETURNED,2026-06-25 00:00:00,1,"Ukuran baju terlalu kecil dan jahitan tidak rapi, kecewa."
ORD-20261806,Lazada,SKU-PRM-001,Wajan Anti Lengket Granite 24cm,Perlengkapan Rumah,564884,10494,0,22595,RETURNED,2026-08-20 00:00:00,1,"Barang mati total saat diterima, respon garansi lambat!"
ORD-20261807,TikTok Shop,SKU-PRM-001,Wajan Anti Lengket Granite 24cm,Perlengkapan Rumah,171703,10212,10000,6868,COMPLETED,2026-08-03 00:00:00,5,"Kualitas ok sesuai harga, barang berfungsi dengan baik."
ORD-20261808,Tokopedia,SKU-ELC-002,Powerbank Fast Charging 10000mAh,Elektronik,610497,16176,0,24419,COMPLETED,2026-06-23 00:00:00,5,"Sangat puas belanja di toko ini, seller ramah dan responsif."
ORD-20261809,TikTok Shop,SKU-KCT-001,Serum Wajah Brightening Vitamin C,Kecantikan,524021,14872,25000,20960,COMPLETED,2026-05-20 00:00:00,3,"Biasa saja, pengiriman agak lama."
ORD-20261810,Shopee,SKU-FSH-002,Kemeja Flanel Kotak Lengan Panjang,Fashion,527537,11056,15000,21101,COMPLETED,2026-03-18 00:00:00,3,"Biasa saja, pengiriman agak lama."
ORD-20261811,Lazada,SKU-ELC-001,Headset Bluetooth Wireless TWS,Elektronik,148065,18089,5000,5922,CANCELLED,2026-08-13 00:00:00,,
ORD-20261812,Tokopedia,SKU-PRM-001,Wajan Anti Lengket Granite 24cm,Perlengkapan Rumah,491901,34389,5000,19676,COMPLETED,2026-04-23 00:00:00,5,"Barang original 100%, mantap recommended seller!"
ORD-20261813,Lazada,SKU-ELC-002,Powerbank Fast Charging 10000mAh,Elektronik,541112,34911,15000,21644,CANCELLED,2026-02-21 00:00:00,,
ORD-20261814,Shopee,SKU-PRM-001,Wajan Anti Lengket Granite 24cm,Perlengkapan Rumah,574750,18590,15000,22990,RETURNED,2026-08-22 00:00:00,1,"Pengiriman lama sekali, kemasan penyok dan barang agak lecet."
ORD-20261815,Tokopedia,SKU-ELC-002,Powerbank Fast Charging 10000mAh,Elektronik,116432,10985,25000,4657,COMPLETED,2026-03-28 00:00:00,5,"Produk bagus banget, pengiriman cepat dan packing rapi!"
ORD-20261816,Lazada,SKU-KCT-002,Sunscreen Gel SPF 50 PA++++,Kecantikan,394983,28218,25000,15799,CANCELLED,2026-08-29 00:00:00,,
ORD-20261817,Lazada,SKU-KCT-001,Serum Wajah Brightening Vitamin C,Kecantikan,523410,13449,0,20936,COMPLETED,2026-04-24 00:00:00,3,"Biasa saja, pengiriman agak lama."
ORD-20261818,TikTok Shop,SKU-FSH-001,Kaos Polos Cotton Combed 30s,Fashion,603630,12430,15000,24145,COMPLETED,2026-01-08 00:00:00,4,"Sangat puas belanja di toko ini, seller ramah dan responsif."
ORD-20261819,Tokopedia,SKU-FSH-001,Kaos Polos Cotton Combed 30s,Fashion,710154,27118,25000,28406,CANCELLED,2026-03-15 00:00:00,,
ORD-20261820,TikTok Shop,SKU-ELC-002,Powerbank Fast Charging 10000mAh,Elektronik,128248,17773,0,5129,CANCELLED,2026-02-07 00:00:00,,
ORD-20261821,Shopee,SKU-FSH-001,Kaos Polos Cotton Combed 30s,Fashion,154822,34534,0,6192,COMPLETED,2026-05-03 00:00:00,3,"Biasa saja, pengiriman agak lama."
ORD-20261822,Lazada,SKU-ELC-002,Powerbank Fast Charging 10000mAh,Elektronik,627651,33126,5000,25106,COMPLETED,2026-03-31 00:00:00,5,"Produk bagus banget, pengiriman cepat dan packing rapi!"
ORD-20261823,Shopee,SKU-KCT-002,Sunscreen Gel SPF 50 PA++++,Kecantikan,560184,34253,10000,22407,COMPLETED,2026-03-03 00:00:00,5,"Barang original 100%, mantap recommended seller!"
ORD-20261824,TikTok Shop,SKU-KCT-001,Serum Wajah Brightening Vitamin C,Kecantikan,297047,16165,0,11881,RETURNED,2026-07-25 00:00:00,1,"Ukuran baju terlalu kecil dan jahitan tidak rapi, kecewa."
ORD-20261825,TikTok Shop,SKU-KSH-001,Minyak Angin Aromatheraphy 10ml,Kesehatan,346820,11636,5000,13872,CANCELLED,2026-02-26 00:00:00,,
ORD-20261826,TikTok Shop,SKU-KCT-001,Serum Wajah Brightening Vitamin C,Kecantikan,228120,25782,5000,9124,COMPLETED,2026-07-20 00:00:00,5,"Kualitas ok sesuai harga, barang berfungsi dengan baik."
ORD-20261827,Tokopedia,SKU-KSH-001,Minyak Angin Aromatheraphy 10ml,Kesehatan,600264,29625,15000,24010,COMPLETED,2026-06-03 00:00:00,5,"Produk bagus banget, pengiriman cepat dan packing rapi!"
ORD-20261828,Shopee,SKU-FSH-002,Kemeja Flanel Kotak Lengan Panjang,Fashion,627590,20577,15000,25103,COMPLETED,2026-01-03 00:00:00,5,"Kualitas ok sesuai harga, barang berfungsi dengan baik."
ORD-20261829,Shopee,SKU-FSH-001,Kaos Polos Cotton Combed 30s,Fashion,76373,15026,25000,3054,COMPLETED,2026-07-20 00:00:00,5,"Sangat puas belanja di toko ini, seller ramah dan responsif."
ORD-20261830,Tokopedia,SKU-ELC-001,Headset Bluetooth Wireless TWS,Elektronik,521033,20816,10000,20841,COMPLETED,2026-08-28 00:00:00,4,"Produk bagus banget, pengiriman cepat dan packing rapi!"
ORD-20261831,TikTok Shop,SKU-KCT-001,Serum Wajah Brightening Vitamin C,Kecantikan,611052,31091,15000,24442,COMPLETED,2026-03-11 00:00:00,3,"Biasa saja, pengiriman agak lama."
ORD-20261832,Tokopedia,SKU-ELC-002,Powerbank Fast Charging 10000mAh,Elektronik,635092,11101,0,25403,COMPLETED,2026-07-01 00:00:00,5,"Barang original 100%, mantap recommended seller!"
ORD-20261833,Shopee,SKU-PRM-001,Wajan Anti Lengket Granite 24cm,Perlengkapan Rumah,41574,14859,10000,1662,COMPLETED,2026-05-28 00:00:00,5,"Barang original 100%, mantap recommended seller!"
ORD-20261834,Tokopedia,SKU-KSH-001,Minyak Angin Aromatheraphy 10ml,Kesehatan,222813,27707,5000,8912,RETURNED,2026-01-16 00:00:00,1,"Pengiriman lama sekali, kemasan penyok dan barang agak lecet."
ORD-20261835,Tokopedia,SKU-FSH-002,Kemeja Flanel Kotak Lengan Panjang,Fashion,272803,28073,25000,10912,COMPLETED,2026-01-24 00:00:00,5,"Barang original 100%, mantap recommended seller!"
ORD-20261836,Shopee,SKU-KSH-001,Minyak Angin Aromatheraphy 10ml,Kesehatan,229293,21557,15000,9171,COMPLETED,2026-04-24 00:00:00,5,"Sangat puas belanja di toko ini, seller ramah dan responsif."
ORD-20261837,TikTok Shop,SKU-ELC-002,Powerbank Fast Charging 10000mAh,Elektronik,358017,33519,15000,14320,COMPLETED,2026-05-30 00:00:00,5,"Barang original 100%, mantap recommended seller!"
ORD-20261838,TikTok Shop,SKU-KCT-001,Serum Wajah Brightening Vitamin C,Kecantikan,254596,34717,15000,10183,COMPLETED,2026-03-28 00:00:00,3,"Biasa saja, pengiriman agak lama."
ORD-20261839,Tokopedia,SKU-ELC-002,Powerbank Fast Charging 10000mAh,Elektronik,658002,30392,25000,26320,COMPLETED,2026-05-31 00:00:00,5,"Kualitas ok sesuai harga, barang berfungsi dengan baik."
ORD-20261840,Tokopedia,SKU-ELC-001,Headset Bluetooth Wireless TWS,Elektronik,537546,20619,15000,21501,COMPLETED,2026-06-07 00:00:00,4,"Barang original 100%, mantap recommended seller!"
ORD-20261841,Shopee,SKU-ELC-001,Headset Bluetooth Wireless TWS,Elektronik,70825,12021,0,2833,COMPLETED,2026-01-25 00:00:00,5,"Produk bagus banget, pengiriman cepat dan packing rapi!"
ORD-20261842,Tokopedia,SKU-ELC-002,Powerbank Fast Charging 10000mAh,Elektronik,603424,29595,25000,24136,COMPLETED,2026-02-04 00:00:00,5,"Produk bagus banget, pengiriman cepat dan packing rapi!"
ORD-20261843,TikTok Shop,SKU-KCT-002,Sunscreen Gel SPF 50 PA++++,Kecantikan,692048,10743,15000,27681,CANCELLED,2026-08-11 00:00:00,,
ORD-20261844,Tokopedia,SKU-FSH-001,Kaos Polos Cotton Combed 30s,Fashion,746565,17798,10000,29862,COMPLETED,2026-02-18 00:00:00,5,"Produk bagus banget, pengiriman cepat dan packing rapi!"
ORD-20261845,Tokopedia,SKU-KCT-001,Serum Wajah Brightening Vitamin C,Kecantikan,463473,15703,0,18538,CANCELLED,2026-07-10 00:00:00,,
ORD-20261846,Tokopedia,SKU-ELC-002,Powerbank Fast Charging 10000mAh,Elektronik,143804,10265,15000,5752,COMPLETED,2026-03-12 00:00:00,5,"Sangat puas belanja di toko ini, seller ramah dan responsif."
ORD-20261847,TikTok Shop,SKU-KCT-002,Sunscreen Gel SPF 50 PA++++,Kecantikan,350784,18956,10000,14031,COMPLETED,2026-04-13 00:00:00,4,"Produk bagus banget, pengiriman cepat dan packing rapi!"
ORD-20261848,Tokopedia,SKU-PRM-001,Wajan Anti Lengket Granite 24cm,Perlengkapan Rumah,743909,22228,15000,29756,COMPLETED,2026-08-26 00:00:00,5,"Kualitas ok sesuai harga, barang berfungsi dengan baik."
ORD-20261849,TikTok Shop,SKU-KCT-001,Serum Wajah Brightening Vitamin C,Kecantikan,526606,30495,15000,21064,CANCELLED,2026-03-19 00:00:00,,
ORD-20261850,Lazada,SKU-PRM-001,Wajan Anti Lengket Granite 24cm,Perlengkapan Rumah,613409,30950,15000,24536,COMPLETED,2026-08-08 00:00:00,4,"Produk bagus banget, pengiriman cepat dan packing rapi!"
ORD-20261851,Tokopedia,SKU-PRM-001,Wajan Anti Lengket Granite 24cm,Perlengkapan Rumah,271327,27628,5000,10853,COMPLETED,2026-06-10 00:00:00,4,"Sangat puas belanja di toko ini, seller ramah dan responsif."
ORD-20261852,Tokopedia,SKU-KSH-001,Minyak Angin Aromatheraphy 10ml,Kesehatan,257847,15368,25000,10313,COMPLETED,2026-08-30 00:00:00,5,"Kualitas ok sesuai harga, barang berfungsi dengan baik."
ORD-20261853,Lazada,SKU-FSH-001,Kaos Polos Cotton Combed 30s,Fashion,97902,25078,0,3916,RETURNED,2026-06-27 00:00:00,1,"Barang mati total saat diterima, respon garansi lambat!"
ORD-20261854,Shopee,SKU-FSH-001,Kaos Polos Cotton Combed 30s,Fashion,544881,25735,5000,21795,COMPLETED,2026-03-06 00:00:00,5,"Barang original 100%, mantap recommended seller!"
ORD-20261855,Tokopedia,SKU-ELC-002,Powerbank Fast Charging 10000mAh,Elektronik,51816,10083,15000,2072,COMPLETED,2026-05-15 00:00:00,3,"Biasa saja, pengiriman agak lama."
ORD-20261856,Lazada,SKU-KCT-001,Serum Wajah Brightening Vitamin C,Kecantikan,614349,25589,10000,24573,COMPLETED,2026-03-08 00:00:00,4,"Produk bagus banget, pengiriman cepat dan packing rapi!"
ORD-20261857,TikTok Shop,SKU-FSH-002,Kemeja Flanel Kotak Lengan Panjang,Fashion,460624,30202,15000,18424,COMPLETED,2026-01-09 00:00:00,4,"Produk bagus banget, pengiriman cepat dan packing rapi!"
ORD-20261858,Tokopedia,SKU-FSH-001,Kaos Polos Cotton Combed 30s,Fashion,144584,27659,15000,5783,COMPLETED,2026-05-12 00:00:00,5,"Kualitas ok sesuai harga, barang berfungsi dengan baik."
ORD-20261859,Shopee,SKU-ELC-001,Headset Bluetooth Wireless TWS,Elektronik,236660,32569,0,9466,RETURNED,2026-04-28 00:00:00,2,"Ukuran baju terlalu kecil dan jahitan tidak rapi, kecewa."
ORD-20261860,Tokopedia,SKU-FSH-002,Kemeja Flanel Kotak Lengan Panjang,Fashion,625584,11411,0,25023,RETURNED,2026-03-08 00:00:00,1,"Barang mati total saat diterima, respon garansi lambat!"
ORD-20261861,Tokopedia,SKU-KSH-001,Minyak Angin Aromatheraphy 10ml,Kesehatan,687834,28411,0,27513,COMPLETED,2026-02-17 00:00:00,5,"Kualitas ok sesuai harga, barang berfungsi dengan baik."
ORD-20261862,TikTok Shop,SKU-KCT-001,Serum Wajah Brightening Vitamin C,Kecantikan,707415,34845,0,28296,COMPLETED,2026-04-14 00:00:00,4,"Barang original 100%, mantap recommended seller!"
ORD-20261863,TikTok Shop,SKU-KCT-002,Sunscreen Gel SPF 50 PA++++,Kecantikan,689990,16975,0,27599,CANCELLED,2026-08-04 00:00:00,,
ORD-20261864,TikTok Shop,SKU-KCT-002,Sunscreen Gel SPF 50 PA++++,Kecantikan,537600,32657,0,21504,COMPLETED,2026-05-17 00:00:00,3,"Biasa saja, pengiriman agak lama."
ORD-20261865,Shopee,SKU-FSH-001,Kaos Polos Cotton Combed 30s,Fashion,49520,34192,0,1980,COMPLETED,2026-02-03 00:00:00,5,"Sangat puas belanja di toko ini, seller ramah dan responsif."
ORD-20261866,TikTok Shop,SKU-ELC-002,Powerbank Fast Charging 10000mAh,Elektronik,392052,26854,10000,15682,CANCELLED,2026-05-08 00:00:00,,
ORD-20261867,Shopee,SKU-ELC-002,Powerbank Fast Charging 10000mAh,Elektronik,523826,19820,5000,20953,COMPLETED,2026-07-12 00:00:00,4,"Kualitas ok sesuai harga, barang berfungsi dengan baik."
ORD-20261868,TikTok Shop,SKU-FSH-002,Kemeja Flanel Kotak Lengan Panjang,Fashion,311026,22997,10000,12441,RETURNED,2026-08-06 00:00:00,1,"Barang mati total saat diterima, respon garansi lambat!"
ORD-20261869,Shopee,SKU-PRM-001,Wajan Anti Lengket Granite 24cm,Perlengkapan Rumah,727257,22270,10000,29090,COMPLETED,2026-02-17 00:00:00,5,"Kualitas ok sesuai harga, barang berfungsi dengan baik."
ORD-20261870,Tokopedia,SKU-KCT-001,Serum Wajah Brightening Vitamin C,Kecantikan,269820,29014,25000,10792,COMPLETED,2026-06-30 00:00:00,5,"Barang original 100%, mantap recommended seller!"
ORD-20261871,Tokopedia,SKU-ELC-002,Powerbank Fast Charging 10000mAh,Elektronik,218768,23878,0,8750,COMPLETED,2026-02-24 00:00:00,5,"Sangat puas belanja di toko ini, seller ramah dan responsif."
ORD-20261872,Lazada,SKU-KSH-001,Minyak Angin Aromatheraphy 10ml,Kesehatan,77629,10266,5000,3105,COMPLETED,2026-08-19 00:00:00,5,"Produk bagus banget, pengiriman cepat dan packing rapi!"
ORD-20261873,Lazada,SKU-KSH-001,Minyak Angin Aromatheraphy 10ml,Kesehatan,631958,27873,10000,25278,COMPLETED,2026-06-21 00:00:00,3,"Biasa saja, pengiriman agak lama."
ORD-20261874,Tokopedia,SKU-ELC-002,Powerbank Fast Charging 10000mAh,Elektronik,399468,23631,5000,15978,COMPLETED,2026-02-25 00:00:00,5,"Sangat puas belanja di toko ini, seller ramah dan responsif."
ORD-20261875,Lazada,SKU-FSH-001,Kaos Polos Cotton Combed 30s,Fashion,534944,14996,15000,21397,COMPLETED,2026-03-02 00:00:00,5,"Kualitas ok sesuai harga, barang berfungsi dengan baik."
ORD-20261876,Tokopedia,SKU-FSH-002,Kemeja Flanel Kotak Lengan Panjang,Fashion,427511,29339,0,17100,COMPLETED,2026-01-18 00:00:00,4,"Sangat puas belanja di toko ini, seller ramah dan responsif."
ORD-20261877,Lazada,SKU-ELC-002,Powerbank Fast Charging 10000mAh,Elektronik,742072,22039,0,29682,COMPLETED,2026-04-03 00:00:00,5,"Barang original 100%, mantap recommended seller!"
ORD-20261878,Tokopedia,SKU-PRM-001,Wajan Anti Lengket Granite 24cm,Perlengkapan Rumah,330882,25731,0,13235,COMPLETED,2026-01-26 00:00:00,5,"Produk bagus banget, pengiriman cepat dan packing rapi!"
ORD-20261879,Shopee,SKU-ELC-001,Headset Bluetooth Wireless TWS,Elektronik,531612,15863,15000,21264,CANCELLED,2026-03-01 00:00:00,,
ORD-20261880,Tokopedia,SKU-ELC-001,Headset Bluetooth Wireless TWS,Elektronik,473727,13294,15000,18949,RETURNED,2026-07-19 00:00:00,1,"Bahan tipis tidak sesuai deskripsi produk, ajukan retur."
ORD-20261881,Shopee,SKU-KCT-002,Sunscreen Gel SPF 50 PA++++,Kecantikan,509045,34839,0,20361,CANCELLED,2026-01-18 00:00:00,,
ORD-20261882,Lazada,SKU-ELC-002,Powerbank Fast Charging 10000mAh,Elektronik,349286,16707,25000,13971,RETURNED,2026-08-17 00:00:00,1,"Bahan tipis tidak sesuai deskripsi produk, ajukan retur."
ORD-20261883,Lazada,SKU-FSH-002,Kemeja Flanel Kotak Lengan Panjang,Fashion,56699,33424,25000,2267,COMPLETED,2026-03-19 00:00:00,3,"Biasa saja, pengiriman agak lama."
ORD-20261884,TikTok Shop,SKU-FSH-001,Kaos Polos Cotton Combed 30s,Fashion,575368,16943,25000,23014,CANCELLED,2026-08-10 00:00:00,,
ORD-20261885,Lazada,SKU-KCT-002,Sunscreen Gel SPF 50 PA++++,Kecantikan,125199,26243,25000,5007,CANCELLED,2026-08-16 00:00:00,,
ORD-20261886,Shopee,SKU-PRM-001,Wajan Anti Lengket Granite 24cm,Perlengkapan Rumah,564921,13131,5000,22596,COMPLETED,2026-08-28 00:00:00,4,"Produk bagus banget, pengiriman cepat dan packing rapi!"
ORD-20261887,Shopee,SKU-FSH-001,Kaos Polos Cotton Combed 30s,Fashion,541352,20012,5000,21654,COMPLETED,2026-04-17 00:00:00,4,"Produk bagus banget, pengiriman cepat dan packing rapi!"
ORD-20261888,Lazada,SKU-KCT-001,Serum Wajah Brightening Vitamin C,Kecantikan,238137,12175,5000,9525,CANCELLED,2026-06-18 00:00:00,,
ORD-20261889,Shopee,SKU-KSH-001,Minyak Angin Aromatheraphy 10ml,Kesehatan,464443,29233,15000,18577,CANCELLED,2026-02-09 00:00:00,,
ORD-20261890,Tokopedia,SKU-KCT-002,Sunscreen Gel SPF 50 PA++++,Kecantikan,523570,16920,15000,20942,COMPLETED,2026-04-23 00:00:00,5,"Produk bagus banget, pengiriman cepat dan packing rapi!"
ORD-20261891,TikTok Shop,SKU-KSH-001,Minyak Angin Aromatheraphy 10ml,Kesehatan,404256,26789,15000,16170,COMPLETED,2026-01-17 00:00:00,5,"Barang original 100%, mantap recommended seller!"
ORD-20261892,TikTok Shop,SKU-FSH-001,Kaos Polos Cotton Combed 30s,Fashion,385858,18717,0,15434,COMPLETED,2026-03-18 00:00:00,5,"Kualitas ok sesuai harga, barang berfungsi dengan baik."
ORD-20261893,TikTok Shop,SKU-ELC-002,Powerbank Fast Charging 10000mAh,Elektronik,217033,34300,10000,8681,CANCELLED,2026-05-18 00:00:00,,
ORD-20261894,Lazada,SKU-ELC-001,Headset Bluetooth Wireless TWS,Elektronik,576604,11742,25000,23064,COMPLETED,2026-03-26 00:00:00,4,"Barang original 100%, mantap recommended seller!"
ORD-20261895,Shopee,SKU-PRM-001,Wajan Anti Lengket Granite 24cm,Perlengkapan Rumah,267765,28997,5000,10710,RETURNED,2026-07-24 00:00:00,1,"Bahan tipis tidak sesuai deskripsi produk, ajukan retur."
ORD-20261896,TikTok Shop,SKU-ELC-001,Headset Bluetooth Wireless TWS,Elektronik,478216,33508,25000,19128,COMPLETED,2026-03-21 00:00:00,3,"Biasa saja, pengiriman agak lama."
ORD-20261897,TikTok Shop,SKU-KSH-001,Minyak Angin Aromatheraphy 10ml,Kesehatan,124064,24346,10000,4962,COMPLETED,2026-05-11 00:00:00,5,"Produk bagus banget, pengiriman cepat dan packing rapi!"
ORD-20261898,Tokopedia,SKU-FSH-001,Kaos Polos Cotton Combed 30s,Fashion,369000,12687,15000,14760,COMPLETED,2026-02-17 00:00:00,3,"Biasa saja, pengiriman agak lama."
ORD-20261899,Lazada,SKU-ELC-002,Powerbank Fast Charging 10000mAh,Elektronik,364129,34729,5000,14565,COMPLETED,2026-06-01 00:00:00,5,"Produk bagus banget, pengiriman cepat dan packing rapi!"
ORD-20261900,Lazada,SKU-FSH-002,Kemeja Flanel Kotak Lengan Panjang,Fashion,413255,32306,10000,16530,COMPLETED,2026-08-20 00:00:00,5,"Kualitas ok sesuai harga, barang berfungsi dengan baik."
ORD-20261901,TikTok Shop,SKU-KCT-001,Serum Wajah Brightening Vitamin C,Kecantikan,276948,20136,0,11077,RETURNED,2026-01-28 00:00:00,2,"Ukuran baju terlalu kecil dan jahitan tidak rapi, kecewa."
ORD-20261902,Shopee,SKU-FSH-001,Kaos Polos Cotton Combed 30s,Fashion,499030,14789,5000,19961,COMPLETED,2026-05-05 00:00:00,5,"Produk bagus banget, pengiriman cepat dan packing rapi!"
ORD-20261903,Tokopedia,SKU-ELC-001,Headset Bluetooth Wireless TWS,Elektronik,718930,15072,0,28757,COMPLETED,2026-08-24 00:00:00,5,"Sangat puas belanja di toko ini, seller ramah dan responsif."
ORD-20261904,Shopee,SKU-FSH-002,Kemeja Flanel Kotak Lengan Panjang,Fashion,168216,16710,10000,6728,COMPLETED,2026-07-17 00:00:00,5,"Barang original 100%, mantap recommended seller!"
ORD-20261905,Tokopedia,SKU-KSH-001,Minyak Angin Aromatheraphy 10ml,Kesehatan,396029,27846,5000,15841,COMPLETED,2026-09-03 00:00:00,3,"Biasa saja, pengiriman agak lama."
ORD-20261906,Shopee,SKU-ELC-001,Headset Bluetooth Wireless TWS,Elektronik,620098,13696,25000,24803,COMPLETED,2026-08-14 00:00:00,5,"Kualitas ok sesuai harga, barang berfungsi dengan baik."
ORD-20261907,Shopee,SKU-PRM-001,Wajan Anti Lengket Granite 24cm,Perlengkapan Rumah,607191,26073,25000,24287,COMPLETED,2026-04-27 00:00:00,4,"Kualitas ok sesuai harga, barang berfungsi dengan baik."
ORD-20261908,Tokopedia,SKU-FSH-001,Kaos Polos Cotton Combed 30s,Fashion,582540,27430,0,23301,COMPLETED,2026-07-04 00:00:00,5,"Barang original 100%, mantap recommended seller!"
ORD-20261909,Tokopedia,SKU-ELC-002,Powerbank Fast Charging 10000mAh,Elektronik,545014,34388,25000,21800,COMPLETED,2026-06-15 00:00:00,5,"Sangat puas belanja di toko ini, seller ramah dan responsif."
ORD-20261910,Shopee,SKU-FSH-002,Kemeja Flanel Kotak Lengan Panjang,Fashion,569866,12736,10000,22794,COMPLETED,2026-07-13 00:00:00,4,"Sangat puas belanja di toko ini, seller ramah dan responsif."
ORD-20261911,TikTok Shop,SKU-PRM-001,Wajan Anti Lengket Granite 24cm,Perlengkapan Rumah,171407,28555,5000,6856,CANCELLED,2026-08-17 00:00:00,,
ORD-20261912,Shopee,SKU-KCT-002,Sunscreen Gel SPF 50 PA++++,Kecantikan,96320,16698,5000,3852,COMPLETED,2026-03-13 00:00:00,5,"Sangat puas belanja di toko ini, seller ramah dan responsif."
ORD-20261913,Shopee,SKU-KCT-001,Serum Wajah Brightening Vitamin C,Kecantikan,290353,23005,25000,11614,CANCELLED,2026-02-12 00:00:00,,
ORD-20261914,Tokopedia,SKU-ELC-001,Headset Bluetooth Wireless TWS,Elektronik,212938,30394,15000,8517,COMPLETED,2026-08-06 00:00:00,5,"Barang original 100%, mantap recommended seller!"
ORD-20261915,TikTok Shop,SKU-PRM-001,Wajan Anti Lengket Granite 24cm,Perlengkapan Rumah,509673,25768,10000,20386,COMPLETED,2026-04-18 00:00:00,3,"Biasa saja, pengiriman agak lama."
ORD-20261916,Lazada,SKU-ELC-002,Powerbank Fast Charging 10000mAh,Elektronik,173284,30013,5000,6931,COMPLETED,2026-08-20 00:00:00,5,"Produk bagus banget, pengiriman cepat dan packing rapi!"
ORD-20261917,TikTok Shop,SKU-KCT-002,Sunscreen Gel SPF 50 PA++++,Kecantikan,657373,11701,5000,26294,RETURNED,2026-05-04 00:00:00,1,"Bahan tipis tidak sesuai deskripsi produk, ajukan retur."
ORD-20261918,Shopee,SKU-FSH-002,Kemeja Flanel Kotak Lengan Panjang,Fashion,35909,32810,25000,1436,COMPLETED,2026-08-21 00:00:00,3,"Biasa saja, pengiriman agak lama."
ORD-20261919,Shopee,SKU-KCT-002,Sunscreen Gel SPF 50 PA++++,Kecantikan,258772,17869,10000,10350,COMPLETED,2026-08-07 00:00:00,5,"Produk bagus banget, pengiriman cepat dan packing rapi!"
ORD-20261920,Tokopedia,SKU-KCT-002,Sunscreen Gel SPF 50 PA++++,Kecantikan,601945,11027,25000,24077,COMPLETED,2026-01-02 00:00:00,3,"Biasa saja, pengiriman agak lama."
ORD-20261921,Tokopedia,SKU-PRM-001,Wajan Anti Lengket Granite 24cm,Perlengkapan Rumah,577119,11952,5000,23084,CANCELLED,2026-05-20 00:00:00,,
ORD-20261922,TikTok Shop,SKU-FSH-002,Kemeja Flanel Kotak Lengan Panjang,Fashion,338882,12023,25000,13555,COMPLETED,2026-02-09 00:00:00,5,"Barang original 100%, mantap recommended seller!"
ORD-20261923,Tokopedia,SKU-KSH-001,Minyak Angin Aromatheraphy 10ml,Kesehatan,697301,24931,10000,27892,COMPLETED,2026-04-14 00:00:00,5,"Sangat puas belanja di toko ini, seller ramah dan responsif."
ORD-20261924,Tokopedia,SKU-ELC-001,Headset Bluetooth Wireless TWS,Elektronik,712832,19856,15000,28513,COMPLETED,2026-08-13 00:00:00,3,"Biasa saja, pengiriman agak lama."
ORD-20261925,Shopee,SKU-KSH-001,Minyak Angin Aromatheraphy 10ml,Kesehatan,558599,14560,15000,22343,RETURNED,2026-06-17 00:00:00,2,"Ukuran baju terlalu kecil dan jahitan tidak rapi, kecewa."
ORD-20261926,Lazada,SKU-ELC-002,Powerbank Fast Charging 10000mAh,Elektronik,392306,19244,10000,15692,COMPLETED,2026-08-14 00:00:00,3,"Biasa saja, pengiriman agak lama."
ORD-20261927,Shopee,SKU-PRM-001,Wajan Anti Lengket Granite 24cm,Perlengkapan Rumah,304567,18930,5000,12182,COMPLETED,2026-07-09 00:00:00,4,"Produk bagus banget, pengiriman cepat dan packing rapi!"
ORD-20261928,Lazada,SKU-KCT-002,Sunscreen Gel SPF 50 PA++++,Kecantikan,304660,21927,10000,12186,COMPLETED,2026-03-14 00:00:00,5,"Produk bagus banget, pengiriman cepat dan packing rapi!"
ORD-20261929,Lazada,SKU-KSH-001,Minyak Angin Aromatheraphy 10ml,Kesehatan,439414,33879,10000,17576,COMPLETED,2026-02-08 00:00:00,3,"Biasa saja, pengiriman agak lama."
ORD-20261930,Tokopedia,SKU-FSH-002,Kemeja Flanel Kotak Lengan Panjang,Fashion,279795,32393,5000,11191,COMPLETED,2026-02-13 00:00:00,5,"Kualitas ok sesuai harga, barang berfungsi dengan baik."
ORD-20261931,TikTok Shop,SKU-PRM-001,Wajan Anti Lengket Granite 24cm,Perlengkapan Rumah,298153,20264,15000,11926,CANCELLED,2026-04-11 00:00:00,,
ORD-20261932,Shopee,SKU-KSH-001,Minyak Angin Aromatheraphy 10ml,Kesehatan,88123,33442,25000,3524,COMPLETED,2026-07-26 00:00:00,3,"Biasa saja, pengiriman agak lama."
ORD-20261933,TikTok Shop,SKU-KCT-002,Sunscreen Gel SPF 50 PA++++,Kecantikan,405671,19342,15000,16226,COMPLETED,2026-08-06 00:00:00,5,"Barang original 100%, mantap recommended seller!"
ORD-20261934,Tokopedia,SKU-FSH-002,Kemeja Flanel Kotak Lengan Panjang,Fashion,628872,19797,25000,25154,COMPLETED,2026-04-03 00:00:00,4,"Barang original 100%, mantap recommended seller!"
ORD-20261935,Lazada,SKU-KSH-001,Minyak Angin Aromatheraphy 10ml,Kesehatan,573897,17111,5000,22955,COMPLETED,2026-02-05 00:00:00,3,"Biasa saja, pengiriman agak lama."
ORD-20261936,TikTok Shop,SKU-FSH-002,Kemeja Flanel Kotak Lengan Panjang,Fashion,543349,16745,5000,21733,RETURNED,2026-04-17 00:00:00,2,"Ukuran baju terlalu kecil dan jahitan tidak rapi, kecewa."
ORD-20261937,TikTok Shop,SKU-KSH-001,Minyak Angin Aromatheraphy 10ml,Kesehatan,202195,29011,25000,8087,COMPLETED,2026-07-22 00:00:00,5,"Barang original 100%, mantap recommended seller!"
ORD-20261938,TikTok Shop,SKU-KSH-001,Minyak Angin Aromatheraphy 10ml,Kesehatan,523253,19934,5000,20930,CANCELLED,2026-06-28 00:00:00,,
ORD-20261939,Lazada,SKU-KCT-001,Serum Wajah Brightening Vitamin C,Kecantikan,127949,13945,5000,5117,COMPLETED,2026-04-05 00:00:00,4,"Sangat puas belanja di toko ini, seller ramah dan responsif."
ORD-20261940,Tokopedia,SKU-FSH-001,Kaos Polos Cotton Combed 30s,Fashion,142406,27351,10000,5696,COMPLETED,2026-08-18 00:00:00,5,"Kualitas ok sesuai harga, barang berfungsi dengan baik."
ORD-20261941,Lazada,SKU-KSH-001,Minyak Angin Aromatheraphy 10ml,Kesehatan,48806,17701,10000,1952,COMPLETED,2026-05-03 00:00:00,5,"Produk bagus banget, pengiriman cepat dan packing rapi!"
ORD-20261942,Lazada,SKU-KCT-001,Serum Wajah Brightening Vitamin C,Kecantikan,403331,33672,10000,16133,CANCELLED,2026-02-12 00:00:00,,
ORD-20261943,TikTok Shop,SKU-ELC-001,Headset Bluetooth Wireless TWS,Elektronik,305663,27395,10000,12226,CANCELLED,2026-08-26 00:00:00,,
ORD-20261944,Lazada,SKU-PRM-001,Wajan Anti Lengket Granite 24cm,Perlengkapan Rumah,254817,31768,0,10192,CANCELLED,2026-05-12 00:00:00,,
ORD-20261945,Lazada,SKU-FSH-001,Kaos Polos Cotton Combed 30s,Fashion,370598,29409,5000,14823,COMPLETED,2026-03-03 00:00:00,5,"Produk bagus banget, pengiriman cepat dan packing rapi!"
ORD-20261946,Tokopedia,SKU-PRM-001,Wajan Anti Lengket Granite 24cm,Perlengkapan Rumah,64249,25752,5000,2569,CANCELLED,2026-09-02 00:00:00,,
ORD-20261947,Tokopedia,SKU-FSH-001,Kaos Polos Cotton Combed 30s,Fashion,160924,30712,25000,6436,COMPLETED,2026-07-08 00:00:00,5,"Kualitas ok sesuai harga, barang berfungsi dengan baik."
ORD-20261948,Lazada,SKU-FSH-002,Kemeja Flanel Kotak Lengan Panjang,Fashion,186612,11579,5000,7464,RETURNED,2026-04-27 00:00:00,1,"Ukuran baju terlalu kecil dan jahitan tidak rapi, kecewa."
ORD-20261949,Shopee,SKU-KCT-001,Serum Wajah Brightening Vitamin C,Kecantikan,121996,10442,25000,4879,RETURNED,2026-08-30 00:00:00,2,"Pengiriman lama sekali, kemasan penyok dan barang agak lecet."
ORD-20261950,Shopee,SKU-KCT-002,Sunscreen Gel SPF 50 PA++++,Kecantikan,306744,12435,15000,12269,CANCELLED,2026-01-30 00:00:00,,
ORD-20261951,TikTok Shop,SKU-KSH-001,Minyak Angin Aromatheraphy 10ml,Kesehatan,511763,17868,15000,20470,RETURNED,2026-05-28 00:00:00,2,"Bahan tipis tidak sesuai deskripsi produk, ajukan retur."
ORD-20261952,Shopee,SKU-PRM-001,Wajan Anti Lengket Granite 24cm,Perlengkapan Rumah,325064,17785,5000,13002,RETURNED,2026-05-20 00:00:00,2,"Pengiriman lama sekali, kemasan penyok dan barang agak lecet."
ORD-20261953,Lazada,SKU-KCT-002,Sunscreen Gel SPF 50 PA++++,Kecantikan,330762,27085,15000,13230,COMPLETED,2026-04-25 00:00:00,5,"Produk bagus banget, pengiriman cepat dan packing rapi!"
ORD-20261954,Lazada,SKU-KCT-002,Sunscreen Gel SPF 50 PA++++,Kecantikan,249778,17799,25000,9991,COMPLETED,2026-06-11 00:00:00,4,"Barang original 100%, mantap recommended seller!"
ORD-20261955,Tokopedia,SKU-PRM-001,Wajan Anti Lengket Granite 24cm,Perlengkapan Rumah,668196,30952,5000,26727,CANCELLED,2026-07-10 00:00:00,,
ORD-20261956,Lazada,SKU-KCT-001,Serum Wajah Brightening Vitamin C,Kecantikan,693714,19382,10000,27748,RETURNED,2026-07-10 00:00:00,2,"Bahan tipis tidak sesuai deskripsi produk, ajukan retur."
ORD-20261957,Lazada,SKU-KCT-002,Sunscreen Gel SPF 50 PA++++,Kecantikan,355378,31326,10000,14215,COMPLETED,2026-07-25 00:00:00,5,"Produk bagus banget, pengiriman cepat dan packing rapi!"
ORD-20261958,TikTok Shop,SKU-FSH-001,Kaos Polos Cotton Combed 30s,Fashion,188072,28160,5000,7522,COMPLETED,2026-05-20 00:00:00,5,"Sangat puas belanja di toko ini, seller ramah dan responsif."
ORD-20261959,Lazada,SKU-KSH-001,Minyak Angin Aromatheraphy 10ml,Kesehatan,715172,18374,5000,28606,CANCELLED,2026-07-10 00:00:00,,
ORD-20261960,Shopee,SKU-PRM-001,Wajan Anti Lengket Granite 24cm,Perlengkapan Rumah,236627,16538,25000,9465,COMPLETED,2026-05-06 00:00:00,3,"Biasa saja, pengiriman agak lama."
ORD-20261961,TikTok Shop,SKU-ELC-001,Headset Bluetooth Wireless TWS,Elektronik,671181,18657,5000,26847,CANCELLED,2026-02-05 00:00:00,,
ORD-20261962,Shopee,SKU-KCT-002,Sunscreen Gel SPF 50 PA++++,Kecantikan,474762,15508,15000,18990,COMPLETED,2026-04-04 00:00:00,5,"Barang original 100%, mantap recommended seller!"
ORD-20261963,Tokopedia,SKU-PRM-001,Wajan Anti Lengket Granite 24cm,Perlengkapan Rumah,389025,22522,0,15561,COMPLETED,2026-05-23 00:00:00,4,"Produk bagus banget, pengiriman cepat dan packing rapi!"
ORD-20261964,Tokopedia,SKU-FSH-001,Kaos Polos Cotton Combed 30s,Fashion,150959,13700,10000,6038,CANCELLED,2026-02-07 00:00:00,,
ORD-20261965,Shopee,SKU-ELC-001,Headset Bluetooth Wireless TWS,Elektronik,606455,10741,25000,24258,COMPLETED,2026-05-06 00:00:00,3,"Biasa saja, pengiriman agak lama."
ORD-20261966,Lazada,SKU-PRM-001,Wajan Anti Lengket Granite 24cm,Perlengkapan Rumah,244068,33112,15000,9762,COMPLETED,2026-02-14 00:00:00,5,"Barang original 100%, mantap recommended seller!"
ORD-20261967,Tokopedia,SKU-FSH-001,Kaos Polos Cotton Combed 30s,Fashion,406735,18053,15000,16269,CANCELLED,2026-07-11 00:00:00,,
ORD-20261968,Lazada,SKU-KCT-001,Serum Wajah Brightening Vitamin C,Kecantikan,111999,24668,25000,4479,COMPLETED,2026-06-10 00:00:00,5,"Produk bagus banget, pengiriman cepat dan packing rapi!"
ORD-20261969,Shopee,SKU-FSH-002,Kemeja Flanel Kotak Lengan Panjang,Fashion,222488,18696,10000,8899,RETURNED,2026-09-03 00:00:00,1,"Barang mati total saat diterima, respon garansi lambat!"
ORD-20261970,Lazada,SKU-ELC-002,Powerbank Fast Charging 10000mAh,Elektronik,275598,22792,5000,11023,COMPLETED,2026-05-26 00:00:00,3,"Biasa saja, pengiriman agak lama."
ORD-20261971,Lazada,SKU-KCT-001,Serum Wajah Brightening Vitamin C,Kecantikan,506185,27090,15000,20247,COMPLETED,2026-06-04 00:00:00,5,"Barang original 100%, mantap recommended seller!"
ORD-20261972,Shopee,SKU-FSH-001,Kaos Polos Cotton Combed 30s,Fashion,369147,25176,15000,14765,CANCELLED,2026-06-04 00:00:00,,
ORD-20261973,Shopee,SKU-ELC-002,Powerbank Fast Charging 10000mAh,Elektronik,669787,24838,5000,26791,RETURNED,2026-05-10 00:00:00,2,"Bahan tipis tidak sesuai deskripsi produk, ajukan retur."
ORD-20261974,Shopee,SKU-ELC-001,Headset Bluetooth Wireless TWS,Elektronik,567046,23811,15000,22681,RETURNED,2026-06-16 00:00:00,2,"Ukuran baju terlalu kecil dan jahitan tidak rapi, kecewa."
ORD-20261975,TikTok Shop,SKU-ELC-001,Headset Bluetooth Wireless TWS,Elektronik,344418,27085,15000,13776,COMPLETED,2026-08-19 00:00:00,5,"Produk bagus banget, pengiriman cepat dan packing rapi!"
ORD-20261976,Lazada,SKU-ELC-001,Headset Bluetooth Wireless TWS,Elektronik,407464,27929,15000,16298,COMPLETED,2026-08-04 00:00:00,5,"Barang original 100%, mantap recommended seller!"
ORD-20261977,Tokopedia,SKU-ELC-001,Headset Bluetooth Wireless TWS,Elektronik,403685,27228,15000,16147,RETURNED,2026-01-11 00:00:00,2,"Ukuran baju terlalu kecil dan jahitan tidak rapi, kecewa."
ORD-20261978,Tokopedia,SKU-KCT-001,Serum Wajah Brightening Vitamin C,Kecantikan,716159,10020,5000,28646,COMPLETED,2026-06-20 00:00:00,5,"Barang original 100%, mantap recommended seller!"
ORD-20261979,TikTok Shop,SKU-ELC-002,Powerbank Fast Charging 10000mAh,Elektronik,603454,13109,25000,24138,COMPLETED,2026-08-08 00:00:00,5,"Kualitas ok sesuai harga, barang berfungsi dengan baik."
ORD-20261980,Shopee,SKU-PRM-001,Wajan Anti Lengket Granite 24cm,Perlengkapan Rumah,465614,20541,10000,18624,RETURNED,2026-01-22 00:00:00,1,"Barang mati total saat diterima, respon garansi lambat!"
ORD-20261981,TikTok Shop,SKU-ELC-001,Headset Bluetooth Wireless TWS,Elektronik,737850,24077,15000,29514,RETURNED,2026-07-19 00:00:00,2,"Ukuran baju terlalu kecil dan jahitan tidak rapi, kecewa."
ORD-20261982,Tokopedia,SKU-PRM-001,Wajan Anti Lengket Granite 24cm,Perlengkapan Rumah,92068,18415,5000,3682,CANCELLED,2026-03-02 00:00:00,,
ORD-20261983,Lazada,SKU-KCT-001,Serum Wajah Brightening Vitamin C,Kecantikan,270921,17502,15000,10836,CANCELLED,2026-05-27 00:00:00,,
ORD-20261984,Shopee,SKU-KCT-001,Serum Wajah Brightening Vitamin C,Kecantikan,196255,34183,15000,7850,COMPLETED,2026-09-07 00:00:00,4,"Produk bagus banget, pengiriman cepat dan packing rapi!"
ORD-20261985,TikTok Shop,SKU-KCT-002,Sunscreen Gel SPF 50 PA++++,Kecantikan,626013,32049,5000,25040,COMPLETED,2026-06-17 00:00:00,5,"Barang original 100%, mantap recommended seller!"
ORD-20261986,Tokopedia,SKU-PRM-001,Wajan Anti Lengket Granite 24cm,Perlengkapan Rumah,344302,24193,5000,13772,RETURNED,2026-03-14 00:00:00,1,"Pengiriman lama sekali, kemasan penyok dan barang agak lecet."
ORD-20261987,Tokopedia,SKU-ELC-001,Headset Bluetooth Wireless TWS,Elektronik,339155,22635,10000,13566,CANCELLED,2026-01-01 00:00:00,,
ORD-20261988,Tokopedia,SKU-PRM-001,Wajan Anti Lengket Granite 24cm,Perlengkapan Rumah,720802,13314,5000,28832,CANCELLED,2026-01-19 00:00:00,,
ORD-20261989,Tokopedia,SKU-FSH-001,Kaos Polos Cotton Combed 30s,Fashion,134809,13218,10000,5392,RETURNED,2026-03-26 00:00:00,2,"Pengiriman lama sekali, kemasan penyok dan barang agak lecet."
ORD-20261990,Tokopedia,SKU-PRM-001,Wajan Anti Lengket Granite 24cm,Perlengkapan Rumah,419484,21630,5000,16779,RETURNED,2026-03-20 00:00:00,2,"Bahan tipis tidak sesuai deskripsi produk, ajukan retur."
ORD-20261991,Tokopedia,SKU-FSH-001,Kaos Polos Cotton Combed 30s,Fashion,577327,26387,0,23093,COMPLETED,2026-05-28 00:00:00,3,"Biasa saja, pengiriman agak lama."
ORD-20261992,Tokopedia,SKU-ELC-002,Powerbank Fast Charging 10000mAh,Elektronik,310486,34798,5000,12419,COMPLETED,2026-01-15 00:00:00,3,"Biasa saja, pengiriman agak lama."
ORD-20261993,Shopee,SKU-KCT-001,Serum Wajah Brightening Vitamin C,Kecantikan,337173,32551,5000,13486,COMPLETED,2026-03-23 00:00:00,3,"Biasa saja, pengiriman agak lama."
ORD-20261994,Tokopedia,SKU-FSH-002,Kemeja Flanel Kotak Lengan Panjang,Fashion,442022,16902,0,17680,COMPLETED,2026-07-13 00:00:00,4,"Produk bagus banget, pengiriman cepat dan packing rapi!"
ORD-20261995,Lazada,SKU-PRM-001,Wajan Anti Lengket Granite 24cm,Perlengkapan Rumah,590206,12858,25000,23608,COMPLETED,2026-02-27 00:00:00,5,"Produk bagus banget, pengiriman cepat dan packing rapi!"
ORD-20261996,Tokopedia,SKU-KSH-001,Minyak Angin Aromatheraphy 10ml,Kesehatan,75153,29625,10000,3006,RETURNED,2026-06-07 00:00:00,2,"Ukuran baju terlalu kecil dan jahitan tidak rapi, kecewa."
ORD-20261997,Lazada,SKU-FSH-001,Kaos Polos Cotton Combed 30s,Fashion,295547,28965,25000,11821,COMPLETED,2026-06-25 00:00:00,3,"Biasa saja, pengiriman agak lama."
ORD-20261998,Tokopedia,SKU-FSH-001,Kaos Polos Cotton Combed 30s,Fashion,408713,20307,10000,16348,COMPLETED,2026-02-25 00:00:00,5,"Sangat puas belanja di toko ini, seller ramah dan responsif."
ORD-20261999,Shopee,SKU-KCT-002,Sunscreen Gel SPF 50 PA++++,Kecantikan,65664,34494,0,2626,COMPLETED,2026-06-23 00:00:00,5,"Sangat puas belanja di toko ini, seller ramah dan responsif."
ORD-20262000,Shopee,SKU-ELC-001,Headset Bluetooth Wireless TWS,Elektronik,617416,14131,0,24696,COMPLETED,2026-07-06 00:00:00,5,"Kualitas ok sesuai harga, barang berfungsi dengan baik."
ORD-20262001,Lazada,SKU-PRM-001,Wajan Anti Lengket Granite 24cm,Perlengkapan Rumah,695179,25775,0,27807,COMPLETED,2026-03-07 00:00:00,5,"Barang original 100%, mantap recommended seller!"
ORD-20262002,Tokopedia,SKU-KSH-001,Minyak Angin Aromatheraphy 10ml,Kesehatan,70577,22439,25000,2823,COMPLETED,2026-02-24 00:00:00,5,"Kualitas ok sesuai harga, barang berfungsi dengan baik."
ORD-20262003,Shopee,SKU-FSH-001,Kaos Polos Cotton Combed 30s,Fashion,423178,14785,0,16927,COMPLETED,2026-03-04 00:00:00,5,"Barang original 100%, mantap recommended seller!"
ORD-20262004,Shopee,SKU-KSH-001,Minyak Angin Aromatheraphy 10ml,Kesehatan,177181,21519,25000,7087,CANCELLED,2026-06-16 00:00:00,,
ORD-20262005,Shopee,SKU-KSH-001,Minyak Angin Aromatheraphy 10ml,Kesehatan,539178,14920,5000,21567,CANCELLED,2026-03-31 00:00:00,,
ORD-20262006,TikTok Shop,SKU-ELC-002,Powerbank Fast Charging 10000mAh,Elektronik,300929,30328,5000,12037,COMPLETED,2026-08-06 00:00:00,3,"Biasa saja, pengiriman agak lama."
ORD-20262007,Shopee,SKU-KCT-002,Sunscreen Gel SPF 50 PA++++,Kecantikan,274771,32391,0,10990,COMPLETED,2026-06-12 00:00:00,3,"Biasa saja, pengiriman agak lama."
ORD-20262008,Lazada,SKU-KCT-001,Serum Wajah Brightening Vitamin C,Kecantikan,436531,25276,15000,17461,COMPLETED,2026-04-15 00:00:00,5,"Kualitas ok sesuai harga, barang berfungsi dengan baik."
ORD-20262009,Lazada,SKU-KCT-002,Sunscreen Gel SPF 50 PA++++,Kecantikan,601011,15931,0,24040,RETURNED,2026-04-10 00:00:00,2,"Barang mati total saat diterima, respon garansi lambat!"
ORD-20262010,Lazada,SKU-FSH-001,Kaos Polos Cotton Combed 30s,Fashion,433854,20375,5000,17354,COMPLETED,2026-03-14 00:00:00,4,"Sangat puas belanja di toko ini, seller ramah dan responsif."
ORD-20262011,TikTok Shop,SKU-KSH-001,Minyak Angin Aromatheraphy 10ml,Kesehatan,714252,21613,5000,28570,CANCELLED,2026-03-19 00:00:00,,
ORD-20262012,Lazada,SKU-ELC-001,Headset Bluetooth Wireless TWS,Elektronik,243379,17352,0,9735,COMPLETED,2026-07-15 00:00:00,5,"Sangat puas belanja di toko ini, seller ramah dan responsif."
ORD-20262013,Lazada,SKU-ELC-002,Powerbank Fast Charging 10000mAh,Elektronik,426304,19495,15000,17052,COMPLETED,2026-03-11 00:00:00,5,"Kualitas ok sesuai harga, barang berfungsi dengan baik."
ORD-20262014,Shopee,SKU-FSH-002,Kemeja Flanel Kotak Lengan Panjang,Fashion,126507,22467,10000,5060,RETURNED,2026-05-02 00:00:00,1,"Ukuran baju terlalu kecil dan jahitan tidak rapi, kecewa."
ORD-20262015,Tokopedia,SKU-ELC-002,Powerbank Fast Charging 10000mAh,Elektronik,98952,15518,5000,3958,CANCELLED,2026-06-15 00:00:00,,
ORD-20262016,TikTok Shop,SKU-FSH-001,Kaos Polos Cotton Combed 30s,Fashion,209193,19315,25000,8367,COMPLETED,2026-03-29 00:00:00,4,"Sangat puas belanja di toko ini, seller ramah dan responsif."
ORD-20262017,Lazada,SKU-ELC-001,Headset Bluetooth Wireless TWS,Elektronik,344509,14561,10000,13780,CANCELLED,2026-05-17 00:00:00,,
ORD-20262018,TikTok Shop,SKU-FSH-002,Kemeja Flanel Kotak Lengan Panjang,Fashion,568549,31925,25000,22741,COMPLETED,2026-09-06 00:00:00,5,"Sangat puas belanja di toko ini, seller ramah dan responsif."
ORD-20262019,Lazada,SKU-KCT-002,Sunscreen Gel SPF 50 PA++++,Kecantikan,743911,34630,0,29756,RETURNED,2026-01-11 00:00:00,2,"Pengiriman lama sekali, kemasan penyok dan barang agak lecet."
ORD-20262020,TikTok Shop,SKU-ELC-002,Powerbank Fast Charging 10000mAh,Elektronik,560875,11544,0,22435,COMPLETED,2026-06-08 00:00:00,5,"Sangat puas belanja di toko ini, seller ramah dan responsif."
ORD-20262021,Lazada,SKU-ELC-002,Powerbank Fast Charging 10000mAh,Elektronik,504539,26137,25000,20181,COMPLETED,2026-08-26 00:00:00,5,"Barang original 100%, mantap recommended seller!"
ORD-20262022,Tokopedia,SKU-KSH-001,Minyak Angin Aromatheraphy 10ml,Kesehatan,710463,30733,25000,28418,CANCELLED,2026-08-01 00:00:00,,
ORD-20262023,Lazada,SKU-KSH-001,Minyak Angin Aromatheraphy 10ml,Kesehatan,301634,20757,5000,12065,COMPLETED,2026-02-14 00:00:00,5,"Sangat puas belanja di toko ini, seller ramah dan responsif."
ORD-20262024,Lazada,SKU-FSH-002,Kemeja Flanel Kotak Lengan Panjang,Fashion,234650,22159,0,9386,COMPLETED,2026-04-16 00:00:00,3,"Biasa saja, pengiriman agak lama."
ORD-20262025,Tokopedia,SKU-KCT-001,Serum Wajah Brightening Vitamin C,Kecantikan,571346,23159,25000,22853,COMPLETED,2026-06-18 00:00:00,5,"Kualitas ok sesuai harga, barang berfungsi dengan baik."
ORD-20262026,TikTok Shop,SKU-PRM-001,Wajan Anti Lengket Granite 24cm,Perlengkapan Rumah,89020,25542,25000,3560,CANCELLED,2026-01-03 00:00:00,,
ORD-20262027,Tokopedia,SKU-ELC-002,Powerbank Fast Charging 10000mAh,Elektronik,493168,15945,15000,19726,COMPLETED,2026-08-01 00:00:00,3,"Biasa saja, pengiriman agak lama."
ORD-20262028,Shopee,SKU-ELC-002,Powerbank Fast Charging 10000mAh,Elektronik,717091,34416,5000,28683,COMPLETED,2026-07-01 00:00:00,5,"Sangat puas belanja di toko ini, seller ramah dan responsif."
ORD-20262029,TikTok Shop,SKU-FSH-002,Kemeja Flanel Kotak Lengan Panjang,Fashion,593099,12712,25000,23723,COMPLETED,2026-01-16 00:00:00,5,"Produk bagus banget, pengiriman cepat dan packing rapi!"
ORD-20262030,Lazada,SKU-ELC-001,Headset Bluetooth Wireless TWS,Elektronik,307757,30083,5000,12310,COMPLETED,2026-04-07 00:00:00,3,"Biasa saja, pengiriman agak lama."
ORD-20262031,Lazada,SKU-FSH-002,Kemeja Flanel Kotak Lengan Panjang,Fashion,626786,19818,10000,25071,RETURNED,2026-03-27 00:00:00,2,"Pengiriman lama sekali, kemasan penyok dan barang agak lecet."
ORD-20262032,TikTok Shop,SKU-KCT-002,Sunscreen Gel SPF 50 PA++++,Kecantikan,102192,21771,0,4087,COMPLETED,2026-01-17 00:00:00,3,"Biasa saja, pengiriman agak lama."
ORD-20262033,TikTok Shop,SKU-KCT-001,Serum Wajah Brightening Vitamin C,Kecantikan,117720,26197,5000,4708,COMPLETED,2026-05-09 00:00:00,5,"Sangat puas belanja di toko ini, seller ramah dan responsif."
ORD-20262034,Lazada,SKU-KSH-001,Minyak Angin Aromatheraphy 10ml,Kesehatan,416581,12719,0,16663,RETURNED,2026-07-15 00:00:00,1,"Bahan tipis tidak sesuai deskripsi produk, ajukan retur."
ORD-20262035,TikTok Shop,SKU-ELC-001,Headset Bluetooth Wireless TWS,Elektronik,131244,33349,15000,5249,COMPLETED,2026-02-16 00:00:00,5,"Kualitas ok sesuai harga, barang berfungsi dengan baik."
ORD-20262036,Tokopedia,SKU-ELC-001,Headset Bluetooth Wireless TWS,Elektronik,122459,25792,5000,4898,COMPLETED,2026-07-19 00:00:00,5,"Produk bagus banget, pengiriman cepat dan packing rapi!"
ORD-20262037,Lazada,SKU-FSH-002,Kemeja Flanel Kotak Lengan Panjang,Fashion,720854,25444,15000,28834,RETURNED,2026-04-15 00:00:00,1,"Pengiriman lama sekali, kemasan penyok dan barang agak lecet."
ORD-20262038,TikTok Shop,SKU-PRM-001,Wajan Anti Lengket Granite 24cm,Perlengkapan Rumah,302443,13756,5000,12097,COMPLETED,2026-05-08 00:00:00,5,"Barang original 100%, mantap recommended seller!"
ORD-20262039,Lazada,SKU-FSH-002,Kemeja Flanel Kotak Lengan Panjang,Fashion,725184,22660,0,29007,COMPLETED,2026-01-21 00:00:00,5,"Kualitas ok sesuai harga, barang berfungsi dengan baik."
ORD-20262040,Shopee,SKU-ELC-001,Headset Bluetooth Wireless TWS,Elektronik,545077,11614,0,21803,COMPLETED,2026-07-10 00:00:00,5,"Sangat puas belanja di toko ini, seller ramah dan responsif."
ORD-20262041,Tokopedia,SKU-FSH-001,Kaos Polos Cotton Combed 30s,Fashion,382387,28641,25000,15295,RETURNED,2026-08-28 00:00:00,1,"Bahan tipis tidak sesuai deskripsi produk, ajukan retur."
ORD-20262042,Shopee,SKU-FSH-002,Kemeja Flanel Kotak Lengan Panjang,Fashion,185593,14333,0,7423,RETURNED,2026-08-23 00:00:00,1,"Ukuran baju terlalu kecil dan jahitan tidak rapi, kecewa."
ORD-20262043,Shopee,SKU-KCT-002,Sunscreen Gel SPF 50 PA++++,Kecantikan,55542,13504,25000,2221,COMPLETED,2026-04-28 00:00:00,5,"Sangat puas belanja di toko ini, seller ramah dan responsif."
ORD-20262044,Tokopedia,SKU-FSH-001,Kaos Polos Cotton Combed 30s,Fashion,93545,24696,0,3741,COMPLETED,2026-03-23 00:00:00,4,"Sangat puas belanja di toko ini, seller ramah dan responsif."
ORD-20262045,Tokopedia,SKU-FSH-002,Kemeja Flanel Kotak Lengan Panjang,Fashion,450597,22546,10000,18023,RETURNED,2026-08-06 00:00:00,1,"Barang mati total saat diterima, respon garansi lambat!"
ORD-20262046,Lazada,SKU-ELC-001,Headset Bluetooth Wireless TWS,Elektronik,409199,14630,25000,16367,CANCELLED,2026-09-06 00:00:00,,
ORD-20262047,Lazada,SKU-ELC-002,Powerbank Fast Charging 10000mAh,Elektronik,725545,21970,5000,29021,CANCELLED,2026-05-20 00:00:00,,
ORD-20262048,TikTok Shop,SKU-FSH-001,Kaos Polos Cotton Combed 30s,Fashion,491881,28113,25000,19675,COMPLETED,2026-08-30 00:00:00,5,"Sangat puas belanja di toko ini, seller ramah dan responsif."
ORD-20262049,Lazada,SKU-KCT-001,Serum Wajah Brightening Vitamin C,Kecantikan,545829,24686,25000,21833,RETURNED,2026-08-11 00:00:00,1,"Barang mati total saat diterima, respon garansi lambat!"
ORD-20262050,Tokopedia,SKU-PRM-001,Wajan Anti Lengket Granite 24cm,Perlengkapan Rumah,86887,11364,15000,3475,CANCELLED,2026-06-24 00:00:00,,
ORD-20262051,Lazada,SKU-KSH-001,Minyak Angin Aromatheraphy 10ml,Kesehatan,665891,30524,0,26635,COMPLETED,2026-02-21 00:00:00,5,"Produk bagus banget, pengiriman cepat dan packing rapi!"
ORD-20262052,Shopee,SKU-KCT-001,Serum Wajah Brightening Vitamin C,Kecantikan,244656,12325,0,9786,RETURNED,2026-02-06 00:00:00,1,"Ukuran baju terlalu kecil dan jahitan tidak rapi, kecewa."
ORD-20262053,Lazada,SKU-FSH-001,Kaos Polos Cotton Combed 30s,Fashion,554393,17186,25000,22175,COMPLETED,2026-08-02 00:00:00,5,"Sangat puas belanja di toko ini, seller ramah dan responsif."
ORD-20262054,Tokopedia,SKU-KCT-002,Sunscreen Gel SPF 50 PA++++,Kecantikan,602167,33246,10000,24086,CANCELLED,2026-03-20 00:00:00,,
ORD-20262055,Shopee,SKU-KCT-002,Sunscreen Gel SPF 50 PA++++,Kecantikan,168985,25760,15000,6759,COMPLETED,2026-03-29 00:00:00,5,"Barang original 100%, mantap recommended seller!"
ORD-20262056,Lazada,SKU-ELC-001,Headset Bluetooth Wireless TWS,Elektronik,323866,12700,5000,12954,COMPLETED,2026-09-04 00:00:00,4,"Kualitas ok sesuai harga, barang berfungsi dengan baik."
ORD-20262057,Tokopedia,SKU-FSH-001,Kaos Polos Cotton Combed 30s,Fashion,661358,33201,5000,26454,RETURNED,2026-08-03 00:00:00,1,"Ukuran baju terlalu kecil dan jahitan tidak rapi, kecewa."
ORD-20262058,Tokopedia,SKU-FSH-001,Kaos Polos Cotton Combed 30s,Fashion,422868,27879,15000,16914,CANCELLED,2026-05-15 00:00:00,,
ORD-20262059,TikTok Shop,SKU-FSH-001,Kaos Polos Cotton Combed 30s,Fashion,635040,27097,0,25401,CANCELLED,2026-01-06 00:00:00,,
ORD-20262060,Tokopedia,SKU-KCT-002,Sunscreen Gel SPF 50 PA++++,Kecantikan,588340,16706,0,23533,COMPLETED,2026-01-24 00:00:00,5,"Sangat puas belanja di toko ini, seller ramah dan responsif."
ORD-20262061,Lazada,SKU-FSH-002,Kemeja Flanel Kotak Lengan Panjang,Fashion,640973,12419,0,25638,CANCELLED,2026-06-16 00:00:00,,
ORD-20262062,Shopee,SKU-KSH-001,Minyak Angin Aromatheraphy 10ml,Kesehatan,251332,13255,15000,10053,CANCELLED,2026-03-18 00:00:00,,
ORD-20262063,TikTok Shop,SKU-KCT-001,Serum Wajah Brightening Vitamin C,Kecantikan,722291,20790,10000,28891,COMPLETED,2026-04-12 00:00:00,5,"Barang original 100%, mantap recommended seller!"
ORD-20262064,Tokopedia,SKU-FSH-001,Kaos Polos Cotton Combed 30s,Fashion,67440,10644,15000,2697,COMPLETED,2026-03-27 00:00:00,5,"Kualitas ok sesuai harga, barang berfungsi dengan baik."
ORD-20262065,Tokopedia,SKU-KCT-002,Sunscreen Gel SPF 50 PA++++,Kecantikan,44350,16555,0,1774,COMPLETED,2026-06-16 00:00:00,5,"Kualitas ok sesuai harga, barang berfungsi dengan baik."
ORD-20262066,Shopee,SKU-FSH-002,Kemeja Flanel Kotak Lengan Panjang,Fashion,683570,17791,15000,27342,COMPLETED,2026-08-16 00:00:00,5,"Sangat puas belanja di toko ini, seller ramah dan responsif."
ORD-20262067,Shopee,SKU-FSH-002,Kemeja Flanel Kotak Lengan Panjang,Fashion,530924,13988,5000,21236,COMPLETED,2026-09-05 00:00:00,3,"Biasa saja, pengiriman agak lama."
ORD-20262068,Lazada,SKU-ELC-002,Powerbank Fast Charging 10000mAh,Elektronik,640218,11959,25000,25608,COMPLETED,2026-03-22 00:00:00,5,"Sangat puas belanja di toko ini, seller ramah dan responsif."
ORD-20262069,TikTok Shop,SKU-ELC-002,Powerbank Fast Charging 10000mAh,Elektronik,414941,24619,10000,16597,COMPLETED,2026-05-06 00:00:00,3,"Biasa saja, pengiriman agak lama."
ORD-20262070,TikTok Shop,SKU-KSH-001,Minyak Angin Aromatheraphy 10ml,Kesehatan,391652,14474,5000,15666,COMPLETED,2026-04-01 00:00:00,5,"Kualitas ok sesuai harga, barang berfungsi dengan baik."
ORD-20262071,Tokopedia,SKU-KCT-002,Sunscreen Gel SPF 50 PA++++,Kecantikan,727687,10042,0,29107,COMPLETED,2026-04-08 00:00:00,5,"Sangat puas belanja di toko ini, seller ramah dan responsif."
ORD-20262072,Tokopedia,SKU-KCT-001,Serum Wajah Brightening Vitamin C,Kecantikan,359908,22567,0,14396,COMPLETED,2026-03-28 00:00:00,5,"Kualitas ok sesuai harga, barang berfungsi dengan baik."
ORD-20262073,Shopee,SKU-FSH-001,Kaos Polos Cotton Combed 30s,Fashion,502576,23451,0,20103,COMPLETED,2026-04-10 00:00:00,5,"Produk bagus banget, pengiriman cepat dan packing rapi!"
ORD-20262074,Shopee,SKU-FSH-001,Kaos Polos Cotton Combed 30s,Fashion,585093,32542,0,23403,CANCELLED,2026-03-29 00:00:00,,
ORD-20262075,TikTok Shop,SKU-KCT-002,Sunscreen Gel SPF 50 PA++++,Kecantikan,515905,31572,5000,20636,COMPLETED,2026-01-03 00:00:00,5,"Barang original 100%, mantap recommended seller!"
ORD-20262076,TikTok Shop,SKU-KCT-002,Sunscreen Gel SPF 50 PA++++,Kecantikan,109091,20549,15000,4363,COMPLETED,2026-05-31 00:00:00,5,"Barang original 100%, mantap recommended seller!"
ORD-20262077,Lazada,SKU-KCT-001,Serum Wajah Brightening Vitamin C,Kecantikan,237219,25942,0,9488,RETURNED,2026-07-21 00:00:00,1,"Barang mati total saat diterima, respon garansi lambat!"
ORD-20262078,TikTok Shop,SKU-FSH-001,Kaos Polos Cotton Combed 30s,Fashion,332874,17286,0,13314,COMPLETED,2026-02-11 00:00:00,4,"Kualitas ok sesuai harga, barang berfungsi dengan baik."
ORD-20262079,Shopee,SKU-KCT-001,Serum Wajah Brightening Vitamin C,Kecantikan,729529,28673,5000,29181,COMPLETED,2026-02-02 00:00:00,4,"Barang original 100%, mantap recommended seller!"
ORD-20262080,TikTok Shop,SKU-PRM-001,Wajan Anti Lengket Granite 24cm,Perlengkapan Rumah,68857,15408,25000,2754,COMPLETED,2026-06-17 00:00:00,5,"Barang original 100%, mantap recommended seller!"
ORD-20262081,Lazada,SKU-ELC-001,Headset Bluetooth Wireless TWS,Elektronik,90552,23511,15000,3622,COMPLETED,2026-07-19 00:00:00,3,"Biasa saja, pengiriman agak lama."
ORD-20262082,Tokopedia,SKU-KSH-001,Minyak Angin Aromatheraphy 10ml,Kesehatan,135480,17909,0,5419,COMPLETED,2026-02-19 00:00:00,5,"Sangat puas belanja di toko ini, seller ramah dan responsif."
ORD-20262083,Lazada,SKU-ELC-001,Headset Bluetooth Wireless TWS,Elektronik,233392,17144,0,9335,COMPLETED,2026-08-17 00:00:00,5,"Produk bagus banget, pengiriman cepat dan packing rapi!"
ORD-20262084,TikTok Shop,SKU-KCT-002,Sunscreen Gel SPF 50 PA++++,Kecantikan,724082,17200,0,28963,COMPLETED,2026-06-12 00:00:00,4,"Kualitas ok sesuai harga, barang berfungsi dengan baik."
ORD-20262085,TikTok Shop,SKU-FSH-001,Kaos Polos Cotton Combed 30s,Fashion,629746,32212,10000,25189,COMPLETED,2026-08-14 00:00:00,5,"Sangat puas belanja di toko ini, seller ramah dan responsif."
ORD-20262086,Tokopedia,SKU-KCT-001,Serum Wajah Brightening Vitamin C,Kecantikan,650574,12806,25000,26022,COMPLETED,2026-06-10 00:00:00,5,"Produk bagus banget, pengiriman cepat dan packing rapi!"
ORD-20262087,Lazada,SKU-FSH-002,Kemeja Flanel Kotak Lengan Panjang,Fashion,348905,19597,10000,13956,COMPLETED,2026-02-20 00:00:00,4,"Produk bagus banget, pengiriman cepat dan packing rapi!"
ORD-20262088,Shopee,SKU-KCT-001,Serum Wajah Brightening Vitamin C,Kecantikan,671027,24477,0,26841,COMPLETED,2026-06-24 00:00:00,5,"Barang original 100%, mantap recommended seller!"
ORD-20262089,Tokopedia,SKU-PRM-001,Wajan Anti Lengket Granite 24cm,Perlengkapan Rumah,589986,28915,15000,23599,COMPLETED,2026-07-17 00:00:00,5,"Produk bagus banget, pengiriman cepat dan packing rapi!"
ORD-20262090,TikTok Shop,SKU-ELC-002,Powerbank Fast Charging 10000mAh,Elektronik,257036,33025,5000,10281,COMPLETED,2026-07-06 00:00:00,4,"Produk bagus banget, pengiriman cepat dan packing rapi!"
ORD-20262091,Lazada,SKU-FSH-001,Kaos Polos Cotton Combed 30s,Fashion,494940,21269,15000,19797,RETURNED,2026-03-05 00:00:00,2,"Ukuran baju terlalu kecil dan jahitan tidak rapi, kecewa."
ORD-20262092,Shopee,SKU-ELC-001,Headset Bluetooth Wireless TWS,Elektronik,451914,27410,15000,18076,COMPLETED,2026-02-27 00:00:00,5,"Barang original 100%, mantap recommended seller!"
ORD-20262093,Shopee,SKU-KCT-002,Sunscreen Gel SPF 50 PA++++,Kecantikan,484192,20161,5000,19367,RETURNED,2026-03-25 00:00:00,1,"Pengiriman lama sekali, kemasan penyok dan barang agak lecet."
ORD-20262094,Tokopedia,SKU-ELC-002,Powerbank Fast Charging 10000mAh,Elektronik,315943,33018,0,12637,COMPLETED,2026-05-21 00:00:00,4,"Produk bagus banget, pengiriman cepat dan packing rapi!"
ORD-20262095,Shopee,SKU-ELC-001,Headset Bluetooth Wireless TWS,Elektronik,114280,23041,0,4571,COMPLETED,2026-03-11 00:00:00,4,"Barang original 100%, mantap recommended seller!"
ORD-20262096,Lazada,SKU-KSH-001,Minyak Angin Aromatheraphy 10ml,Kesehatan,382444,18976,25000,15297,RETURNED,2026-07-07 00:00:00,1,"Barang mati total saat diterima, respon garansi lambat!"
ORD-20262097,TikTok Shop,SKU-ELC-001,Headset Bluetooth Wireless TWS,Elektronik,545038,10843,15000,21801,RETURNED,2026-05-05 00:00:00,1,"Barang mati total saat diterima, respon garansi lambat!"
ORD-20262098,Shopee,SKU-KSH-001,Minyak Angin Aromatheraphy 10ml,Kesehatan,380046,26869,25000,15201,COMPLETED,2026-02-27 00:00:00,3,"Biasa saja, pengiriman agak lama."
ORD-20262099,Shopee,SKU-KSH-001,Minyak Angin Aromatheraphy 10ml,Kesehatan,721699,14348,5000,28867,COMPLETED,2026-06-16 00:00:00,4,"Produk bagus banget, pengiriman cepat dan packing rapi!"
ORD-20262100,Shopee,SKU-ELC-002,Powerbank Fast Charging 10000mAh,Elektronik,508491,34048,0,20339,COMPLETED,2026-08-12 00:00:00,4,"Barang original 100%, mantap recommended seller!"
ORD-20262101,Tokopedia,SKU-ELC-002,Powerbank Fast Charging 10000mAh,Elektronik,637253,18393,0,25490,COMPLETED,2026-06-29 00:00:00,5,"Kualitas ok sesuai harga, barang berfungsi dengan baik."
ORD-20262102,Lazada,SKU-KCT-002,Sunscreen Gel SPF 50 PA++++,Kecantikan,557919,11000,5000,22316,COMPLETED,2026-06-28 00:00:00,5,"Sangat puas belanja di toko ini, seller ramah dan responsif."
ORD-20262103,Shopee,SKU-ELC-001,Headset Bluetooth Wireless TWS,Elektronik,587144,10401,10000,23485,COMPLETED,2026-04-16 00:00:00,5,"Produk bagus banget, pengiriman cepat dan packing rapi!"
ORD-20262104,Tokopedia,SKU-ELC-002,Powerbank Fast Charging 10000mAh,Elektronik,369515,14494,0,14780,COMPLETED,2026-06-10 00:00:00,4,"Produk bagus banget, pengiriman cepat dan packing rapi!"
ORD-20262105,Tokopedia,SKU-FSH-001,Kaos Polos Cotton Combed 30s,Fashion,671465,16768,5000,26858,COMPLETED,2026-09-02 00:00:00,5,"Barang original 100%, mantap recommended seller!"
ORD-20262106,Lazada,SKU-ELC-002,Powerbank Fast Charging 10000mAh,Elektronik,544093,20463,25000,21763,COMPLETED,2026-08-17 00:00:00,3,"Biasa saja, pengiriman agak lama."
ORD-20262107,Shopee,SKU-KSH-001,Minyak Angin Aromatheraphy 10ml,Kesehatan,366896,27062,10000,14675,CANCELLED,2026-05-23 00:00:00,,
ORD-20262108,Lazada,SKU-PRM-001,Wajan Anti Lengket Granite 24cm,Perlengkapan Rumah,391356,20937,25000,15654,COMPLETED,2026-06-20 00:00:00,5,"Produk bagus banget, pengiriman cepat dan packing rapi!"
ORD-20262109,Lazada,SKU-PRM-001,Wajan Anti Lengket Granite 24cm,Perlengkapan Rumah,228915,29920,0,9156,COMPLETED,2026-07-15 00:00:00,3,"Biasa saja, pengiriman agak lama."
ORD-20262110,Tokopedia,SKU-KSH-001,Minyak Angin Aromatheraphy 10ml,Kesehatan,566808,12538,5000,22672,RETURNED,2026-03-07 00:00:00,2,"Barang mati total saat diterima, respon garansi lambat!"
ORD-20262111,Lazada,SKU-PRM-001,Wajan Anti Lengket Granite 24cm,Perlengkapan Rumah,231153,10185,10000,9246,RETURNED,2026-06-07 00:00:00,1,"Pengiriman lama sekali, kemasan penyok dan barang agak lecet."
ORD-20262112,Tokopedia,SKU-KCT-001,Serum Wajah Brightening Vitamin C,Kecantikan,520346,11698,0,20813,COMPLETED,2026-04-25 00:00:00,4,"Produk bagus banget, pengiriman cepat dan packing rapi!"
ORD-20262113,Shopee,SKU-FSH-002,Kemeja Flanel Kotak Lengan Panjang,Fashion,375505,13890,25000,15020,COMPLETED,2026-04-17 00:00:00,5,"Kualitas ok sesuai harga, barang berfungsi dengan baik."
ORD-20262114,Lazada,SKU-KCT-002,Sunscreen Gel SPF 50 PA++++,Kecantikan,604070,11956,15000,24162,COMPLETED,2026-02-04 00:00:00,5,"Barang original 100%, mantap recommended seller!"
ORD-20262115,TikTok Shop,SKU-ELC-002,Powerbank Fast Charging 10000mAh,Elektronik,46451,18329,5000,1858,COMPLETED,2026-08-02 00:00:00,5,"Produk bagus banget, pengiriman cepat dan packing rapi!"
ORD-20262116,Tokopedia,SKU-PRM-001,Wajan Anti Lengket Granite 24cm,Perlengkapan Rumah,82057,21832,25000,3282,COMPLETED,2026-03-03 00:00:00,4,"Kualitas ok sesuai harga, barang berfungsi dengan baik."
ORD-20262117,Lazada,SKU-FSH-002,Kemeja Flanel Kotak Lengan Panjang,Fashion,176448,33359,25000,7057,COMPLETED,2026-06-12 00:00:00,3,"Biasa saja, pengiriman agak lama."
ORD-20262118,TikTok Shop,SKU-KCT-002,Sunscreen Gel SPF 50 PA++++,Kecantikan,201290,17936,10000,8051,RETURNED,2026-02-14 00:00:00,1,"Bahan tipis tidak sesuai deskripsi produk, ajukan retur."
ORD-20262119,Tokopedia,SKU-KCT-001,Serum Wajah Brightening Vitamin C,Kecantikan,576706,29072,10000,23068,RETURNED,2026-05-08 00:00:00,2,"Barang mati total saat diterima, respon garansi lambat!"
ORD-20262120,Lazada,SKU-FSH-002,Kemeja Flanel Kotak Lengan Panjang,Fashion,253705,32297,10000,10148,RETURNED,2026-06-20 00:00:00,2,"Pengiriman lama sekali, kemasan penyok dan barang agak lecet."
ORD-20262121,Shopee,SKU-ELC-001,Headset Bluetooth Wireless TWS,Elektronik,676688,20434,5000,27067,COMPLETED,2026-03-31 00:00:00,5,"Kualitas ok sesuai harga, barang berfungsi dengan baik."
ORD-20262122,Tokopedia,SKU-PRM-001,Wajan Anti Lengket Granite 24cm,Perlengkapan Rumah,163838,31201,25000,6553,COMPLETED,2026-08-23 00:00:00,5,"Barang original 100%, mantap recommended seller!"
ORD-20262123,Lazada,SKU-KSH-001,Minyak Angin Aromatheraphy 10ml,Kesehatan,77254,22134,25000,3090,CANCELLED,2026-07-25 00:00:00,,
ORD-20262124,Tokopedia,SKU-FSH-002,Kemeja Flanel Kotak Lengan Panjang,Fashion,410732,26756,10000,16429,COMPLETED,2026-04-02 00:00:00,3,"Biasa saja, pengiriman agak lama."
ORD-20262125,TikTok Shop,SKU-PRM-001,Wajan Anti Lengket Granite 24cm,Perlengkapan Rumah,364456,28835,15000,14578,COMPLETED,2026-05-28 00:00:00,3,"Biasa saja, pengiriman agak lama."
ORD-20262126,Shopee,SKU-PRM-001,Wajan Anti Lengket Granite 24cm,Perlengkapan Rumah,317720,28503,0,12708,COMPLETED,2026-05-21 00:00:00,3,"Biasa saja, pengiriman agak lama."
ORD-20262127,Tokopedia,SKU-KCT-001,Serum Wajah Brightening Vitamin C,Kecantikan,282659,12131,10000,11306,COMPLETED,2026-06-17 00:00:00,5,"Produk bagus banget, pengiriman cepat dan packing rapi!"
ORD-20262128,Shopee,SKU-ELC-002,Powerbank Fast Charging 10000mAh,Elektronik,399001,27078,15000,15960,COMPLETED,2026-03-09 00:00:00,5,"Barang original 100%, mantap recommended seller!"
ORD-20262129,Tokopedia,SKU-FSH-001,Kaos Polos Cotton Combed 30s,Fashion,88083,30787,10000,3523,COMPLETED,2026-05-15 00:00:00,3,"Biasa saja, pengiriman agak lama."
ORD-20262130,Shopee,SKU-ELC-002,Powerbank Fast Charging 10000mAh,Elektronik,501238,10218,15000,20049,COMPLETED,2026-07-04 00:00:00,5,"Produk bagus banget, pengiriman cepat dan packing rapi!"
ORD-20262131,Shopee,SKU-ELC-002,Powerbank Fast Charging 10000mAh,Elektronik,519518,23151,5000,20780,RETURNED,2026-04-20 00:00:00,1,"Ukuran baju terlalu kecil dan jahitan tidak rapi, kecewa."
ORD-20262132,Lazada,SKU-KSH-001,Minyak Angin Aromatheraphy 10ml,Kesehatan,108784,26101,15000,4351,RETURNED,2026-06-13 00:00:00,1,"Pengiriman lama sekali, kemasan penyok dan barang agak lecet."
ORD-20262133,Shopee,SKU-ELC-001,Headset Bluetooth Wireless TWS,Elektronik,478802,16805,25000,19152,CANCELLED,2026-06-24 00:00:00,,
ORD-20262134,Lazada,SKU-PRM-001,Wajan Anti Lengket Granite 24cm,Perlengkapan Rumah,555241,32990,0,22209,COMPLETED,2026-04-14 00:00:00,3,"Biasa saja, pengiriman agak lama."
ORD-20262135,Shopee,SKU-PRM-001,Wajan Anti Lengket Granite 24cm,Perlengkapan Rumah,95232,25206,0,3809,CANCELLED,2026-06-11 00:00:00,,
ORD-20262136,Lazada,SKU-PRM-001,Wajan Anti Lengket Granite 24cm,Perlengkapan Rumah,188165,18773,25000,7526,RETURNED,2026-04-18 00:00:00,2,"Ukuran baju terlalu kecil dan jahitan tidak rapi, kecewa."
ORD-20262137,Shopee,SKU-KCT-001,Serum Wajah Brightening Vitamin C,Kecantikan,562026,11830,0,22481,COMPLETED,2026-01-02 00:00:00,5,"Kualitas ok sesuai harga, barang berfungsi dengan baik."
ORD-20262138,TikTok Shop,SKU-FSH-001,Kaos Polos Cotton Combed 30s,Fashion,303103,25451,25000,12124,COMPLETED,2026-08-20 00:00:00,3,"Biasa saja, pengiriman agak lama."
ORD-20262139,Tokopedia,SKU-ELC-001,Headset Bluetooth Wireless TWS,Elektronik,585694,19571,15000,23427,CANCELLED,2026-03-21 00:00:00,,
ORD-20262140,Tokopedia,SKU-ELC-001,Headset Bluetooth Wireless TWS,Elektronik,372868,32594,15000,14914,CANCELLED,2026-08-12 00:00:00,,
ORD-20262141,Tokopedia,SKU-FSH-002,Kemeja Flanel Kotak Lengan Panjang,Fashion,501398,28742,5000,20055,COMPLETED,2026-04-29 00:00:00,5,"Sangat puas belanja di toko ini, seller ramah dan responsif."
ORD-20262142,Tokopedia,SKU-ELC-001,Headset Bluetooth Wireless TWS,Elektronik,472893,24450,0,18915,COMPLETED,2026-04-01 00:00:00,5,"Barang original 100%, mantap recommended seller!"
ORD-20262143,Shopee,SKU-KCT-002,Sunscreen Gel SPF 50 PA++++,Kecantikan,702155,14288,25000,28086,CANCELLED,2026-08-13 00:00:00,,
ORD-20262144,Tokopedia,SKU-FSH-002,Kemeja Flanel Kotak Lengan Panjang,Fashion,277831,30285,0,11113,COMPLETED,2026-01-20 00:00:00,3,"Biasa saja, pengiriman agak lama."
ORD-20262145,Shopee,SKU-PRM-001,Wajan Anti Lengket Granite 24cm,Perlengkapan Rumah,635146,25270,0,25405,COMPLETED,2026-06-25 00:00:00,5,"Produk bagus banget, pengiriman cepat dan packing rapi!"
ORD-20262146,Shopee,SKU-FSH-001,Kaos Polos Cotton Combed 30s,Fashion,740528,14995,0,29621,COMPLETED,2026-01-01 00:00:00,4,"Produk bagus banget, pengiriman cepat dan packing rapi!"
ORD-20262147,Tokopedia,SKU-KSH-001,Minyak Angin Aromatheraphy 10ml,Kesehatan,65096,24523,10000,2603,COMPLETED,2026-08-15 00:00:00,5,"Kualitas ok sesuai harga, barang berfungsi dengan baik."
ORD-20262148,Lazada,SKU-KSH-001,Minyak Angin Aromatheraphy 10ml,Kesehatan,338461,26423,5000,13538,CANCELLED,2026-07-15 00:00:00,,
ORD-20262149,Tokopedia,SKU-PRM-001,Wajan Anti Lengket Granite 24cm,Perlengkapan Rumah,300049,14454,5000,12001,COMPLETED,2026-01-28 00:00:00,5,"Kualitas ok sesuai harga, barang berfungsi dengan baik."
ORD-20262150,Tokopedia,SKU-ELC-002,Powerbank Fast Charging 10000mAh,Elektronik,634422,34797,10000,25376,COMPLETED,2026-05-17 00:00:00,5,"Kualitas ok sesuai harga, barang berfungsi dengan baik."
ORD-20262151,Tokopedia,SKU-FSH-002,Kemeja Flanel Kotak Lengan Panjang,Fashion,488615,29055,0,19544,COMPLETED,2026-02-20 00:00:00,5,"Barang original 100%, mantap recommended seller!"
ORD-20262152,Shopee,SKU-ELC-001,Headset Bluetooth Wireless TWS,Elektronik,215690,25690,25000,8627,COMPLETED,2026-08-20 00:00:00,3,"Biasa saja, pengiriman agak lama."
ORD-20262153,TikTok Shop,SKU-FSH-001,Kaos Polos Cotton Combed 30s,Fashion,678632,27878,25000,27145,COMPLETED,2026-04-07 00:00:00,3,"Biasa saja, pengiriman agak lama."
ORD-20262154,TikTok Shop,SKU-KCT-001,Serum Wajah Brightening Vitamin C,Kecantikan,711943,32097,15000,28477,COMPLETED,2026-04-28 00:00:00,5,"Produk bagus banget, pengiriman cepat dan packing rapi!"
ORD-20262155,Lazada,SKU-PRM-001,Wajan Anti Lengket Granite 24cm,Perlengkapan Rumah,426942,17614,0,17077,CANCELLED,2026-05-18 00:00:00,,
ORD-20262156,Tokopedia,SKU-KCT-002,Sunscreen Gel SPF 50 PA++++,Kecantikan,717202,10301,25000,28688,RETURNED,2026-02-23 00:00:00,2,"Ukuran baju terlalu kecil dan jahitan tidak rapi, kecewa."
ORD-20262157,Lazada,SKU-ELC-002,Powerbank Fast Charging 10000mAh,Elektronik,402080,14836,15000,16083,COMPLETED,2026-04-14 00:00:00,5,"Kualitas ok sesuai harga, barang berfungsi dengan baik."
ORD-20262158,TikTok Shop,SKU-FSH-002,Kemeja Flanel Kotak Lengan Panjang,Fashion,421901,28916,10000,16876,COMPLETED,2026-04-21 00:00:00,5,"Barang original 100%, mantap recommended seller!"
ORD-20262159,Lazada,SKU-FSH-001,Kaos Polos Cotton Combed 30s,Fashion,68463,34476,15000,2738,COMPLETED,2026-04-22 00:00:00,4,"Sangat puas belanja di toko ini, seller ramah dan responsif."
ORD-20262160,Lazada,SKU-KSH-001,Minyak Angin Aromatheraphy 10ml,Kesehatan,528081,33982,25000,21123,COMPLETED,2026-05-27 00:00:00,5,"Sangat puas belanja di toko ini, seller ramah dan responsif."
ORD-20262161,TikTok Shop,SKU-FSH-001,Kaos Polos Cotton Combed 30s,Fashion,694113,25818,15000,27764,COMPLETED,2026-07-06 00:00:00,5,"Produk bagus banget, pengiriman cepat dan packing rapi!"
ORD-20262162,Shopee,SKU-ELC-002,Powerbank Fast Charging 10000mAh,Elektronik,80584,32537,10000,3223,RETURNED,2026-05-30 00:00:00,1,"Barang mati total saat diterima, respon garansi lambat!"
ORD-20262163,Lazada,SKU-KCT-001,Serum Wajah Brightening Vitamin C,Kecantikan,175165,33607,10000,7006,COMPLETED,2026-07-27 00:00:00,5,"Kualitas ok sesuai harga, barang berfungsi dengan baik."
ORD-20262164,TikTok Shop,SKU-FSH-002,Kemeja Flanel Kotak Lengan Panjang,Fashion,544246,31584,15000,21769,COMPLETED,2026-02-06 00:00:00,3,"Biasa saja, pengiriman agak lama."
ORD-20262165,Lazada,SKU-FSH-001,Kaos Polos Cotton Combed 30s,Fashion,582240,18629,25000,23289,CANCELLED,2026-03-13 00:00:00,,
ORD-20262166,Shopee,SKU-KSH-001,Minyak Angin Aromatheraphy 10ml,Kesehatan,657985,26179,0,26319,COMPLETED,2026-01-22 00:00:00,3,"Biasa saja, pengiriman agak lama."
ORD-20262167,TikTok Shop,SKU-FSH-002,Kemeja Flanel Kotak Lengan Panjang,Fashion,388213,30519,5000,15528,COMPLETED,2026-07-12 00:00:00,3,"Biasa saja, pengiriman agak lama."
ORD-20262168,Lazada,SKU-ELC-001,Headset Bluetooth Wireless TWS,Elektronik,678281,28749,10000,27131,COMPLETED,2026-05-19 00:00:00,3,"Biasa saja, pengiriman agak lama."
ORD-20262169,TikTok Shop,SKU-ELC-002,Powerbank Fast Charging 10000mAh,Elektronik,151417,18221,25000,6056,RETURNED,2026-05-07 00:00:00,2,"Bahan tipis tidak sesuai deskripsi produk, ajukan retur."
ORD-20262170,Shopee,SKU-KCT-001,Serum Wajah Brightening Vitamin C,Kecantikan,377877,19694,15000,15115,COMPLETED,2026-03-06 00:00:00,5,"Sangat puas belanja di toko ini, seller ramah dan responsif."
ORD-20262171,TikTok Shop,SKU-KCT-002,Sunscreen Gel SPF 50 PA++++,Kecantikan,361783,18229,15000,14471,CANCELLED,2026-08-22 00:00:00,,
ORD-20262172,Tokopedia,SKU-FSH-002,Kemeja Flanel Kotak Lengan Panjang,Fashion,537616,34319,15000,21504,COMPLETED,2026-06-30 00:00:00,4,"Produk bagus banget, pengiriman cepat dan packing rapi!"
ORD-20262173,Lazada,SKU-FSH-002,Kemeja Flanel Kotak Lengan Panjang,Fashion,731820,26442,25000,29272,COMPLETED,2026-04-04 00:00:00,5,"Barang original 100%, mantap recommended seller!"
ORD-20262174,TikTok Shop,SKU-KCT-002,Sunscreen Gel SPF 50 PA++++,Kecantikan,435638,19433,10000,17425,COMPLETED,2026-08-16 00:00:00,4,"Kualitas ok sesuai harga, barang berfungsi dengan baik."
ORD-20262175,Lazada,SKU-PRM-001,Wajan Anti Lengket Granite 24cm,Perlengkapan Rumah,609524,31620,25000,24380,COMPLETED,2026-03-30 00:00:00,5,"Kualitas ok sesuai harga, barang berfungsi dengan baik."
ORD-20262176,Lazada,SKU-ELC-002,Powerbank Fast Charging 10000mAh,Elektronik,176425,27733,5000,7057,CANCELLED,2026-09-04 00:00:00,,
ORD-20262177,Lazada,SKU-KCT-001,Serum Wajah Brightening Vitamin C,Kecantikan,275457,28182,0,11018,COMPLETED,2026-03-21 00:00:00,5,"Kualitas ok sesuai harga, barang berfungsi dengan baik."
ORD-20262178,TikTok Shop,SKU-KSH-001,Minyak Angin Aromatheraphy 10ml,Kesehatan,538839,16832,25000,21553,CANCELLED,2026-04-06 00:00:00,,
ORD-20262179,TikTok Shop,SKU-PRM-001,Wajan Anti Lengket Granite 24cm,Perlengkapan Rumah,577432,21943,0,23097,COMPLETED,2026-03-29 00:00:00,5,"Kualitas ok sesuai harga, barang berfungsi dengan baik."
ORD-20262180,Shopee,SKU-FSH-001,Kaos Polos Cotton Combed 30s,Fashion,142530,15318,0,5701,RETURNED,2026-01-09 00:00:00,2,"Ukuran baju terlalu kecil dan jahitan tidak rapi, kecewa."
ORD-20262181,Shopee,SKU-PRM-001,Wajan Anti Lengket Granite 24cm,Perlengkapan Rumah,423603,18308,25000,16944,CANCELLED,2026-08-13 00:00:00,,
ORD-20262182,TikTok Shop,SKU-KCT-002,Sunscreen Gel SPF 50 PA++++,Kecantikan,374226,25926,10000,14969,RETURNED,2026-06-09 00:00:00,2,"Ukuran baju terlalu kecil dan jahitan tidak rapi, kecewa."
ORD-20262183,Lazada,SKU-FSH-001,Kaos Polos Cotton Combed 30s,Fashion,273452,14311,25000,10938,CANCELLED,2026-04-20 00:00:00,,
ORD-20262184,TikTok Shop,SKU-PRM-001,Wajan Anti Lengket Granite 24cm,Perlengkapan Rumah,530657,10694,15000,21226,COMPLETED,2026-07-18 00:00:00,5,"Produk bagus banget, pengiriman cepat dan packing rapi!"
ORD-20262185,Tokopedia,SKU-ELC-001,Headset Bluetooth Wireless TWS,Elektronik,499050,13872,5000,19962,CANCELLED,2026-02-21 00:00:00,,
ORD-20262186,Tokopedia,SKU-ELC-001,Headset Bluetooth Wireless TWS,Elektronik,649249,20105,10000,25969,CANCELLED,2026-01-04 00:00:00,,
ORD-20262187,Lazada,SKU-FSH-001,Kaos Polos Cotton Combed 30s,Fashion,61878,11519,0,2475,COMPLETED,2026-02-15 00:00:00,5,"Kualitas ok sesuai harga, barang berfungsi dengan baik."
ORD-20262188,TikTok Shop,SKU-PRM-001,Wajan Anti Lengket Granite 24cm,Perlengkapan Rumah,747880,18583,15000,29915,CANCELLED,2026-07-22 00:00:00,,
ORD-20262189,Lazada,SKU-ELC-001,Headset Bluetooth Wireless TWS,Elektronik,494789,22554,5000,19791,COMPLETED,2026-01-07 00:00:00,5,"Sangat puas belanja di toko ini, seller ramah dan responsif."
ORD-20262190,Lazada,SKU-KSH-001,Minyak Angin Aromatheraphy 10ml,Kesehatan,140372,12736,15000,5614,COMPLETED,2026-02-17 00:00:00,3,"Biasa saja, pengiriman agak lama."
ORD-20262191,Tokopedia,SKU-KCT-002,Sunscreen Gel SPF 50 PA++++,Kecantikan,246612,22223,25000,9864,COMPLETED,2026-03-20 00:00:00,5,"Produk bagus banget, pengiriman cepat dan packing rapi!"
ORD-20262192,Tokopedia,SKU-ELC-002,Powerbank Fast Charging 10000mAh,Elektronik,171821,32407,10000,6872,COMPLETED,2026-04-28 00:00:00,5,"Produk bagus banget, pengiriman cepat dan packing rapi!"
ORD-20262193,Tokopedia,SKU-PRM-001,Wajan Anti Lengket Granite 24cm,Perlengkapan Rumah,579653,31713,5000,23186,COMPLETED,2026-01-19 00:00:00,5,"Kualitas ok sesuai harga, barang berfungsi dengan baik."
ORD-20262194,Tokopedia,SKU-FSH-001,Kaos Polos Cotton Combed 30s,Fashion,187137,17078,5000,7485,COMPLETED,2026-05-14 00:00:00,5,"Kualitas ok sesuai harga, barang berfungsi dengan baik."
ORD-20262195,Shopee,SKU-ELC-001,Headset Bluetooth Wireless TWS,Elektronik,361143,13608,25000,14445,CANCELLED,2026-05-15 00:00:00,,
ORD-20262196,Lazada,SKU-ELC-002,Powerbank Fast Charging 10000mAh,Elektronik,729850,20180,10000,29194,COMPLETED,2026-02-10 00:00:00,5,"Produk bagus banget, pengiriman cepat dan packing rapi!"
ORD-20262197,Tokopedia,SKU-ELC-002,Powerbank Fast Charging 10000mAh,Elektronik,600481,13364,10000,24019,COMPLETED,2026-05-30 00:00:00,5,"Sangat puas belanja di toko ini, seller ramah dan responsif."
ORD-20262198,Tokopedia,SKU-FSH-001,Kaos Polos Cotton Combed 30s,Fashion,723326,30347,0,28933,RETURNED,2026-07-04 00:00:00,1,"Pengiriman lama sekali, kemasan penyok dan barang agak lecet."
ORD-20262199,TikTok Shop,SKU-KCT-001,Serum Wajah Brightening Vitamin C,Kecantikan,641872,11771,0,25674,COMPLETED,2026-05-06 00:00:00,4,"Produk bagus banget, pengiriman cepat dan packing rapi!"
ORD-20262200,TikTok Shop,SKU-FSH-002,Kemeja Flanel Kotak Lengan Panjang,Fashion,537723,16484,25000,21508,COMPLETED,2026-03-15 00:00:00,4,"Barang original 100%, mantap recommended seller!"
ORD-20262201,Shopee,SKU-FSH-002,Kemeja Flanel Kotak Lengan Panjang,Fashion,737919,14330,10000,29516,COMPLETED,2026-03-26 00:00:00,5,"Produk bagus banget, pengiriman cepat dan packing rapi!"
ORD-20262202,TikTok Shop,SKU-PRM-001,Wajan Anti Lengket Granite 24cm,Perlengkapan Rumah,424044,27200,10000,16961,COMPLETED,2026-05-31 00:00:00,3,"Biasa saja, pengiriman agak lama."
ORD-20262203,Lazada,SKU-FSH-001,Kaos Polos Cotton Combed 30s,Fashion,44662,18343,0,1786,CANCELLED,2026-02-18 00:00:00,,
ORD-20262204,Lazada,SKU-FSH-001,Kaos Polos Cotton Combed 30s,Fashion,484395,33703,25000,19375,COMPLETED,2026-05-28 00:00:00,4,"Sangat puas belanja di toko ini, seller ramah dan responsif."
ORD-20262205,Tokopedia,SKU-FSH-001,Kaos Polos Cotton Combed 30s,Fashion,230404,13879,5000,9216,COMPLETED,2026-04-17 00:00:00,5,"Sangat puas belanja di toko ini, seller ramah dan responsif."
ORD-20262206,Shopee,SKU-KCT-002,Sunscreen Gel SPF 50 PA++++,Kecantikan,203846,10627,15000,8153,COMPLETED,2026-06-16 00:00:00,5,"Produk bagus banget, pengiriman cepat dan packing rapi!"
ORD-20262207,TikTok Shop,SKU-PRM-001,Wajan Anti Lengket Granite 24cm,Perlengkapan Rumah,102641,16263,5000,4105,COMPLETED,2026-04-24 00:00:00,4,"Sangat puas belanja di toko ini, seller ramah dan responsif."
ORD-20262208,TikTok Shop,SKU-KCT-001,Serum Wajah Brightening Vitamin C,Kecantikan,303275,18045,5000,12131,CANCELLED,2026-06-19 00:00:00,,
ORD-20262209,Tokopedia,SKU-FSH-001,Kaos Polos Cotton Combed 30s,Fashion,342044,34004,5000,13681,RETURNED,2026-04-20 00:00:00,2,"Barang mati total saat diterima, respon garansi lambat!"
ORD-20262210,Tokopedia,SKU-KSH-001,Minyak Angin Aromatheraphy 10ml,Kesehatan,228160,33543,25000,9126,COMPLETED,2026-02-25 00:00:00,3,"Biasa saja, pengiriman agak lama."
ORD-20262211,TikTok Shop,SKU-FSH-001,Kaos Polos Cotton Combed 30s,Fashion,646829,28497,25000,25873,CANCELLED,2026-03-27 00:00:00,,
ORD-20262212,Tokopedia,SKU-KCT-001,Serum Wajah Brightening Vitamin C,Kecantikan,383241,20022,25000,15329,CANCELLED,2026-08-18 00:00:00,,
ORD-20262213,TikTok Shop,SKU-FSH-002,Kemeja Flanel Kotak Lengan Panjang,Fashion,416499,24809,10000,16659,RETURNED,2026-01-13 00:00:00,2,"Bahan tipis tidak sesuai deskripsi produk, ajukan retur."
ORD-20262214,TikTok Shop,SKU-FSH-002,Kemeja Flanel Kotak Lengan Panjang,Fashion,259506,23989,5000,10380,RETURNED,2026-06-02 00:00:00,1,"Barang mati total saat diterima, respon garansi lambat!"
ORD-20262215,Shopee,SKU-FSH-001,Kaos Polos Cotton Combed 30s,Fashion,277622,20935,25000,11104,COMPLETED,2026-06-14 00:00:00,5,"Produk bagus banget, pengiriman cepat dan packing rapi!"
ORD-20262216,TikTok Shop,SKU-FSH-002,Kemeja Flanel Kotak Lengan Panjang,Fashion,301180,15952,15000,12047,COMPLETED,2026-07-31 00:00:00,5,"Barang original 100%, mantap recommended seller!"
ORD-20262217,Shopee,SKU-FSH-002,Kemeja Flanel Kotak Lengan Panjang,Fashion,695846,28752,10000,27833,COMPLETED,2026-05-30 00:00:00,5,"Kualitas ok sesuai harga, barang berfungsi dengan baik."
ORD-20262218,Tokopedia,SKU-KCT-002,Sunscreen Gel SPF 50 PA++++,Kecantikan,399707,18656,0,15988,COMPLETED,2026-01-09 00:00:00,5,"Kualitas ok sesuai harga, barang berfungsi dengan baik."
ORD-20262219,Shopee,SKU-FSH-001,Kaos Polos Cotton Combed 30s,Fashion,352406,29481,15000,14096,COMPLETED,2026-02-14 00:00:00,5,"Kualitas ok sesuai harga, barang berfungsi dengan baik."
ORD-20262220,Shopee,SKU-KCT-002,Sunscreen Gel SPF 50 PA++++,Kecantikan,80350,10210,10000,3214,COMPLETED,2026-02-19 00:00:00,3,"Biasa saja, pengiriman agak lama."
ORD-20262221,Shopee,SKU-FSH-001,Kaos Polos Cotton Combed 30s,Fashion,681733,34873,0,27269,COMPLETED,2026-04-23 00:00:00,5,"Sangat puas belanja di toko ini, seller ramah dan responsif."
ORD-20262222,Shopee,SKU-KSH-001,Minyak Angin Aromatheraphy 10ml,Kesehatan,132438,29465,10000,5297,RETURNED,2026-08-13 00:00:00,1,"Ukuran baju terlalu kecil dan jahitan tidak rapi, kecewa."
ORD-20262223,Shopee,SKU-PRM-001,Wajan Anti Lengket Granite 24cm,Perlengkapan Rumah,718135,30411,10000,28725,COMPLETED,2026-01-17 00:00:00,5,"Sangat puas belanja di toko ini, seller ramah dan responsif."
ORD-20262224,Tokopedia,SKU-KCT-001,Serum Wajah Brightening Vitamin C,Kecantikan,749592,33092,0,29983,RETURNED,2026-08-18 00:00:00,2,"Pengiriman lama sekali, kemasan penyok dan barang agak lecet."
ORD-20262225,Tokopedia,SKU-ELC-002,Powerbank Fast Charging 10000mAh,Elektronik,273855,23940,5000,10954,RETURNED,2026-01-31 00:00:00,2,"Ukuran baju terlalu kecil dan jahitan tidak rapi, kecewa."
ORD-20262226,Tokopedia,SKU-ELC-002,Powerbank Fast Charging 10000mAh,Elektronik,426266,32780,0,17050,CANCELLED,2026-08-10 00:00:00,,
ORD-20262227,TikTok Shop,SKU-ELC-001,Headset Bluetooth Wireless TWS,Elektronik,70641,29310,5000,2825,COMPLETED,2026-02-14 00:00:00,3,"Biasa saja, pengiriman agak lama."
ORD-20262228,Shopee,SKU-KSH-001,Minyak Angin Aromatheraphy 10ml,Kesehatan,595579,26527,15000,23823,RETURNED,2026-07-30 00:00:00,1,"Bahan tipis tidak sesuai deskripsi produk, ajukan retur."
ORD-20262229,Tokopedia,SKU-ELC-001,Headset Bluetooth Wireless TWS,Elektronik,615893,29871,10000,24635,COMPLETED,2026-01-07 00:00:00,3,"Biasa saja, pengiriman agak lama."
ORD-20262230,TikTok Shop,SKU-PRM-001,Wajan Anti Lengket Granite 24cm,Perlengkapan Rumah,658058,24686,5000,26322,COMPLETED,2026-02-12 00:00:00,5,"Sangat puas belanja di toko ini, seller ramah dan responsif."
ORD-20262231,Lazada,SKU-KCT-001,Serum Wajah Brightening Vitamin C,Kecantikan,385309,31031,0,15412,COMPLETED,2026-01-26 00:00:00,5,"Sangat puas belanja di toko ini, seller ramah dan responsif."
ORD-20262232,Tokopedia,SKU-KCT-001,Serum Wajah Brightening Vitamin C,Kecantikan,56361,21326,10000,2254,COMPLETED,2026-04-06 00:00:00,5,"Barang original 100%, mantap recommended seller!"
ORD-20262233,TikTok Shop,SKU-PRM-001,Wajan Anti Lengket Granite 24cm,Perlengkapan Rumah,572459,23670,15000,22898,CANCELLED,2026-03-26 00:00:00,,
ORD-20262234,Tokopedia,SKU-KCT-002,Sunscreen Gel SPF 50 PA++++,Kecantikan,283643,13832,10000,11345,COMPLETED,2026-07-20 00:00:00,5,"Sangat puas belanja di toko ini, seller ramah dan responsif."
ORD-20262235,Shopee,SKU-ELC-002,Powerbank Fast Charging 10000mAh,Elektronik,597540,20532,25000,23901,COMPLETED,2026-07-13 00:00:00,5,"Barang original 100%, mantap recommended seller!"
ORD-20262236,Lazada,SKU-PRM-001,Wajan Anti Lengket Granite 24cm,Perlengkapan Rumah,311216,28274,10000,12448,COMPLETED,2026-04-15 00:00:00,3,"Biasa saja, pengiriman agak lama."
ORD-20262237,TikTok Shop,SKU-KCT-002,Sunscreen Gel SPF 50 PA++++,Kecantikan,721694,17276,5000,28867,CANCELLED,2026-05-25 00:00:00,,
ORD-20262238,TikTok Shop,SKU-PRM-001,Wajan Anti Lengket Granite 24cm,Perlengkapan Rumah,230765,18249,5000,9230,COMPLETED,2026-05-27 00:00:00,5,"Kualitas ok sesuai harga, barang berfungsi dengan baik."
ORD-20262239,TikTok Shop,SKU-FSH-001,Kaos Polos Cotton Combed 30s,Fashion,145289,25328,15000,5811,CANCELLED,2026-06-24 00:00:00,,
ORD-20262240,Tokopedia,SKU-KCT-002,Sunscreen Gel SPF 50 PA++++,Kecantikan,230564,10643,15000,9222,COMPLETED,2026-01-23 00:00:00,5,"Produk bagus banget, pengiriman cepat dan packing rapi!"
ORD-20262241,Shopee,SKU-KCT-001,Serum Wajah Brightening Vitamin C,Kecantikan,547100,22971,0,21884,COMPLETED,2026-04-13 00:00:00,5,"Kualitas ok sesuai harga, barang berfungsi dengan baik."
ORD-20262242,Tokopedia,SKU-FSH-002,Kemeja Flanel Kotak Lengan Panjang,Fashion,551257,32671,5000,22050,COMPLETED,2026-02-06 00:00:00,5,"Sangat puas belanja di toko ini, seller ramah dan responsif."
ORD-20262243,Shopee,SKU-FSH-001,Kaos Polos Cotton Combed 30s,Fashion,509957,21948,10000,20398,CANCELLED,2026-06-02 00:00:00,,
ORD-20262244,Lazada,SKU-ELC-001,Headset Bluetooth Wireless TWS,Elektronik,575789,25137,5000,23031,COMPLETED,2026-03-14 00:00:00,5,"Sangat puas belanja di toko ini, seller ramah dan responsif."
ORD-20262245,TikTok Shop,SKU-PRM-001,Wajan Anti Lengket Granite 24cm,Perlengkapan Rumah,87195,14472,10000,3487,COMPLETED,2026-04-28 00:00:00,5,"Sangat puas belanja di toko ini, seller ramah dan responsif."
ORD-20262246,Shopee,SKU-FSH-001,Kaos Polos Cotton Combed 30s,Fashion,328920,20915,25000,13156,COMPLETED,2026-07-06 00:00:00,5,"Kualitas ok sesuai harga, barang berfungsi dengan baik."
ORD-20262247,Lazada,SKU-PRM-001,Wajan Anti Lengket Granite 24cm,Perlengkapan Rumah,655641,12087,0,26225,RETURNED,2026-08-08 00:00:00,2,"Bahan tipis tidak sesuai deskripsi produk, ajukan retur."
ORD-20262248,Tokopedia,SKU-ELC-001,Headset Bluetooth Wireless TWS,Elektronik,458112,13618,10000,18324,CANCELLED,2026-05-31 00:00:00,,
ORD-20262249,Lazada,SKU-KCT-001,Serum Wajah Brightening Vitamin C,Kecantikan,517945,29232,10000,20717,COMPLETED,2026-08-22 00:00:00,5,"Kualitas ok sesuai harga, barang berfungsi dengan baik."
ORD-20262250,TikTok Shop,SKU-KCT-002,Sunscreen Gel SPF 50 PA++++,Kecantikan,150506,26672,15000,6020,RETURNED,2026-01-02 00:00:00,1,"Ukuran baju terlalu kecil dan jahitan tidak rapi, kecewa."
ORD-20262251,Tokopedia,SKU-KCT-002,Sunscreen Gel SPF 50 PA++++,Kecantikan,266316,31541,15000,10652,COMPLETED,2026-05-21 00:00:00,3,"Biasa saja, pengiriman agak lama."
ORD-20262252,Shopee,SKU-KSH-001,Minyak Angin Aromatheraphy 10ml,Kesehatan,649340,31940,25000,25973,COMPLETED,2026-06-04 00:00:00,4,"Barang original 100%, mantap recommended seller!"
ORD-20262253,TikTok Shop,SKU-KCT-001,Serum Wajah Brightening Vitamin C,Kecantikan,35615,26875,0,1424,COMPLETED,2026-03-05 00:00:00,5,"Sangat puas belanja di toko ini, seller ramah dan responsif."
ORD-20262254,TikTok Shop,SKU-ELC-001,Headset Bluetooth Wireless TWS,Elektronik,374215,24714,0,14968,COMPLETED,2026-09-02 00:00:00,4,"Barang original 100%, mantap recommended seller!"
ORD-20262255,Shopee,SKU-ELC-001,Headset Bluetooth Wireless TWS,Elektronik,630512,28073,25000,25220,COMPLETED,2026-03-31 00:00:00,4,"Sangat puas belanja di toko ini, seller ramah dan responsif."
ORD-20262256,Shopee,SKU-KSH-001,Minyak Angin Aromatheraphy 10ml,Kesehatan,727595,34223,25000,29103,COMPLETED,2026-01-18 00:00:00,5,"Produk bagus banget, pengiriman cepat dan packing rapi!"
ORD-20262257,Tokopedia,SKU-FSH-001,Kaos Polos Cotton Combed 30s,Fashion,299847,20880,15000,11993,COMPLETED,2026-03-17 00:00:00,5,"Kualitas ok sesuai harga, barang berfungsi dengan baik."
ORD-20262258,Tokopedia,SKU-KCT-002,Sunscreen Gel SPF 50 PA++++,Kecantikan,172628,23387,0,6905,COMPLETED,2026-02-15 00:00:00,5,"Sangat puas belanja di toko ini, seller ramah dan responsif."
ORD-20262259,Shopee,SKU-PRM-001,Wajan Anti Lengket Granite 24cm,Perlengkapan Rumah,744935,32559,10000,29797,COMPLETED,2026-02-22 00:00:00,5,"Kualitas ok sesuai harga, barang berfungsi dengan baik."
ORD-20262260,TikTok Shop,SKU-PRM-001,Wajan Anti Lengket Granite 24cm,Perlengkapan Rumah,615615,16227,15000,24624,CANCELLED,2026-05-03 00:00:00,,
ORD-20262261,TikTok Shop,SKU-PRM-001,Wajan Anti Lengket Granite 24cm,Perlengkapan Rumah,328461,14116,10000,13138,CANCELLED,2026-05-29 00:00:00,,
ORD-20262262,TikTok Shop,SKU-KCT-001,Serum Wajah Brightening Vitamin C,Kecantikan,564457,12207,25000,22578,COMPLETED,2026-03-28 00:00:00,5,"Produk bagus banget, pengiriman cepat dan packing rapi!"
ORD-20262263,Lazada,SKU-FSH-001,Kaos Polos Cotton Combed 30s,Fashion,156859,23659,0,6274,COMPLETED,2026-05-11 00:00:00,5,"Produk bagus banget, pengiriman cepat dan packing rapi!"
ORD-20262264,Shopee,SKU-FSH-001,Kaos Polos Cotton Combed 30s,Fashion,425225,14394,10000,17009,COMPLETED,2026-05-27 00:00:00,5,"Kualitas ok sesuai harga, barang berfungsi dengan baik."
ORD-20262265,Shopee,SKU-ELC-001,Headset Bluetooth Wireless TWS,Elektronik,563775,21383,5000,22551,COMPLETED,2026-01-23 00:00:00,5,"Produk bagus banget, pengiriman cepat dan packing rapi!"
ORD-20262266,Lazada,SKU-FSH-001,Kaos Polos Cotton Combed 30s,Fashion,267087,15791,25000,10683,CANCELLED,2026-04-13 00:00:00,,
ORD-20262267,Shopee,SKU-KSH-001,Minyak Angin Aromatheraphy 10ml,Kesehatan,313561,32634,5000,12542,COMPLETED,2026-03-01 00:00:00,5,"Kualitas ok sesuai harga, barang berfungsi dengan baik."
ORD-20262268,TikTok Shop,SKU-FSH-002,Kemeja Flanel Kotak Lengan Panjang,Fashion,68677,18140,25000,2747,RETURNED,2026-08-02 00:00:00,1,"Pengiriman lama sekali, kemasan penyok dan barang agak lecet."
ORD-20262269,TikTok Shop,SKU-KCT-001,Serum Wajah Brightening Vitamin C,Kecantikan,153596,25186,10000,6143,COMPLETED,2026-04-22 00:00:00,3,"Biasa saja, pengiriman agak lama."
ORD-20262270,Tokopedia,SKU-ELC-002,Powerbank Fast Charging 10000mAh,Elektronik,379598,12930,25000,15183,COMPLETED,2026-06-27 00:00:00,5,"Kualitas ok sesuai harga, barang berfungsi dengan baik."
ORD-20262271,Shopee,SKU-ELC-001,Headset Bluetooth Wireless TWS,Elektronik,193415,19463,10000,7736,COMPLETED,2026-05-21 00:00:00,5,"Sangat puas belanja di toko ini, seller ramah dan responsif."
ORD-20262272,TikTok Shop,SKU-ELC-001,Headset Bluetooth Wireless TWS,Elektronik,690595,19343,15000,27623,CANCELLED,2026-05-08 00:00:00,,
ORD-20262273,Tokopedia,SKU-KCT-001,Serum Wajah Brightening Vitamin C,Kecantikan,469814,10627,5000,18792,RETURNED,2026-06-01 00:00:00,1,"Ukuran baju terlalu kecil dan jahitan tidak rapi, kecewa."
ORD-20262274,Tokopedia,SKU-FSH-002,Kemeja Flanel Kotak Lengan Panjang,Fashion,78999,16154,0,3159,COMPLETED,2026-06-15 00:00:00,5,"Kualitas ok sesuai harga, barang berfungsi dengan baik."
ORD-20262275,Tokopedia,SKU-ELC-001,Headset Bluetooth Wireless TWS,Elektronik,401577,16414,15000,16063,COMPLETED,2026-04-13 00:00:00,4,"Produk bagus banget, pengiriman cepat dan packing rapi!"
ORD-20262276,Lazada,SKU-ELC-001,Headset Bluetooth Wireless TWS,Elektronik,407345,30072,5000,16293,CANCELLED,2026-06-09 00:00:00,,
ORD-20262277,Lazada,SKU-KSH-001,Minyak Angin Aromatheraphy 10ml,Kesehatan,301015,33728,25000,12040,COMPLETED,2026-04-26 00:00:00,5,"Kualitas ok sesuai harga, barang berfungsi dengan baik."
ORD-20262278,Tokopedia,SKU-KCT-002,Sunscreen Gel SPF 50 PA++++,Kecantikan,297589,13732,10000,11903,COMPLETED,2026-07-19 00:00:00,4,"Barang original 100%, mantap recommended seller!"
ORD-20262279,Lazada,SKU-FSH-002,Kemeja Flanel Kotak Lengan Panjang,Fashion,712269,16676,5000,28490,COMPLETED,2026-09-07 00:00:00,5,"Sangat puas belanja di toko ini, seller ramah dan responsif."
ORD-20262280,Shopee,SKU-PRM-001,Wajan Anti Lengket Granite 24cm,Perlengkapan Rumah,586075,34430,25000,23443,COMPLETED,2026-06-11 00:00:00,5,"Barang original 100%, mantap recommended seller!"
ORD-20262281,Shopee,SKU-ELC-002,Powerbank Fast Charging 10000mAh,Elektronik,105590,12220,0,4223,COMPLETED,2026-05-30 00:00:00,5,"Barang original 100%, mantap recommended seller!"
ORD-20262282,Shopee,SKU-ELC-002,Powerbank Fast Charging 10000mAh,Elektronik,122599,19584,5000,4903,CANCELLED,2026-08-25 00:00:00,,
ORD-20262283,TikTok Shop,SKU-KCT-002,Sunscreen Gel SPF 50 PA++++,Kecantikan,694927,16183,15000,27797,COMPLETED,2026-03-18 00:00:00,5,"Kualitas ok sesuai harga, barang berfungsi dengan baik."
ORD-20262284,Shopee,SKU-FSH-001,Kaos Polos Cotton Combed 30s,Fashion,404107,16566,5000,16164,COMPLETED,2026-06-29 00:00:00,4,"Kualitas ok sesuai harga, barang berfungsi dengan baik."
ORD-20262285,TikTok Shop,SKU-KCT-002,Sunscreen Gel SPF 50 PA++++,Kecantikan,249903,20875,5000,9996,RETURNED,2026-04-08 00:00:00,1,"Barang mati total saat diterima, respon garansi lambat!"
ORD-20262286,Shopee,SKU-FSH-001,Kaos Polos Cotton Combed 30s,Fashion,682157,32261,0,27286,COMPLETED,2026-03-26 00:00:00,5,"Barang original 100%, mantap recommended seller!"
ORD-20262287,Tokopedia,SKU-PRM-001,Wajan Anti Lengket Granite 24cm,Perlengkapan Rumah,383120,23412,15000,15324,COMPLETED,2026-08-26 00:00:00,5,"Produk bagus banget, pengiriman cepat dan packing rapi!"
ORD-20262288,Lazada,SKU-KCT-001,Serum Wajah Brightening Vitamin C,Kecantikan,130967,17379,15000,5238,RETURNED,2026-02-28 00:00:00,2,"Ukuran baju terlalu kecil dan jahitan tidak rapi, kecewa."
ORD-20262289,Lazada,SKU-PRM-001,Wajan Anti Lengket Granite 24cm,Perlengkapan Rumah,138979,32179,15000,5559,RETURNED,2026-04-22 00:00:00,2,"Pengiriman lama sekali, kemasan penyok dan barang agak lecet."
ORD-20262290,Tokopedia,SKU-KSH-001,Minyak Angin Aromatheraphy 10ml,Kesehatan,611765,24051,5000,24470,CANCELLED,2026-04-16 00:00:00,,
ORD-20262291,Lazada,SKU-FSH-002,Kemeja Flanel Kotak Lengan Panjang,Fashion,120403,21129,5000,4816,COMPLETED,2026-08-13 00:00:00,5,"Produk bagus banget, pengiriman cepat dan packing rapi!"
ORD-20262292,Tokopedia,SKU-KCT-002,Sunscreen Gel SPF 50 PA++++,Kecantikan,476227,17425,10000,19049,COMPLETED,2026-01-19 00:00:00,5,"Sangat puas belanja di toko ini, seller ramah dan responsif."
ORD-20262293,Shopee,SKU-KSH-001,Minyak Angin Aromatheraphy 10ml,Kesehatan,507258,22351,15000,20290,COMPLETED,2026-09-08 00:00:00,5,"Kualitas ok sesuai harga, barang berfungsi dengan baik."
ORD-20262294,Shopee,SKU-KCT-001,Serum Wajah Brightening Vitamin C,Kecantikan,627494,18635,5000,25099,RETURNED,2026-03-27 00:00:00,1,"Ukuran baju terlalu kecil dan jahitan tidak rapi, kecewa."
ORD-20262295,Tokopedia,SKU-KCT-002,Sunscreen Gel SPF 50 PA++++,Kecantikan,193281,33233,15000,7731,COMPLETED,2026-01-27 00:00:00,3,"Biasa saja, pengiriman agak lama."
ORD-20262296,Lazada,SKU-ELC-002,Powerbank Fast Charging 10000mAh,Elektronik,219923,20664,10000,8796,COMPLETED,2026-05-24 00:00:00,5,"Kualitas ok sesuai harga, barang berfungsi dengan baik."
ORD-20262297,TikTok Shop,SKU-KCT-002,Sunscreen Gel SPF 50 PA++++,Kecantikan,179365,13304,25000,7174,CANCELLED,2026-07-13 00:00:00,,
ORD-20262298,Shopee,SKU-ELC-001,Headset Bluetooth Wireless TWS,Elektronik,433565,29748,25000,17342,COMPLETED,2026-07-30 00:00:00,5,"Sangat puas belanja di toko ini, seller ramah dan responsif."
ORD-20262299,Tokopedia,SKU-ELC-002,Powerbank Fast Charging 10000mAh,Elektronik,375265,27238,10000,15010,COMPLETED,2026-01-14 00:00:00,5,"Produk bagus banget, pengiriman cepat dan packing rapi!"
ORD-20262300,Lazada,SKU-FSH-001,Kaos Polos Cotton Combed 30s,Fashion,454018,18166,25000,18160,COMPLETED,2026-03-15 00:00:00,5,"Produk bagus banget, pengiriman cepat dan packing rapi!"
ORD-20262301,Lazada,SKU-KSH-001,Minyak Angin Aromatheraphy 10ml,Kesehatan,122972,29796,5000,4918,RETURNED,2026-07-30 00:00:00,2,"Pengiriman lama sekali, kemasan penyok dan barang agak lecet."
ORD-20262302,Shopee,SKU-ELC-001,Headset Bluetooth Wireless TWS,Elektronik,75450,23446,15000,3018,CANCELLED,2026-03-25 00:00:00,,
ORD-20262303,Tokopedia,SKU-KCT-001,Serum Wajah Brightening Vitamin C,Kecantikan,226207,10892,25000,9048,RETURNED,2026-02-05 00:00:00,1,"Bahan tipis tidak sesuai deskripsi produk, ajukan retur."
ORD-20262304,Tokopedia,SKU-PRM-001,Wajan Anti Lengket Granite 24cm,Perlengkapan Rumah,414351,12495,0,16574,CANCELLED,2026-07-10 00:00:00,,
ORD-20262305,TikTok Shop,SKU-FSH-001,Kaos Polos Cotton Combed 30s,Fashion,664991,22048,5000,26599,COMPLETED,2026-04-14 00:00:00,5,"Kualitas ok sesuai harga, barang berfungsi dengan baik."
ORD-20262306,Lazada,SKU-KCT-001,Serum Wajah Brightening Vitamin C,Kecantikan,584340,34220,5000,23373,COMPLETED,2026-06-15 00:00:00,4,"Sangat puas belanja di toko ini, seller ramah dan responsif."
ORD-20262307,Shopee,SKU-FSH-001,Kaos Polos Cotton Combed 30s,Fashion,279808,27227,15000,11192,CANCELLED,2026-06-29 00:00:00,,
ORD-20262308,Tokopedia,SKU-FSH-002,Kemeja Flanel Kotak Lengan Panjang,Fashion,465970,23342,15000,18638,CANCELLED,2026-09-04 00:00:00,,
ORD-20262309,TikTok Shop,SKU-ELC-001,Headset Bluetooth Wireless TWS,Elektronik,337165,34965,0,13486,COMPLETED,2026-06-18 00:00:00,3,"Biasa saja, pengiriman agak lama."
ORD-20262310,Shopee,SKU-KSH-001,Minyak Angin Aromatheraphy 10ml,Kesehatan,736824,18536,5000,29472,COMPLETED,2026-05-12 00:00:00,5,"Kualitas ok sesuai harga, barang berfungsi dengan baik."
ORD-20262311,TikTok Shop,SKU-KCT-001,Serum Wajah Brightening Vitamin C,Kecantikan,701451,21077,10000,28058,COMPLETED,2026-08-26 00:00:00,3,"Biasa saja, pengiriman agak lama."
ORD-20262312,Shopee,SKU-FSH-002,Kemeja Flanel Kotak Lengan Panjang,Fashion,700426,12841,25000,28017,RETURNED,2026-01-29 00:00:00,2,"Ukuran baju terlalu kecil dan jahitan tidak rapi, kecewa."
ORD-20262313,Shopee,SKU-KCT-002,Sunscreen Gel SPF 50 PA++++,Kecantikan,142130,24069,5000,5685,CANCELLED,2026-04-15 00:00:00,,
ORD-20262314,Shopee,SKU-FSH-002,Kemeja Flanel Kotak Lengan Panjang,Fashion,529812,24765,5000,21192,CANCELLED,2026-02-22 00:00:00,,
ORD-20262315,Lazada,SKU-FSH-002,Kemeja Flanel Kotak Lengan Panjang,Fashion,640173,21852,0,25606,COMPLETED,2026-04-11 00:00:00,5,"Kualitas ok sesuai harga, barang berfungsi dengan baik."
ORD-20262316,Tokopedia,SKU-KCT-001,Serum Wajah Brightening Vitamin C,Kecantikan,105567,29315,15000,4222,COMPLETED,2026-02-22 00:00:00,4,"Kualitas ok sesuai harga, barang berfungsi dengan baik."
ORD-20262317,TikTok Shop,SKU-ELC-001,Headset Bluetooth Wireless TWS,Elektronik,700805,25786,5000,28032,COMPLETED,2026-07-07 00:00:00,5,"Sangat puas belanja di toko ini, seller ramah dan responsif."
ORD-20262318,Shopee,SKU-PRM-001,Wajan Anti Lengket Granite 24cm,Perlengkapan Rumah,438426,25121,15000,17537,COMPLETED,2026-03-17 00:00:00,5,"Sangat puas belanja di toko ini, seller ramah dan responsif."
ORD-20262319,Lazada,SKU-KSH-001,Minyak Angin Aromatheraphy 10ml,Kesehatan,419981,24708,0,16799,CANCELLED,2026-07-18 00:00:00,,
ORD-20262320,Shopee,SKU-ELC-001,Headset Bluetooth Wireless TWS,Elektronik,301683,19328,15000,12067,COMPLETED,2026-08-01 00:00:00,5,"Produk bagus banget, pengiriman cepat dan packing rapi!"
ORD-20262321,Tokopedia,SKU-KSH-001,Minyak Angin Aromatheraphy 10ml,Kesehatan,712067,22349,10000,28482,RETURNED,2026-06-29 00:00:00,2,"Bahan tipis tidak sesuai deskripsi produk, ajukan retur."
ORD-20262322,Shopee,SKU-ELC-001,Headset Bluetooth Wireless TWS,Elektronik,155486,23920,0,6219,CANCELLED,2026-03-19 00:00:00,,
ORD-20262323,TikTok Shop,SKU-ELC-002,Powerbank Fast Charging 10000mAh,Elektronik,129296,33843,5000,5171,COMPLETED,2026-06-13 00:00:00,5,"Kualitas ok sesuai harga, barang berfungsi dengan baik."
ORD-20262324,Shopee,SKU-KCT-001,Serum Wajah Brightening Vitamin C,Kecantikan,533740,12757,15000,21349,COMPLETED,2026-04-23 00:00:00,4,"Produk bagus banget, pengiriman cepat dan packing rapi!"
ORD-20262325,Lazada,SKU-FSH-001,Kaos Polos Cotton Combed 30s,Fashion,120249,34398,15000,4809,COMPLETED,2026-03-29 00:00:00,5,"Kualitas ok sesuai harga, barang berfungsi dengan baik."
ORD-20262326,Tokopedia,SKU-ELC-002,Powerbank Fast Charging 10000mAh,Elektronik,686669,12608,25000,27466,COMPLETED,2026-01-30 00:00:00,5,"Sangat puas belanja di toko ini, seller ramah dan responsif."
ORD-20262327,Tokopedia,SKU-ELC-001,Headset Bluetooth Wireless TWS,Elektronik,570893,27577,25000,22835,COMPLETED,2026-01-09 00:00:00,4,"Kualitas ok sesuai harga, barang berfungsi dengan baik."
ORD-20262328,TikTok Shop,SKU-KCT-001,Serum Wajah Brightening Vitamin C,Kecantikan,711675,27317,25000,28467,RETURNED,2026-03-17 00:00:00,2,"Ukuran baju terlalu kecil dan jahitan tidak rapi, kecewa."
ORD-20262329,Tokopedia,SKU-ELC-001,Headset Bluetooth Wireless TWS,Elektronik,673917,13925,15000,26956,COMPLETED,2026-07-10 00:00:00,3,"Biasa saja, pengiriman agak lama."
ORD-20262330,TikTok Shop,SKU-PRM-001,Wajan Anti Lengket Granite 24cm,Perlengkapan Rumah,307953,10363,0,12318,RETURNED,2026-03-03 00:00:00,2,"Ukuran baju terlalu kecil dan jahitan tidak rapi, kecewa."
ORD-20262331,Tokopedia,SKU-ELC-001,Headset Bluetooth Wireless TWS,Elektronik,576754,12905,0,23070,COMPLETED,2026-05-11 00:00:00,5,"Produk bagus banget, pengiriman cepat dan packing rapi!"
ORD-20262332,TikTok Shop,SKU-ELC-001,Headset Bluetooth Wireless TWS,Elektronik,335908,17551,0,13436,RETURNED,2026-01-02 00:00:00,2,"Pengiriman lama sekali, kemasan penyok dan barang agak lecet."
ORD-20262333,Tokopedia,SKU-ELC-002,Powerbank Fast Charging 10000mAh,Elektronik,220857,16745,25000,8834,COMPLETED,2026-08-12 00:00:00,5,"Produk bagus banget, pengiriman cepat dan packing rapi!"
ORD-20262334,Shopee,SKU-ELC-001,Headset Bluetooth Wireless TWS,Elektronik,296689,31365,15000,11867,COMPLETED,2026-01-09 00:00:00,3,"Biasa saja, pengiriman agak lama."
ORD-20262335,Tokopedia,SKU-FSH-002,Kemeja Flanel Kotak Lengan Panjang,Fashion,133732,21787,0,5349,COMPLETED,2026-03-16 00:00:00,5,"Barang original 100%, mantap recommended seller!"
ORD-20262336,TikTok Shop,SKU-KCT-001,Serum Wajah Brightening Vitamin C,Kecantikan,374629,31273,10000,14985,COMPLETED,2026-01-20 00:00:00,4,"Sangat puas belanja di toko ini, seller ramah dan responsif."
ORD-20262337,Lazada,SKU-KSH-001,Minyak Angin Aromatheraphy 10ml,Kesehatan,480003,11774,25000,19200,COMPLETED,2026-06-14 00:00:00,4,"Sangat puas belanja di toko ini, seller ramah dan responsif."
ORD-20262338,Lazada,SKU-KSH-001,Minyak Angin Aromatheraphy 10ml,Kesehatan,178745,17067,15000,7149,RETURNED,2026-05-21 00:00:00,2,"Pengiriman lama sekali, kemasan penyok dan barang agak lecet."
ORD-20262339,Tokopedia,SKU-ELC-001,Headset Bluetooth Wireless TWS,Elektronik,268559,16475,10000,10742,RETURNED,2026-07-08 00:00:00,2,"Bahan tipis tidak sesuai deskripsi produk, ajukan retur."
ORD-20262340,Shopee,SKU-ELC-001,Headset Bluetooth Wireless TWS,Elektronik,330250,22707,15000,13210,COMPLETED,2026-04-16 00:00:00,5,"Produk bagus banget, pengiriman cepat dan packing rapi!"
ORD-20262341,Shopee,SKU-KCT-002,Sunscreen Gel SPF 50 PA++++,Kecantikan,372396,34746,5000,14895,COMPLETED,2026-07-06 00:00:00,3,"Biasa saja, pengiriman agak lama."
ORD-20262342,Shopee,SKU-FSH-002,Kemeja Flanel Kotak Lengan Panjang,Fashion,269442,19836,15000,10777,COMPLETED,2026-04-22 00:00:00,3,"Biasa saja, pengiriman agak lama."
ORD-20262343,Tokopedia,SKU-ELC-001,Headset Bluetooth Wireless TWS,Elektronik,594016,24175,5000,23760,COMPLETED,2026-08-01 00:00:00,5,"Barang original 100%, mantap recommended seller!"
ORD-20262344,Shopee,SKU-ELC-001,Headset Bluetooth Wireless TWS,Elektronik,104325,25230,15000,4173,COMPLETED,2026-04-05 00:00:00,4,"Barang original 100%, mantap recommended seller!"
ORD-20262345,TikTok Shop,SKU-KSH-001,Minyak Angin Aromatheraphy 10ml,Kesehatan,71360,28096,25000,2854,COMPLETED,2026-01-02 00:00:00,5,"Sangat puas belanja di toko ini, seller ramah dan responsif."
ORD-20262346,TikTok Shop,SKU-ELC-002,Powerbank Fast Charging 10000mAh,Elektronik,377994,20425,5000,15119,COMPLETED,2026-03-26 00:00:00,4,"Barang original 100%, mantap recommended seller!"
ORD-20262347,Tokopedia,SKU-KCT-002,Sunscreen Gel SPF 50 PA++++,Kecantikan,117458,21718,15000,4698,COMPLETED,2026-04-16 00:00:00,5,"Produk bagus banget, pengiriman cepat dan packing rapi!"
ORD-20262348,TikTok Shop,SKU-ELC-001,Headset Bluetooth Wireless TWS,Elektronik,277538,15088,25000,11101,COMPLETED,2026-03-15 00:00:00,4,"Barang original 100%, mantap recommended seller!"
ORD-20262349,Shopee,SKU-FSH-002,Kemeja Flanel Kotak Lengan Panjang,Fashion,239582,18683,0,9583,COMPLETED,2026-04-03 00:00:00,3,"Biasa saja, pengiriman agak lama."
ORD-20262350,TikTok Shop,SKU-KCT-002,Sunscreen Gel SPF 50 PA++++,Kecantikan,740535,33235,15000,29621,COMPLETED,2026-09-05 00:00:00,3,"Biasa saja, pengiriman agak lama."
ORD-20262351,Tokopedia,SKU-ELC-001,Headset Bluetooth Wireless TWS,Elektronik,495165,34582,25000,19806,CANCELLED,2026-01-19 00:00:00,,
ORD-20262352,Tokopedia,SKU-KCT-002,Sunscreen Gel SPF 50 PA++++,Kecantikan,139197,33410,15000,5567,CANCELLED,2026-08-23 00:00:00,,
ORD-20262353,Lazada,SKU-ELC-001,Headset Bluetooth Wireless TWS,Elektronik,111245,18205,10000,4449,CANCELLED,2026-02-08 00:00:00,,
ORD-20262354,Shopee,SKU-ELC-001,Headset Bluetooth Wireless TWS,Elektronik,332688,16287,5000,13307,COMPLETED,2026-03-03 00:00:00,3,"Biasa saja, pengiriman agak lama."
ORD-20262355,Tokopedia,SKU-KCT-001,Serum Wajah Brightening Vitamin C,Kecantikan,67511,18749,5000,2700,COMPLETED,2026-05-25 00:00:00,5,"Kualitas ok sesuai harga, barang berfungsi dengan baik."
ORD-20262356,Shopee,SKU-PRM-001,Wajan Anti Lengket Granite 24cm,Perlengkapan Rumah,369875,21256,25000,14795,COMPLETED,2026-04-11 00:00:00,5,"Kualitas ok sesuai harga, barang berfungsi dengan baik."
ORD-20262357,Shopee,SKU-PRM-001,Wajan Anti Lengket Granite 24cm,Perlengkapan Rumah,647691,18775,10000,25907,COMPLETED,2026-02-08 00:00:00,3,"Biasa saja, pengiriman agak lama."
ORD-20262358,Lazada,SKU-KSH-001,Minyak Angin Aromatheraphy 10ml,Kesehatan,125276,34748,25000,5011,COMPLETED,2026-05-31 00:00:00,5,"Produk bagus banget, pengiriman cepat dan packing rapi!"
ORD-20262359,Tokopedia,SKU-ELC-002,Powerbank Fast Charging 10000mAh,Elektronik,249967,33142,5000,9998,CANCELLED,2026-02-24 00:00:00,,
ORD-20262360,TikTok Shop,SKU-FSH-002,Kemeja Flanel Kotak Lengan Panjang,Fashion,650657,18938,5000,26026,COMPLETED,2026-02-12 00:00:00,4,"Barang original 100%, mantap recommended seller!"
ORD-20262361,Lazada,SKU-KSH-001,Minyak Angin Aromatheraphy 10ml,Kesehatan,40142,10339,25000,1605,COMPLETED,2026-02-28 00:00:00,5,"Barang original 100%, mantap recommended seller!"
ORD-20262362,Tokopedia,SKU-KCT-002,Sunscreen Gel SPF 50 PA++++,Kecantikan,305519,18496,15000,12220,COMPLETED,2026-02-07 00:00:00,3,"Biasa saja, pengiriman agak lama."
ORD-20262363,TikTok Shop,SKU-KSH-001,Minyak Angin Aromatheraphy 10ml,Kesehatan,230756,31103,10000,9230,COMPLETED,2026-04-14 00:00:00,4,"Produk bagus banget, pengiriman cepat dan packing rapi!"
ORD-20262364,Lazada,SKU-FSH-001,Kaos Polos Cotton Combed 30s,Fashion,378568,34732,25000,15142,COMPLETED,2026-04-12 00:00:00,4,"Kualitas ok sesuai harga, barang berfungsi dengan baik."
ORD-20262365,TikTok Shop,SKU-KCT-002,Sunscreen Gel SPF 50 PA++++,Kecantikan,431838,26668,5000,17273,COMPLETED,2026-02-22 00:00:00,4,"Kualitas ok sesuai harga, barang berfungsi dengan baik."
ORD-20262366,TikTok Shop,SKU-KCT-002,Sunscreen Gel SPF 50 PA++++,Kecantikan,302075,22212,0,12083,COMPLETED,2026-08-02 00:00:00,5,"Sangat puas belanja di toko ini, seller ramah dan responsif."
ORD-20262367,Lazada,SKU-ELC-002,Powerbank Fast Charging 10000mAh,Elektronik,221359,14862,25000,8854,COMPLETED,2026-08-13 00:00:00,5,"Barang original 100%, mantap recommended seller!"
ORD-20262368,TikTok Shop,SKU-FSH-002,Kemeja Flanel Kotak Lengan Panjang,Fashion,322739,32877,25000,12909,COMPLETED,2026-05-07 00:00:00,3,"Biasa saja, pengiriman agak lama."
ORD-20262369,Shopee,SKU-FSH-001,Kaos Polos Cotton Combed 30s,Fashion,190165,18382,15000,7606,COMPLETED,2026-01-10 00:00:00,5,"Produk bagus banget, pengiriman cepat dan packing rapi!"
ORD-20262370,Tokopedia,SKU-FSH-002,Kemeja Flanel Kotak Lengan Panjang,Fashion,222760,17952,10000,8910,RETURNED,2026-03-16 00:00:00,1,"Pengiriman lama sekali, kemasan penyok dan barang agak lecet."
ORD-20262371,Tokopedia,SKU-ELC-001,Headset Bluetooth Wireless TWS,Elektronik,592573,25183,5000,23702,CANCELLED,2026-01-07 00:00:00,,
ORD-20262372,TikTok Shop,SKU-KSH-001,Minyak Angin Aromatheraphy 10ml,Kesehatan,301510,20363,5000,12060,RETURNED,2026-05-28 00:00:00,1,"Barang mati total saat diterima, respon garansi lambat!"
ORD-20262373,Tokopedia,SKU-KCT-002,Sunscreen Gel SPF 50 PA++++,Kecantikan,292948,18427,5000,11717,RETURNED,2026-08-16 00:00:00,2,"Pengiriman lama sekali, kemasan penyok dan barang agak lecet."
ORD-20262374,TikTok Shop,SKU-KCT-001,Serum Wajah Brightening Vitamin C,Kecantikan,611378,32974,0,24455,COMPLETED,2026-08-04 00:00:00,3,"Biasa saja, pengiriman agak lama."
ORD-20262375,Lazada,SKU-KCT-002,Sunscreen Gel SPF 50 PA++++,Kecantikan,606132,14540,25000,24245,CANCELLED,2026-05-22 00:00:00,,
ORD-20262376,Lazada,SKU-KSH-001,Minyak Angin Aromatheraphy 10ml,Kesehatan,635956,20852,10000,25438,COMPLETED,2026-01-20 00:00:00,5,"Produk bagus banget, pengiriman cepat dan packing rapi!"
ORD-20262377,TikTok Shop,SKU-FSH-002,Kemeja Flanel Kotak Lengan Panjang,Fashion,210838,23538,15000,8433,RETURNED,2026-08-29 00:00:00,2,"Pengiriman lama sekali, kemasan penyok dan barang agak lecet."
ORD-20262378,Tokopedia,SKU-KCT-001,Serum Wajah Brightening Vitamin C,Kecantikan,351653,10437,5000,14066,COMPLETED,2026-02-05 00:00:00,5,"Sangat puas belanja di toko ini, seller ramah dan responsif."
ORD-20262379,Lazada,SKU-ELC-002,Powerbank Fast Charging 10000mAh,Elektronik,459631,24537,10000,18385,COMPLETED,2026-07-09 00:00:00,5,"Produk bagus banget, pengiriman cepat dan packing rapi!"
ORD-20262380,Tokopedia,SKU-FSH-002,Kemeja Flanel Kotak Lengan Panjang,Fashion,748883,17822,5000,29955,RETURNED,2026-04-30 00:00:00,2,"Barang mati total saat diterima, respon garansi lambat!"
ORD-20262381,TikTok Shop,SKU-FSH-001,Kaos Polos Cotton Combed 30s,Fashion,345300,12634,25000,13812,RETURNED,2026-06-21 00:00:00,1,"Pengiriman lama sekali, kemasan penyok dan barang agak lecet."
ORD-20262382,Lazada,SKU-ELC-002,Powerbank Fast Charging 10000mAh,Elektronik,706889,26208,25000,28275,RETURNED,2026-08-05 00:00:00,1,"Pengiriman lama sekali, kemasan penyok dan barang agak lecet."
ORD-20262383,Shopee,SKU-KSH-001,Minyak Angin Aromatheraphy 10ml,Kesehatan,73319,29105,10000,2932,COMPLETED,2026-03-24 00:00:00,4,"Kualitas ok sesuai harga, barang berfungsi dengan baik."
ORD-20262384,TikTok Shop,SKU-KCT-002,Sunscreen Gel SPF 50 PA++++,Kecantikan,252923,21735,25000,10116,COMPLETED,2026-02-20 00:00:00,5,"Produk bagus banget, pengiriman cepat dan packing rapi!"
ORD-20262385,Shopee,SKU-FSH-002,Kemeja Flanel Kotak Lengan Panjang,Fashion,680705,33182,25000,27228,COMPLETED,2026-04-26 00:00:00,5,"Sangat puas belanja di toko ini, seller ramah dan responsif."
ORD-20262386,Shopee,SKU-KCT-001,Serum Wajah Brightening Vitamin C,Kecantikan,590306,15548,25000,23612,COMPLETED,2026-02-18 00:00:00,4,"Produk bagus banget, pengiriman cepat dan packing rapi!"
ORD-20262387,Shopee,SKU-PRM-001,Wajan Anti Lengket Granite 24cm,Perlengkapan Rumah,171181,16318,15000,6847,COMPLETED,2026-04-02 00:00:00,4,"Sangat puas belanja di toko ini, seller ramah dan responsif."
ORD-20262388,Shopee,SKU-ELC-001,Headset Bluetooth Wireless TWS,Elektronik,504429,20952,0,20177,COMPLETED,2026-08-01 00:00:00,5,"Kualitas ok sesuai harga, barang berfungsi dengan baik."
ORD-20262389,Shopee,SKU-ELC-001,Headset Bluetooth Wireless TWS,Elektronik,169643,23608,10000,6785,RETURNED,2026-03-31 00:00:00,2,"Bahan tipis tidak sesuai deskripsi produk, ajukan retur."
ORD-20262390,Lazada,SKU-KCT-001,Serum Wajah Brightening Vitamin C,Kecantikan,667333,24956,5000,26693,COMPLETED,2026-05-22 00:00:00,3,"Biasa saja, pengiriman agak lama."
ORD-20262391,TikTok Shop,SKU-KCT-002,Sunscreen Gel SPF 50 PA++++,Kecantikan,606043,34018,15000,24241,COMPLETED,2026-01-31 00:00:00,5,"Kualitas ok sesuai harga, barang berfungsi dengan baik."
ORD-20262392,Shopee,SKU-ELC-001,Headset Bluetooth Wireless TWS,Elektronik,469142,34255,5000,18765,COMPLETED,2026-04-04 00:00:00,5,"Sangat puas belanja di toko ini, seller ramah dan responsif."
ORD-20262393,TikTok Shop,SKU-ELC-002,Powerbank Fast Charging 10000mAh,Elektronik,251755,16165,0,10070,CANCELLED,2026-06-25 00:00:00,,
ORD-20262394,Shopee,SKU-KCT-001,Serum Wajah Brightening Vitamin C,Kecantikan,710751,29544,25000,28430,COMPLETED,2026-04-01 00:00:00,5,"Sangat puas belanja di toko ini, seller ramah dan responsif."
ORD-20262395,Shopee,SKU-ELC-001,Headset Bluetooth Wireless TWS,Elektronik,424573,34771,10000,16982,CANCELLED,2026-05-30 00:00:00,,
ORD-20262396,TikTok Shop,SKU-FSH-002,Kemeja Flanel Kotak Lengan Panjang,Fashion,431002,28166,5000,17240,COMPLETED,2026-04-27 00:00:00,3,"Biasa saja, pengiriman agak lama."
ORD-20262397,Tokopedia,SKU-ELC-001,Headset Bluetooth Wireless TWS,Elektronik,124635,14647,5000,4985,CANCELLED,2026-08-16 00:00:00,,
ORD-20262398,Shopee,SKU-KCT-001,Serum Wajah Brightening Vitamin C,Kecantikan,648089,24502,0,25923,COMPLETED,2026-07-13 00:00:00,5,"Produk bagus banget, pengiriman cepat dan packing rapi!"
ORD-20262399,Tokopedia,SKU-ELC-002,Powerbank Fast Charging 10000mAh,Elektronik,717382,26155,5000,28695,COMPLETED,2026-02-09 00:00:00,5,"Kualitas ok sesuai harga, barang berfungsi dengan baik."
ORD-20262400,Shopee,SKU-KSH-001,Minyak Angin Aromatheraphy 10ml,Kesehatan,529744,12378,5000,21189,COMPLETED,2026-01-04 00:00:00,3,"Biasa saja, pengiriman agak lama."
ORD-20262401,Tokopedia,SKU-KCT-002,Sunscreen Gel SPF 50 PA++++,Kecantikan,482208,20248,10000,19288,COMPLETED,2026-05-22 00:00:00,3,"Biasa saja, pengiriman agak lama."
ORD-20262402,Tokopedia,SKU-PRM-001,Wajan Anti Lengket Granite 24cm,Perlengkapan Rumah,227767,13441,5000,9110,COMPLETED,2026-01-23 00:00:00,5,"Sangat puas belanja di toko ini, seller ramah dan responsif."
ORD-20262403,Shopee,SKU-FSH-001,Kaos Polos Cotton Combed 30s,Fashion,538801,16412,5000,21552,COMPLETED,2026-05-12 00:00:00,4,"Kualitas ok sesuai harga, barang berfungsi dengan baik."
ORD-20262404,Lazada,SKU-KCT-001,Serum Wajah Brightening Vitamin C,Kecantikan,381780,24256,15000,15271,CANCELLED,2026-08-06 00:00:00,,
ORD-20262405,Lazada,SKU-FSH-001,Kaos Polos Cotton Combed 30s,Fashion,576968,28053,15000,23078,COMPLETED,2026-06-20 00:00:00,3,"Biasa saja, pengiriman agak lama."
ORD-20262406,Lazada,SKU-KCT-001,Serum Wajah Brightening Vitamin C,Kecantikan,430766,16978,5000,17230,COMPLETED,2026-07-12 00:00:00,5,"Barang original 100%, mantap recommended seller!"
ORD-20262407,TikTok Shop,SKU-KCT-001,Serum Wajah Brightening Vitamin C,Kecantikan,100325,11899,25000,4013,RETURNED,2026-04-07 00:00:00,2,"Barang mati total saat diterima, respon garansi lambat!"
ORD-20262408,Lazada,SKU-ELC-002,Powerbank Fast Charging 10000mAh,Elektronik,40470,27912,5000,1618,COMPLETED,2026-02-04 00:00:00,5,"Kualitas ok sesuai harga, barang berfungsi dengan baik."
ORD-20262409,Lazada,SKU-ELC-001,Headset Bluetooth Wireless TWS,Elektronik,458225,26292,0,18329,COMPLETED,2026-08-23 00:00:00,5,"Sangat puas belanja di toko ini, seller ramah dan responsif."
ORD-20262410,TikTok Shop,SKU-PRM-001,Wajan Anti Lengket Granite 24cm,Perlengkapan Rumah,367130,14344,5000,14685,CANCELLED,2026-05-28 00:00:00,,
ORD-20262411,Lazada,SKU-KCT-002,Sunscreen Gel SPF 50 PA++++,Kecantikan,159643,19258,25000,6385,COMPLETED,2026-07-13 00:00:00,5,"Sangat puas belanja di toko ini, seller ramah dan responsif."
ORD-20262412,Lazada,SKU-KCT-002,Sunscreen Gel SPF 50 PA++++,Kecantikan,168132,13403,25000,6725,COMPLETED,2026-08-15 00:00:00,3,"Biasa saja, pengiriman agak lama."
ORD-20262413,Shopee,SKU-FSH-001,Kaos Polos Cotton Combed 30s,Fashion,206569,18249,5000,8262,COMPLETED,2026-04-07 00:00:00,5,"Produk bagus banget, pengiriman cepat dan packing rapi!"
ORD-20262414,Lazada,SKU-KCT-002,Sunscreen Gel SPF 50 PA++++,Kecantikan,399367,16416,5000,15974,RETURNED,2026-06-01 00:00:00,2,"Pengiriman lama sekali, kemasan penyok dan barang agak lecet."
ORD-20262415,TikTok Shop,SKU-FSH-002,Kemeja Flanel Kotak Lengan Panjang,Fashion,441306,28960,25000,17652,CANCELLED,2026-01-16 00:00:00,,
ORD-20262416,Shopee,SKU-FSH-002,Kemeja Flanel Kotak Lengan Panjang,Fashion,692732,26633,25000,27709,RETURNED,2026-01-22 00:00:00,2,"Ukuran baju terlalu kecil dan jahitan tidak rapi, kecewa."
ORD-20262417,Lazada,SKU-KCT-001,Serum Wajah Brightening Vitamin C,Kecantikan,384134,15819,10000,15365,COMPLETED,2026-06-30 00:00:00,3,"Biasa saja, pengiriman agak lama."
ORD-20262418,TikTok Shop,SKU-PRM-001,Wajan Anti Lengket Granite 24cm,Perlengkapan Rumah,640551,32043,0,25622,COMPLETED,2026-05-25 00:00:00,5,"Kualitas ok sesuai harga, barang berfungsi dengan baik."
ORD-20262419,Lazada,SKU-KCT-002,Sunscreen Gel SPF 50 PA++++,Kecantikan,603423,14155,25000,24136,CANCELLED,2026-07-27 00:00:00,,
ORD-20262420,Tokopedia,SKU-ELC-001,Headset Bluetooth Wireless TWS,Elektronik,606019,24750,15000,24240,CANCELLED,2026-03-14 00:00:00,,
ORD-20262421,Lazada,SKU-ELC-002,Powerbank Fast Charging 10000mAh,Elektronik,235832,21645,15000,9433,COMPLETED,2026-08-17 00:00:00,5,"Sangat puas belanja di toko ini, seller ramah dan responsif."
ORD-20262422,Shopee,SKU-ELC-001,Headset Bluetooth Wireless TWS,Elektronik,627270,30415,0,25090,COMPLETED,2026-05-10 00:00:00,3,"Biasa saja, pengiriman agak lama."
ORD-20262423,TikTok Shop,SKU-ELC-001,Headset Bluetooth Wireless TWS,Elektronik,522114,29312,15000,20884,COMPLETED,2026-04-08 00:00:00,5,"Kualitas ok sesuai harga, barang berfungsi dengan baik."
ORD-20262424,Shopee,SKU-FSH-001,Kaos Polos Cotton Combed 30s,Fashion,652618,19517,25000,26104,COMPLETED,2026-01-14 00:00:00,3,"Biasa saja, pengiriman agak lama."
ORD-20262425,Tokopedia,SKU-FSH-002,Kemeja Flanel Kotak Lengan Panjang,Fashion,71568,24348,5000,2862,COMPLETED,2026-04-01 00:00:00,5,"Barang original 100%, mantap recommended seller!"
ORD-20262426,Tokopedia,SKU-KSH-001,Minyak Angin Aromatheraphy 10ml,Kesehatan,353105,26153,5000,14124,COMPLETED,2026-04-21 00:00:00,5,"Sangat puas belanja di toko ini, seller ramah dan responsif."
ORD-20262427,TikTok Shop,SKU-ELC-001,Headset Bluetooth Wireless TWS,Elektronik,518774,21320,5000,20750,COMPLETED,2026-04-01 00:00:00,5,"Sangat puas belanja di toko ini, seller ramah dan responsif."
ORD-20262428,TikTok Shop,SKU-ELC-001,Headset Bluetooth Wireless TWS,Elektronik,202059,14131,25000,8082,COMPLETED,2026-01-25 00:00:00,4,"Produk bagus banget, pengiriman cepat dan packing rapi!"
ORD-20262429,Tokopedia,SKU-ELC-002,Powerbank Fast Charging 10000mAh,Elektronik,165951,17004,10000,6638,CANCELLED,2026-02-11 00:00:00,,
ORD-20262430,Lazada,SKU-KCT-001,Serum Wajah Brightening Vitamin C,Kecantikan,509653,18766,5000,20386,CANCELLED,2026-01-09 00:00:00,,
ORD-20262431,Lazada,SKU-ELC-001,Headset Bluetooth Wireless TWS,Elektronik,352748,25605,15000,14109,COMPLETED,2026-04-03 00:00:00,5,"Kualitas ok sesuai harga, barang berfungsi dengan baik."
ORD-20262432,Lazada,SKU-ELC-002,Powerbank Fast Charging 10000mAh,Elektronik,255241,33431,15000,10209,RETURNED,2026-06-25 00:00:00,1,"Pengiriman lama sekali, kemasan penyok dan barang agak lecet."
ORD-20262433,Shopee,SKU-KCT-002,Sunscreen Gel SPF 50 PA++++,Kecantikan,691264,15603,25000,27650,CANCELLED,2026-05-01 00:00:00,,
ORD-20262434,Shopee,SKU-ELC-001,Headset Bluetooth Wireless TWS,Elektronik,347342,33325,15000,13893,COMPLETED,2026-07-22 00:00:00,5,"Sangat puas belanja di toko ini, seller ramah dan responsif."
ORD-20262435,Tokopedia,SKU-FSH-002,Kemeja Flanel Kotak Lengan Panjang,Fashion,487665,13767,5000,19506,COMPLETED,2026-01-26 00:00:00,5,"Barang original 100%, mantap recommended seller!"
ORD-20262436,TikTok Shop,SKU-ELC-002,Powerbank Fast Charging 10000mAh,Elektronik,493449,21826,15000,19737,COMPLETED,2026-03-03 00:00:00,4,"Kualitas ok sesuai harga, barang berfungsi dengan baik."
ORD-20262437,Tokopedia,SKU-ELC-001,Headset Bluetooth Wireless TWS,Elektronik,322505,14900,5000,12900,COMPLETED,2026-06-25 00:00:00,5,"Barang original 100%, mantap recommended seller!"
ORD-20262438,TikTok Shop,SKU-FSH-001,Kaos Polos Cotton Combed 30s,Fashion,432918,24920,5000,17316,COMPLETED,2026-05-31 00:00:00,5,"Barang original 100%, mantap recommended seller!"
ORD-20262439,Tokopedia,SKU-KSH-001,Minyak Angin Aromatheraphy 10ml,Kesehatan,382476,25271,5000,15299,RETURNED,2026-01-19 00:00:00,2,"Ukuran baju terlalu kecil dan jahitan tidak rapi, kecewa."
ORD-20262440,Shopee,SKU-KCT-001,Serum Wajah Brightening Vitamin C,Kecantikan,670124,23016,25000,26804,COMPLETED,2026-02-12 00:00:00,3,"Biasa saja, pengiriman agak lama."
ORD-20262441,Lazada,SKU-ELC-001,Headset Bluetooth Wireless TWS,Elektronik,141708,33959,10000,5668,CANCELLED,2026-04-04 00:00:00,,
ORD-20262442,TikTok Shop,SKU-PRM-001,Wajan Anti Lengket Granite 24cm,Perlengkapan Rumah,183727,13427,25000,7349,COMPLETED,2026-06-07 00:00:00,5,"Produk bagus banget, pengiriman cepat dan packing rapi!"
ORD-20262443,Tokopedia,SKU-KSH-001,Minyak Angin Aromatheraphy 10ml,Kesehatan,168548,14831,25000,6741,COMPLETED,2026-03-24 00:00:00,3,"Biasa saja, pengiriman agak lama."
ORD-20262444,Shopee,SKU-FSH-002,Kemeja Flanel Kotak Lengan Panjang,Fashion,74698,13987,0,2987,RETURNED,2026-02-11 00:00:00,2,"Pengiriman lama sekali, kemasan penyok dan barang agak lecet."
ORD-20262445,TikTok Shop,SKU-ELC-002,Powerbank Fast Charging 10000mAh,Elektronik,220081,31216,5000,8803,COMPLETED,2026-06-11 00:00:00,5,"Produk bagus banget, pengiriman cepat dan packing rapi!"
ORD-20262446,Tokopedia,SKU-KCT-001,Serum Wajah Brightening Vitamin C,Kecantikan,561769,34390,0,22470,COMPLETED,2026-04-13 00:00:00,3,"Biasa saja, pengiriman agak lama."
ORD-20262447,TikTok Shop,SKU-ELC-002,Powerbank Fast Charging 10000mAh,Elektronik,314904,10564,5000,12596,COMPLETED,2026-02-24 00:00:00,3,"Biasa saja, pengiriman agak lama."
ORD-20262448,TikTok Shop,SKU-FSH-002,Kemeja Flanel Kotak Lengan Panjang,Fashion,718063,20220,10000,28722,COMPLETED,2026-06-30 00:00:00,4,"Kualitas ok sesuai harga, barang berfungsi dengan baik."
ORD-20262449,TikTok Shop,SKU-KCT-002,Sunscreen Gel SPF 50 PA++++,Kecantikan,612947,20117,25000,24517,CANCELLED,2026-06-08 00:00:00,,
ORD-20262450,Tokopedia,SKU-ELC-001,Headset Bluetooth Wireless TWS,Elektronik,287750,16144,5000,11510,CANCELLED,2026-07-18 00:00:00,,
ORD-20262451,TikTok Shop,SKU-KSH-001,Minyak Angin Aromatheraphy 10ml,Kesehatan,412674,19671,10000,16506,RETURNED,2026-03-15 00:00:00,2,"Barang mati total saat diterima, respon garansi lambat!"
ORD-20262452,TikTok Shop,SKU-PRM-001,Wajan Anti Lengket Granite 24cm,Perlengkapan Rumah,285821,14335,0,11432,COMPLETED,2026-05-27 00:00:00,5,"Produk bagus banget, pengiriman cepat dan packing rapi!"
ORD-20262453,Shopee,SKU-PRM-001,Wajan Anti Lengket Granite 24cm,Perlengkapan Rumah,494046,33886,15000,19761,COMPLETED,2026-05-05 00:00:00,5,"Barang original 100%, mantap recommended seller!"
ORD-20262454,Tokopedia,SKU-KCT-002,Sunscreen Gel SPF 50 PA++++,Kecantikan,439306,20449,15000,17572,COMPLETED,2026-07-23 00:00:00,5,"Kualitas ok sesuai harga, barang berfungsi dengan baik."
ORD-20262455,Shopee,SKU-KCT-002,Sunscreen Gel SPF 50 PA++++,Kecantikan,193781,16309,10000,7751,COMPLETED,2026-06-11 00:00:00,5,"Produk bagus banget, pengiriman cepat dan packing rapi!"
ORD-20262456,Tokopedia,SKU-KSH-001,Minyak Angin Aromatheraphy 10ml,Kesehatan,559770,14045,0,22390,COMPLETED,2026-03-02 00:00:00,3,"Biasa saja, pengiriman agak lama."
ORD-20262457,TikTok Shop,SKU-KSH-001,Minyak Angin Aromatheraphy 10ml,Kesehatan,638058,27436,10000,25522,COMPLETED,2026-05-22 00:00:00,5,"Produk bagus banget, pengiriman cepat dan packing rapi!"
ORD-20262458,TikTok Shop,SKU-FSH-001,Kaos Polos Cotton Combed 30s,Fashion,466236,18119,15000,18649,RETURNED,2026-03-28 00:00:00,2,"Barang mati total saat diterima, respon garansi lambat!"
ORD-20262459,TikTok Shop,SKU-ELC-002,Powerbank Fast Charging 10000mAh,Elektronik,577309,10982,0,23092,COMPLETED,2026-03-29 00:00:00,5,"Sangat puas belanja di toko ini, seller ramah dan responsif."
ORD-20262460,Lazada,SKU-PRM-001,Wajan Anti Lengket Granite 24cm,Perlengkapan Rumah,523065,26010,5000,20922,COMPLETED,2026-04-24 00:00:00,5,"Sangat puas belanja di toko ini, seller ramah dan responsif."
ORD-20262461,Lazada,SKU-PRM-001,Wajan Anti Lengket Granite 24cm,Perlengkapan Rumah,486232,33988,15000,19449,COMPLETED,2026-03-09 00:00:00,3,"Biasa saja, pengiriman agak lama."
ORD-20262462,TikTok Shop,SKU-FSH-002,Kemeja Flanel Kotak Lengan Panjang,Fashion,114831,34842,10000,4593,RETURNED,2026-05-20 00:00:00,2,"Barang mati total saat diterima, respon garansi lambat!"
ORD-20262463,TikTok Shop,SKU-FSH-001,Kaos Polos Cotton Combed 30s,Fashion,652867,34310,10000,26114,COMPLETED,2026-07-17 00:00:00,5,"Barang original 100%, mantap recommended seller!"
ORD-20262464,TikTok Shop,SKU-KCT-001,Serum Wajah Brightening Vitamin C,Kecantikan,351882,14751,5000,14075,COMPLETED,2026-06-08 00:00:00,5,"Produk bagus banget, pengiriman cepat dan packing rapi!"
ORD-20262465,Tokopedia,SKU-FSH-002,Kemeja Flanel Kotak Lengan Panjang,Fashion,250629,26484,0,10025,CANCELLED,2026-01-01 00:00:00,,
ORD-20262466,Lazada,SKU-KSH-001,Minyak Angin Aromatheraphy 10ml,Kesehatan,469124,17555,5000,18764,COMPLETED,2026-07-04 00:00:00,4,"Barang original 100%, mantap recommended seller!"
ORD-20262467,Lazada,SKU-ELC-002,Powerbank Fast Charging 10000mAh,Elektronik,54442,12902,5000,2177,RETURNED,2026-06-16 00:00:00,1,"Barang mati total saat diterima, respon garansi lambat!"
ORD-20262468,Lazada,SKU-FSH-001,Kaos Polos Cotton Combed 30s,Fashion,512226,13604,10000,20489,CANCELLED,2026-01-29 00:00:00,,
ORD-20262469,Tokopedia,SKU-FSH-001,Kaos Polos Cotton Combed 30s,Fashion,430015,24527,5000,17200,RETURNED,2026-03-17 00:00:00,1,"Barang mati total saat diterima, respon garansi lambat!"
ORD-20262470,TikTok Shop,SKU-KCT-002,Sunscreen Gel SPF 50 PA++++,Kecantikan,458284,18369,15000,18331,CANCELLED,2026-07-09 00:00:00,,
ORD-20262471,Shopee,SKU-KCT-001,Serum Wajah Brightening Vitamin C,Kecantikan,418859,21018,15000,16754,RETURNED,2026-04-05 00:00:00,1,"Pengiriman lama sekali, kemasan penyok dan barang agak lecet."
ORD-20262472,Lazada,SKU-FSH-001,Kaos Polos Cotton Combed 30s,Fashion,342202,22461,0,13688,RETURNED,2026-02-01 00:00:00,2,"Ukuran baju terlalu kecil dan jahitan tidak rapi, kecewa."
ORD-20262473,Tokopedia,SKU-KSH-001,Minyak Angin Aromatheraphy 10ml,Kesehatan,138627,25793,15000,5545,CANCELLED,2026-04-08 00:00:00,,
ORD-20262474,Tokopedia,SKU-FSH-002,Kemeja Flanel Kotak Lengan Panjang,Fashion,75384,10985,5000,3015,COMPLETED,2026-09-05 00:00:00,3,"Biasa saja, pengiriman agak lama."
ORD-20262475,Shopee,SKU-KSH-001,Minyak Angin Aromatheraphy 10ml,Kesehatan,276394,34058,15000,11055,RETURNED,2026-08-08 00:00:00,1,"Bahan tipis tidak sesuai deskripsi produk, ajukan retur."
ORD-20262476,Shopee,SKU-FSH-002,Kemeja Flanel Kotak Lengan Panjang,Fashion,542399,12173,10000,21695,CANCELLED,2026-04-02 00:00:00,,
ORD-20262477,Lazada,SKU-KCT-001,Serum Wajah Brightening Vitamin C,Kecantikan,301395,10820,15000,12055,COMPLETED,2026-03-23 00:00:00,5,"Barang original 100%, mantap recommended seller!"
ORD-20262478,Tokopedia,SKU-PRM-001,Wajan Anti Lengket Granite 24cm,Perlengkapan Rumah,440745,10673,0,17629,CANCELLED,2026-04-18 00:00:00,,
ORD-20262479,TikTok Shop,SKU-PRM-001,Wajan Anti Lengket Granite 24cm,Perlengkapan Rumah,366024,28710,0,14640,COMPLETED,2026-08-01 00:00:00,3,"Biasa saja, pengiriman agak lama."
ORD-20262480,Tokopedia,SKU-ELC-002,Powerbank Fast Charging 10000mAh,Elektronik,435946,11377,10000,17437,COMPLETED,2026-07-05 00:00:00,4,"Sangat puas belanja di toko ini, seller ramah dan responsif."
ORD-20262481,Tokopedia,SKU-KSH-001,Minyak Angin Aromatheraphy 10ml,Kesehatan,742945,28103,15000,29717,COMPLETED,2026-07-20 00:00:00,3,"Biasa saja, pengiriman agak lama."
ORD-20262482,Lazada,SKU-KCT-001,Serum Wajah Brightening Vitamin C,Kecantikan,503041,26370,10000,20121,COMPLETED,2026-08-07 00:00:00,5,"Kualitas ok sesuai harga, barang berfungsi dengan baik."
ORD-20262483,TikTok Shop,SKU-KCT-001,Serum Wajah Brightening Vitamin C,Kecantikan,308013,10046,25000,12320,CANCELLED,2026-07-07 00:00:00,,
ORD-20262484,TikTok Shop,SKU-ELC-001,Headset Bluetooth Wireless TWS,Elektronik,87537,28839,5000,3501,COMPLETED,2026-03-29 00:00:00,5,"Produk bagus banget, pengiriman cepat dan packing rapi!"
ORD-20262485,Shopee,SKU-FSH-001,Kaos Polos Cotton Combed 30s,Fashion,239143,22667,10000,9565,RETURNED,2026-04-15 00:00:00,2,"Pengiriman lama sekali, kemasan penyok dan barang agak lecet."
ORD-20262486,Shopee,SKU-KSH-001,Minyak Angin Aromatheraphy 10ml,Kesehatan,283958,18117,5000,11358,COMPLETED,2026-04-27 00:00:00,5,"Sangat puas belanja di toko ini, seller ramah dan responsif."
ORD-20262487,Lazada,SKU-FSH-002,Kemeja Flanel Kotak Lengan Panjang,Fashion,373924,33513,25000,14956,COMPLETED,2026-06-02 00:00:00,5,"Produk bagus banget, pengiriman cepat dan packing rapi!"
ORD-20262488,Shopee,SKU-ELC-001,Headset Bluetooth Wireless TWS,Elektronik,590313,16875,15000,23612,CANCELLED,2026-05-14 00:00:00,,
ORD-20262489,TikTok Shop,SKU-FSH-002,Kemeja Flanel Kotak Lengan Panjang,Fashion,592618,19767,25000,23704,CANCELLED,2026-05-22 00:00:00,,
ORD-20262490,TikTok Shop,SKU-FSH-001,Kaos Polos Cotton Combed 30s,Fashion,606118,30290,10000,24244,RETURNED,2026-04-19 00:00:00,1,"Ukuran baju terlalu kecil dan jahitan tidak rapi, kecewa."
ORD-20262491,Tokopedia,SKU-ELC-002,Powerbank Fast Charging 10000mAh,Elektronik,507922,20937,10000,20316,COMPLETED,2026-07-02 00:00:00,5,"Sangat puas belanja di toko ini, seller ramah dan responsif."
ORD-20262492,Lazada,SKU-ELC-001,Headset Bluetooth Wireless TWS,Elektronik,639311,18812,5000,25572,COMPLETED,2026-03-15 00:00:00,3,"Biasa saja, pengiriman agak lama."
ORD-20262493,Shopee,SKU-KCT-001,Serum Wajah Brightening Vitamin C,Kecantikan,459388,21685,5000,18375,COMPLETED,2026-05-19 00:00:00,5,"Sangat puas belanja di toko ini, seller ramah dan responsif."
ORD-20262494,Lazada,SKU-KCT-001,Serum Wajah Brightening Vitamin C,Kecantikan,103764,23158,10000,4150,RETURNED,2026-06-06 00:00:00,1,"Pengiriman lama sekali, kemasan penyok dan barang agak lecet."
ORD-20262495,Tokopedia,SKU-FSH-002,Kemeja Flanel Kotak Lengan Panjang,Fashion,463526,11415,10000,18541,CANCELLED,2026-02-22 00:00:00,,
ORD-20262496,Lazada,SKU-KSH-001,Minyak Angin Aromatheraphy 10ml,Kesehatan,644508,32458,15000,25780,CANCELLED,2026-02-07 00:00:00,,
ORD-20262497,Shopee,SKU-KCT-001,Serum Wajah Brightening Vitamin C,Kecantikan,603539,10711,5000,24141,COMPLETED,2026-02-27 00:00:00,5,"Sangat puas belanja di toko ini, seller ramah dan responsif."
ORD-20262498,Shopee,SKU-KSH-001,Minyak Angin Aromatheraphy 10ml,Kesehatan,533112,24587,15000,21324,CANCELLED,2026-08-20 00:00:00,,
ORD-20262499,Tokopedia,SKU-ELC-002,Powerbank Fast Charging 10000mAh,Elektronik,426477,30500,15000,17059,CANCELLED,2026-07-29 00:00:00,,
ORD-20262500,Lazada,SKU-ELC-001,Headset Bluetooth Wireless TWS,Elektronik,36049,30046,0,1441,COMPLETED,2026-03-01 00:00:00,4,"Kualitas ok sesuai harga, barang berfungsi dengan baik."
